label_id,label,named_groups,protected_trait_categories
3,men,Men,Gender
4,Icelanders,Icelanders,Nationality
7,people in the USA,North America (nationalities),Nationality
13,foreign prisoners,"Foreigners, asylum seekers, refugees (general)",Nationality
17,úlpukonur,Women,Gender
18,older women,Women,Gender
19,women over 40,Women,Gender
20,women,Women,Gender
22,people with body image issues,Mental illnesses/disorders,Disability
27,addicts,Addiction disorders,Disability
38,people with tuberculosis,Physical disabilities and general disability terms,Disability
40,immigrants,"Foreigners, asylum seekers, refugees (general)",Nationality
41,foreigners,"Foreigners, asylum seekers, refugees (general)",Nationality
42,foreign nationals,"Foreigners, asylum seekers, refugees (general)",Nationality
60,Americans,North America (nationalities),Nationality
63,feminists,Women,Gender
66,öfgamenn,Religious people (general terms),Religion
67,children with religious upbringing,Religious people (general terms),Religion
69,indigenous Icelanders,"Foreigners, asylum seekers, refugees (general)",Nationality
70,people with different religious beliefs,Religious people (general terms),Religion
74,drug users,Addiction disorders,Disability
80,foreign workers,"Foreigners, asylum seekers, refugees (general)",Nationality
85,migrants,"Foreigners, asylum seekers, refugees (general)",Nationality
86,people from Eastern Europe,Eastern Europe (nationalities),Nationality
91,homosexuals,Homosexuality,LGBTQIA+
92,believers,Religious people (general terms),Religion
95,stay-at-home mothers,Women,Gender
96,single mothers,Women,Gender
98,people with disabilities,Physical disabilities and general disability terms,Disability
103,Muslims,Islam,Religion
105,religions,Religious people (general terms),Religion
107,religious groups,Religious people (general terms),Religion
111,Íslendingar,Icelanders,Nationality
112,people who drink excessively,Addiction disorders,Disability
113,negrastrákana,Black/African (ethnicities),Ethnicity
114,people of color,Multiethnic/General (ethnicities),Ethnicity
115,Black people,Black/African (ethnicities),Ethnicity
116,Afro-Americans,Black/African (ethnicities),Ethnicity
118,black individuals,Black/African (ethnicities),Ethnicity
119,white individuals,White/European (ethnicities),Ethnicity
120,other ethnicities,Multiethnic/General (ethnicities),Ethnicity
121,individuals based on race,Multiethnic/General (ethnicities),Ethnicity
122,Vietnamese,East Asia (nationalities),Nationality
126,people with cancer,Physical disabilities and general disability terms,Disability
127,Iraqi people,Middle East (nationalities),Nationality
135,LGBTQ community,Queer (general/other),LGBTQIA+
137,people with alcoholism,Addiction disorders,Disability
158,alcoholics,Addiction disorders,Disability
200,Swedes,Nordic countries (nationalities),Nationality
201,Norwegians,Nordic countries (nationalities),Nationality
208,íslenskir hrokagikkir,Icelanders,Nationality
209,south Icelanders,Icelanders,Nationality
251,Argentinians,South America (nationalities),Nationality
289,religious leaders,Religious people (general terms),Religion
290,Christianity,Christianity,Religion
293,gray-haired men,Men,Gender
295,religious individuals,Religious people (general terms),Religion
297,developed countries,"Foreigners, asylum seekers, refugees (general)",Nationality
299,patients,Physical disabilities and general disability terms,Disability
302,ill-educated foreigners,"Foreigners, asylum seekers, refugees (general)",Nationality
312,people with addiction issues,Addiction disorders,Disability
316,disabled,Physical disabilities and general disability terms,Disability
320,Christians,Christianity,Religion
321,religious people,Religious people (general terms),Religion
322,extreme atheists,Atheism,Religion
323,clergy,Christianity,Religion
325,theists,Religious people (general terms),Religion
326,people with mental health issues,Mental illnesses/disorders,Disability
327,professional biblical scholars,Religious people (general terms),Religion
337,people of the church,Christianity,Religion
342,parents of sick children,Physical disabilities and general disability terms,Disability
354,LGBTQ+ community,Queer (general/other),LGBTQIA+
359,Jews,Judaism,Religion
362,Israel,Middle East (nationalities),Nationality
368,Jewish people,Judaism,Religion
370,Israelis,Middle East (nationalities),Nationality
373,Arabs,Middle Eastern/Arab (ethnicities),Ethnicity
375,Israelis and Palestinians,Middle East (nationalities),Nationality
400,North Korea,East Asia (nationalities),Nationality
410,British,Western Europe (nationalities),Nationality
414,Iranians,Middle East (nationalities),Nationality
415,gyðingar,Judaism,Religion
416,múslímar,Islam,Religion
430,foreign tourists,"Foreigners, asylum seekers, refugees (general)",Nationality
435,Catholics,Christianity,Religion
437,religious institutions,Religious people (general terms),Religion
441,religious figures,Religious people (general terms),Religion
446,faith,Religious people (general terms),Religion
450,church authority figures,Christianity,Religion
452,church leaders,Christianity,Religion
453,followers of Jesus Christ,Christianity,Religion
454,Gnostics,Religious people (general terms),Religion
458,critics of Christianity,Christianity,Religion
459,religious believers,Religious people (general terms),Religion
461,Mormons,Christianity,Religion
466,believers in Christianity,Christianity,Religion
471,those who believe in biblical accounts,Christianity,Religion
476,Trúleysingjar,Atheism,Religion
479,Icelandic people,Icelanders,Nationality
482,Danish people,Nordic countries (nationalities),Nationality
489,preachers,Christianity,Religion
491,people who believe in faith-based practices,Religious people (general terms),Religion
501,the religious,Religious people (general terms),Religion
503,theistic believers,Religious people (general terms),Religion
510,religious beliefs,Religious people (general terms),Religion
512,trúleysingjar,Atheism,Religion
519,people with strong faith,Religious people (general terms),Religion
521,people with faith,Religious people (general terms),Religion
539,the church,Christianity,Religion
540,kellingar (women),Women,Gender
546,small island nations,"Foreigners, asylum seekers, refugees (general)",Nationality
548,fámenn eyríki,"Foreigners, asylum seekers, refugees (general)",Nationality
550,former colonies,"Foreigners, asylum seekers, refugees (general)",Nationality
558,Abrahamic religions,Religious people (general terms),Religion
561,people who believe in religion,Religious people (general terms),Religion
573,strong Christians,Christianity,Religion
574,Christian priests,Christianity,Religion
587,Catholic Church,Christianity,Religion
589,kaþólska kirkjan,Christianity,Religion
591,believers in Jesus,Christianity,Religion
592,Christian believers,Christianity,Religion
601,christians,Christianity,Religion
618,people questioning religious beliefs,Religious people (general terms),Religion
632,heilagsandahoppur,Christianity,Religion
636,Israelites,Middle East (nationalities),Nationality
638,Israeli people,Middle East (nationalities),Nationality
639,black people,Black/African (ethnicities),Ethnicity
644,Italians,Southern Europe (nationalities),Nationality
647,Germans,Western Europe (nationalities),Nationality
648,Buddhists,Non-Abrahamic religions,Religion
650,Atheists,Atheism,Religion
661,religious minorities,Religious people (general terms),Religion
677,Grikkland,Southern Europe (nationalities),Nationality
685,Kína,East Asia (nationalities),Nationality
704,LGBT community,Queer (general/other),LGBTQIA+
718,people with strong religious beliefs,Religious people (general terms),Religion
720,fundamentalists,Religious people (general terms),Religion
767,Christian leaders,Christianity,Religion
790,Icelandic society,Icelanders,Nationality
817,the British,Western Europe (nationalities),Nationality
835,people with mental illness,Mental illnesses/disorders,Disability
842,people who struggle with mental illness,Mental illnesses/disorders,Disability
868,people in Iceland,"Foreigners, asylum seekers, refugees (general)",Nationality
880,followers of Dalai Lama,Non-Abrahamic religions,Religion
883,young exiled Tibetans,South and Central Asia (nationalities),Nationality
884,Tibetans,South and Central Asia (nationalities),Nationality
894,Kínverjar,East Asia (nationalities),Nationality
899,people with religious beliefs,Religious people (general terms),Religion
901,those who hold religious beliefs,Religious people (general terms),Religion
902,secular individuals,Atheism,Religion
916,people who believe in God,Religious people (general terms),Religion
920,people with mental illnesses,Mental illnesses/disorders,Disability
921,people of faith,Religious people (general terms),Religion
936,religious communities,Religious people (general terms),Religion
946,monotheists,Religious people (general terms),Religion
947,religion,Religious people (general terms),Religion
958,followers of the Bible,Christianity,Religion
968,Hollendingar,Western Europe (nationalities),Nationality
969,samkynhneigðir,Homosexuality,LGBTQIA+
1034,members of the national church,Christianity,Religion
1035,kirkjan,Christianity,Religion
1048,other religious groups,Religious people (general terms),Religion
1050,Zoroastrians,Non-Abrahamic religions,Religion
1055,Christian fundamentalists,Christianity,Religion
1057,those who follow Biblical orders,Christianity,Religion
1059,lesbians,Homosexuality,LGBTQIA+
1067,members of the LGBTQ+ community,Queer (general/other),LGBTQIA+
1075,atheists,Atheism,Religion
1104,same-sex attracted individuals,Homosexuality,LGBTQIA+
1110,state church members,Christianity,Religion
1124,Kristnir menn,Christianity,Religion
1167,Kristnir,Christianity,Religion
1184,creationists,Christianity,Religion
1185,members of the church,Christianity,Religion
1350,trúleysingar,Atheism,Religion
1359,religious organizations,Religious people (general terms),Religion
1360,religious parents,Religious people (general terms),Religion
1361,Adventists,Christianity,Religion
1369,Gyðingar,Judaism,Religion
1370,múslimar,Islam,Religion
1378,blökkufólk,Black/African (ethnicities),Ethnicity
1381,white people,White/European (ethnicities),Ethnicity
1382,people of different races,Multiethnic/General (ethnicities),Ethnicity
1394,muslims,Islam,Religion
1396,children of religious parents,Religious people (general terms),Religion
1411,Confucianists,Non-Abrahamic religions,Religion
1426,samkynhneigð,Homosexuality,LGBTQIA+
1455,believers in different interpretations of religion,Religious people (general terms),Religion
1479,Egyptians,Middle East (nationalities),Nationality
1524,trúlaus,Atheism,Religion
1603,Hindus,Non-Abrahamic religions,Religion
1622,people with differing religious views,Religious people (general terms),Religion
1645,Israelsmenn,Middle East (nationalities),Nationality
1689,islam,Islam,Religion
1742,individuals with differing religious interpretations,Religious people (general terms),Religion
1858,heathens,Non-Abrahamic religions,Religion
1863,Kurds,Middle Eastern/Arab (ethnicities),Ethnicity
1925,eldri menn,Men,Gender
2159,Irish,Western Europe (nationalities),Nationality
2224,people experiencing depression,Mental illnesses/disorders,Disability
2263,eldri konur,Women,Gender
2269,Færeyingum,Nordic countries (nationalities),Nationality
2271,Englendingum,Western Europe (nationalities),Nationality
2285,disabled individuals,Physical disabilities and general disability terms,Disability
2297,Þjóðverjar,Western Europe (nationalities),Nationality
2311,Spaniards,Southern Europe (nationalities),Nationality
2312,Greeks,Southern Europe (nationalities),Nationality
2313,Portuguese,Southern Europe (nationalities),Nationality
2319,Islendingar,Icelanders,Nationality
2324,American Jews,Judaism,Religion
2329,Egypt,Middle East (nationalities),Nationality
2337,same-sex couples,Homosexuality,LGBTQIA+
2338,people in same-sex relationships,Homosexuality,LGBTQIA+
2413,Russians,Eastern Europe (nationalities),Nationality
2414,Georgians,Middle East (nationalities),Nationality
2424,menn,Men,Gender
2429,Pólarar,Eastern Europe (nationalities),Nationality
2448,Islam,Islam,Religion
2468,other religions,Non-Abrahamic religions,Religion
2472,hairy women,Women,Gender
2475,Russia,Eastern Europe (nationalities),Nationality
2476,Danes,Nordic countries (nationalities),Nationality
2477,Faroe Islanders,Nordic countries (nationalities),Nationality
2484,native Icelanders,Icelanders,Nationality
2493,Saudi Arabia,Middle East (nationalities),Nationality
2500,trans individuals,Transgender identities,LGBTQIA+
2501,transgender people,Transgender identities,LGBTQIA+
2505,transgender individuals,Transgender identities,LGBTQIA+
2506,gender identity,Transgender identities,LGBTQIA+
2515,people with gender dysphoria,Transgender identities,LGBTQIA+
2521,Rússar,Eastern Europe (nationalities),Nationality
2544,people with different sexual orientations,Queer (general/other),LGBTQIA+
2551,útlendingar,"Foreigners, asylum seekers, refugees (general)",Nationality
2554,people with ADHD,Intellectual/Developmental disabilities,Disability
2555,transgender community,Transgender identities,LGBTQIA+
2559,young men,Men,Gender
2561,Iran,Middle East (nationalities),Nationality
2585,Afghans,Middle East (nationalities),Nationality
2596,South Africans,Africa (nationalities),Nationality
2617,polish gangs,Eastern Europe (nationalities),Nationality
2625,individuals with genetic disorders,Physical disabilities and general disability terms,Disability
2639,East Germans,Western Europe (nationalities),Nationality
2715,Israel.,Middle East (nationalities),Nationality
2721,Afghan inhabitants,Middle East (nationalities),Nationality
2732,LGBTIQ+,Queer (general/other),LGBTQIA+
2754,people in USA,North America (nationalities),Nationality
2776,múslimun,Islam,Religion
2777,Poles,Eastern Europe (nationalities),Nationality
2790,Pólverjar,Eastern Europe (nationalities),Nationality
2807,Serbians,Eastern Europe (nationalities),Nationality
2823,Serbs,Eastern Europe (nationalities),Nationality
2828,Chinese,East Asia (nationalities),Nationality
2840,certain religious groups,Religious people (general terms),Religion
2861,Belgians,Western Europe (nationalities),Nationality
2868,Afghan tribes,Middle East (nationalities),Nationality
2914,Icelandic citizens,Icelanders,Nationality
2926,people who identify as LGBTQ+,Queer (general/other),LGBTQIA+
2953,Palesrínu-Araba,Middle Eastern/Arab (ethnicities),Ethnicity
3009,Israeli citizens,Middle East (nationalities),Nationality
3016,Israeli civilians,Middle East (nationalities),Nationality
3019,Arabar,Middle Eastern/Arab (ethnicities),Ethnicity
3042,LGBTQ+,Queer (general/other),LGBTQIA+
3043,Western women,Women,Gender
3144,flóttamenn,"Foreigners, asylum seekers, refugees (general)",Nationality
3500,Israeli,Middle East (nationalities),Nationality
3531,konur,Women,Gender
3532,karlmenn,Men,Gender
3602,alkohólistar (alcoholics),Addiction disorders,Disability
3698,middle-aged men,Men,Gender
3789,Palestínu,Middle East (nationalities),Nationality
3851,Frakkar,Western Europe (nationalities),Nationality
3883,female politicians,Women,Gender
3994,öfgahægrikarlar,Men,Gender
3996,íslendingar,Icelanders,Nationality
4002,the LGBTQ+ community,Queer (general/other),LGBTQIA+
4069,Palestínumenn,Middle East (nationalities),Nationality
4070,LGBTQ+ individuals,Queer (general/other),LGBTQIA+
4183,Zionist Jews,Judaism,Religion
4184,general Jews,Judaism,Religion
4187,the USA,North America (nationalities),Nationality
4196,Israeli People,Middle East (nationalities),Nationality
4365,Samkynhneigðir,Homosexuality,LGBTQIA+
4674,young women in leadership,Women,Gender
4796,karlar,Men,Gender
5213,Israelians,Middle East (nationalities),Nationality
5254,those in addiction,Addiction disorders,Disability
5260,general Icelanders,Icelanders,Nationality
5308,Icelander,Icelanders,Nationality
5417,people with Mongolian ancestry,East Asia (nationalities),Nationality
5461,Greek people,Southern Europe (nationalities),Nationality
5476,LGBT individuals,Queer (general/other),LGBTQIA+
5628,Britain,Western Europe (nationalities),Nationality
5695,people from the UK and the Netherlands,Western Europe (nationalities),Nationality
5736,Scots,Western Europe (nationalities),Nationality
5737,English,Western Europe (nationalities),Nationality
5738,Dutch,Western Europe (nationalities),Nationality
5766,tævönungar,East Asia (nationalities),Nationality
5836,young women,Women,Gender
5845,mentally ill individuals,Mental illnesses/disorders,Disability
5852,Norðmenn,Nordic countries (nationalities),Nationality
5922,Jemen,Middle East (nationalities),Nationality
5999,Canadians,North America (nationalities),Nationality
6066,Austrian people,Western Europe (nationalities),Nationality
6082,foreign criminals,"Foreigners, asylum seekers, refugees (general)",Nationality
6106,parents of children with disabilities,Physical disabilities and general disability terms,Disability
6177,individuals with mental health issues,Mental illnesses/disorders,Disability
6185,people from El Salvador,North America (nationalities),Nationality
6204,Kínverjarnir,East Asia (nationalities),Nationality
6205,young Icelanders,Icelanders,Nationality
6209,overweight women,Women,Gender
6246,those with religious beliefs,Religious people (general terms),Religion
6270,children with disabilities,Physical disabilities and general disability terms,Disability
6319,disabled persons,Physical disabilities and general disability terms,Disability
6381,majority of Icelanders,Icelanders,Nationality
6408,Grikkir,Southern Europe (nationalities),Nationality
6417,poor drug users,Addiction disorders,Disability
6418,rich drug users,Addiction disorders,Disability
6419,drug addicts,Addiction disorders,Disability
6432,people with antisocial personality disorder,Mental illnesses/disorders,Disability
6451,romanians,Eastern Europe (nationalities),Nationality
6452,bulgarians,Eastern Europe (nationalities),Nationality
6471,the religious or spiritual community,Religious people (general terms),Religion
6512,Religious leaders,Religious people (general terms),Religion
6624,Danmörk,Nordic countries (nationalities),Nationality
6686,hollendinga,Western Europe (nationalities),Nationality
6698,Menn,Men,Gender
6726,disabled people,Physical disabilities and general disability terms,Disability
6765,Chinese people,East Asia (nationalities),Nationality
6854,powerful men,Men,Gender
6884,bandaríkjamenn,North America (nationalities),Nationality
6902,English people,Western Europe (nationalities),Nationality
6904,English citizens,Western Europe (nationalities),Nationality
6926,asians,Asians (ethnicities),Ethnicity
6927,British thugs,Western Europe (nationalities),Nationality
6928,illegal immigrants,"Foreigners, asylum seekers, refugees (general)",Nationality
6930,Australians,Oceania (nationalities),Nationality
6951,British citizens,Western Europe (nationalities),Nationality
6963,people believing in religious prophecies,Religious people (general terms),Religion
6971,Bandaríkjamenn,North America (nationalities),Nationality
7035,Danir,Nordic countries (nationalities),Nationality
7046,workers in Nordic countries,Nordic countries (nationalities),Nationality
7050,Danish workers,Nordic countries (nationalities),Nationality
7101,Bangladesh,South and Central Asia (nationalities),Nationality
7203,Eastern Europeans,Eastern Europe (nationalities),Nationality
7209,Indverska menning,South and Central Asia (nationalities),Nationality
7261,Religion,Religious people (general terms),Religion
7327,people of Japan,East Asia (nationalities),Nationality
7346,British and Dutch,Western Europe (nationalities),Nationality
7364,people who follow Abrahamic religions,Religious people (general terms),Religion
7365,women in conservative societies,Women,Gender
7410,Islamskir fræðimenn,Islam,Religion
7460,Japanese people,East Asia (nationalities),Nationality
7508,individuals seeking gender reassignment,Transgender identities,LGBTQIA+
7515,arabs,Middle Eastern/Arab (ethnicities),Ethnicity
7519,Women,Women,Gender
7566,smástelpur,Women,Gender
7628,intellectually disabled,Intellectual/Developmental disabilities,Disability
7757,third world countries,Multiethnic/General (ethnicities),Ethnicity
7766,Bangladeshis,South and Central Asia (nationalities),Nationality
7767,Muslim communities,Islam,Religion
7787,Saudi Arabians,Middle East (nationalities),Nationality
7817,the Icelandic nation,Icelanders,Nationality
7823,Haitians,North America (nationalities),Nationality
7850,French and German people,Western Europe (nationalities),Nationality
7852,Scandinavians,Nordic countries (nationalities),Nationality
7872,North Koreans,East Asia (nationalities),Nationality
7935,Albanians,Eastern Europe (nationalities),Nationality
7964,Svíar,Nordic countries (nationalities),Nationality
7998,Indigenous peoples,Indigenous peoples (ethnicities),Ethnicity
8013,Islamists,Islam,Religion
8052,individuals with bipolar disorder,Mental illnesses/disorders,Disability
8088,sígaunar,White/European (ethnicities),Ethnicity
8155,Pakistani people,South and Central Asia (nationalities),Nationality
8226,lesbian women,Homosexuality; Women,Gender; LGBTQIA+
8230,same-sex relationships,Homosexuality,LGBTQIA+
8235,Russian alcoholics,Addiction disorders; Eastern Europe (nationalities),Disability; Nationality
8265,proponents of various religious texts,Religious people (general terms),Religion
8328,those who identify as LGBTQ+,Queer (general/other),LGBTQIA+
8330,bisexuals,Bisexuality,LGBTQIA+
8366,females,Women,Gender
8377,young women in prostitution,Women,Gender
8379,Israelis & Palestinians,Middle East (nationalities),Nationality
8477,French,Western Europe (nationalities),Nationality
8659,German women,Western Europe (nationalities); Women,Gender; Nationality
8783,Swiss,Western Europe (nationalities),Nationality
8797,Asians,Asians (ethnicities),Ethnicity
8801,Persians,Middle Eastern/Arab (ethnicities),Ethnicity
8876,Chinese investors,East Asia (nationalities),Nationality
8945,Christian community,Christianity,Religion
9021,Arab people,Middle Eastern/Arab (ethnicities),Ethnicity
9044,older Icelanders,Icelanders,Nationality
9083,gay men,Homosexuality; Men,Gender; LGBTQIA+
9084,religious fundamentalists,Religious people (general terms),Religion
9085,gay individuals,Homosexuality,LGBTQIA+
9086,evangelical Christians,Christianity,Religion
9141,Mexican population,North America (nationalities),Nationality
9143,Kúbverjar,North America (nationalities),Nationality
9145,Mexícó,North America (nationalities),Nationality
9160,Serbar,Eastern Europe (nationalities),Nationality
9162,Syrians,Middle East (nationalities),Nationality
9166,residents of Switzerland,Western Europe (nationalities),Nationality
9232,people in North Korea,East Asia (nationalities),Nationality
9276,Blacks,Black/African (ethnicities),Ethnicity
9316,Nordic people,Nordic countries (nationalities),Nationality
9340,Slavs,White/European (ethnicities),Ethnicity
9345,Chinese businessmen,East Asia (nationalities),Nationality
9388,people of East Asian descent,Asians (ethnicities),Ethnicity
9405,people who engage in illegal drug trade,Addiction disorders,Disability
9872,jeppamenn,Men,Gender
9937,Middle Eastern countries,Middle Eastern/Arab (ethnicities),Ethnicity
9940,Kúrdar,Middle Eastern/Arab (ethnicities),Ethnicity
9956,Ashkenazi Jews,Judaism,Religion
9980,Mexican people,North America (nationalities),Nationality
10006,foreign crime gangs,"Foreigners, asylum seekers, refugees (general)",Nationality
10018,rural Icelanders,Icelanders,Nationality
10098,poor Icelanders,Icelanders,Nationality
10155,Færeyingar,Nordic countries (nationalities),Nationality
10170,red-haired women,Women,Gender
10184,Indians,South and Central Asia (nationalities),Nationality
10219,Chinese culture,East Asia (nationalities),Nationality
10222,kínverskur,East Asia (nationalities),Nationality
10223,people from China,East Asia (nationalities),Nationality
10225,Nordic countries,Nordic countries (nationalities),Nationality
10232,Chinese individuals,East Asia (nationalities),Nationality
10252,kínverjar,East Asia (nationalities),Nationality
10332,white men,Men; White/European (ethnicities),Ethnicity; Gender
10334,indigenous people,Indigenous peoples (ethnicities),Ethnicity
10335,whites,White/European (ethnicities),Ethnicity
10338,svertingjar,Black/African (ethnicities),Ethnicity
10350,Filipinos,East Asia (nationalities),Nationality
10399,Nýsjálendingar,Oceania (nationalities),Nationality
10427,hvíta kynstofninn,White/European (ethnicities),Ethnicity
10472,people who practice religion,Religious people (general terms),Religion
10501,Celtic women,Women,Gender
10550,white Australians,White/European (ethnicities),Ethnicity
10554,New Zealanders,Oceania (nationalities),Nationality
10558,Indigenous Peoples,Indigenous peoples (ethnicities),Ethnicity
10617,illegal drug users,Addiction disorders,Disability
10625,those engaged in drug-related activities,Addiction disorders,Disability
10671,acting Israelis,Middle East (nationalities),Nationality
10676,israelis,Middle East (nationalities),Nationality
10679,Islamic extremists,Islam,Religion
10681,Muslim groups,Islam,Religion
10737,middle-aged single men,Men,Gender
10738,foreign women,"Foreigners, asylum seekers, refugees (general); Women",Gender; Nationality
10739,Pakistanis,South and Central Asia (nationalities),Nationality
10743,Greenlanders,Nordic countries (nationalities),Nationality
10744,Inuit,Indigenous peoples (ethnicities),Ethnicity
10792,Múhameðska villimenn,Islam,Religion
10814,Sýrlendingar,Middle East (nationalities),Nationality
10822,Múhameðstrúarmenn,Islam,Religion
10823,kristnir,Christianity,Religion
10906,British people,Western Europe (nationalities),Nationality
10936,young people with ADHD,Intellectual/Developmental disabilities,Disability
11006,Framsóknarkonur,Women,Gender
11015,people with addictions,Addiction disorders,Disability
11017,alkóhólistar,Addiction disorders,Disability
11027,elderly and disabled people,Physical disabilities and general disability terms,Disability
11086,people from Italy,Southern Europe (nationalities),Nationality
11087,people from Switzerland,Western Europe (nationalities),Nationality
11113,Middle Eastern people,Middle Eastern/Arab (ethnicities),Ethnicity
11157,nigerians,Africa (nationalities),Nationality
11199,Russian-speaking separatists,Eastern Europe (nationalities),Nationality
11281,Jewish,Judaism,Religion
11325,jews,Judaism,Religion
11407,Roma,White/European (ethnicities),Ethnicity
11413,people from Nigeria,Africa (nationalities),Nationality
11427,old men,Men,Gender
11511,Króatar,Eastern Europe (nationalities),Nationality
11512,Croatians,Eastern Europe (nationalities),Nationality
11540,Austurríkismenn,Western Europe (nationalities),Nationality
11555,Portúgalar,Southern Europe (nationalities),Nationality
11585,"certain nations (Portugal, Spain, etc.)",Southern Europe (nationalities),Nationality
11704,women in politics,Women,Gender
11757,Færeyjingar,Nordic countries (nationalities),Nationality
11759,Ukrainians,Eastern Europe (nationalities),Nationality
11828,Roma people,White/European (ethnicities),Ethnicity
11837,Eastern Germany,Western Europe (nationalities),Nationality
11842,Rómafólk,White/European (ethnicities),Ethnicity
11845,Róma fólk,White/European (ethnicities),Ethnicity
11864,Bulgarian people,Eastern Europe (nationalities),Nationality
11881,Jewish religion,Judaism,Religion
11898,Romani people,Eastern Europe (nationalities),Nationality
11955,Whites,White/European (ethnicities),Ethnicity
11964,North Americans,North America (nationalities),Nationality
12019,China,East Asia (nationalities),Nationality
12027,people in addiction,Addiction disorders,Disability
12234,those involved in drug issues,Addiction disorders,Disability
12319,people who attempt suicide or struggle with mental health,Mental illnesses/disorders,Disability
12320,mental health individuals,Mental illnesses/disorders,Disability
12321,Indian people,South and Central Asia (nationalities),Nationality
12322,people considering suicide,Mental illnesses/disorders,Disability
12323,Asian individuals,Asians (ethnicities),Ethnicity
12329,norskir,Nordic countries (nationalities),Nationality
12333,Norway,Nordic countries (nationalities),Nationality
12382,children with mental illness,Mental illnesses/disorders,Disability
12487,Indian individuals,South and Central Asia (nationalities),Nationality
12724,Chinese population,East Asia (nationalities),Nationality
12736,Mongólar,East Asia (nationalities),Nationality
12839,Grænlendingar,Nordic countries (nationalities),Nationality
12849,foreign immigrants,"Foreigners, asylum seekers, refugees (general)",Nationality
12850,families from Thailand,East Asia (nationalities),Nationality
12906,Finnish farmers,Nordic countries (nationalities),Nationality
13035,Finnish dairy producers,Nordic countries (nationalities),Nationality
13084,LGBT people,Queer (general/other),LGBTQIA+
13091,Russian people,Eastern Europe (nationalities),Nationality
13130,women in Islam,Islam; Women,Gender; Religion
13164,Finnish companies,Nordic countries (nationalities),Nationality
13248,Austrian Jews,Judaism,Religion
13290,gays,Homosexuality,LGBTQIA+
13359,South Icelanders,Icelanders,Nationality
13407,foreign fishermen,"Foreigners, asylum seekers, refugees (general)",Nationality
13410,foreign stakeholders,"Foreigners, asylum seekers, refugees (general)",Nationality
13425,French fishermen,Western Europe (nationalities),Nationality
13426,British fishermen,Western Europe (nationalities),Nationality
13446,Finnish people,Nordic countries (nationalities),Nationality
13449,Swedish farmers,Nordic countries (nationalities),Nationality
13476,West Germans,Western Europe (nationalities),Nationality
13510,mentally ill,Mental illnesses/disorders,Disability
13662,Ethiopians,Africa (nationalities),Nationality
13804,foreign citizens,"Foreigners, asylum seekers, refugees (general)",Nationality
14022,Muslim Brotherhood,Islam,Religion
14036,indigenous peoples,Indigenous peoples (ethnicities),Ethnicity
14038,Native Americans,Indigenous peoples (ethnicities); North America (nationalities),Ethnicity; Nationality
14119,Honduras,North America (nationalities),Nationality
14120,El Salvador,North America (nationalities),Nationality
14121,Ivory Coast,Africa (nationalities),Nationality
14122,Switzerland,Western Europe (nationalities),Nationality
14123,Yemen,Middle East (nationalities),Nationality
14212,African Americans,Black/African (ethnicities),Ethnicity
14276,foreign nations,"Foreigners, asylum seekers, refugees (general)",Nationality
14323,Sweden,Nordic countries (nationalities),Nationality
14375,workers in Scotland and England,Western Europe (nationalities),Nationality
14377,Scottish,Western Europe (nationalities),Nationality
14484,people with Danish heritage,Nordic countries (nationalities),Nationality
14581,Chinese workers,East Asia (nationalities),Nationality
14677,French women,Western Europe (nationalities); Women,Gender; Nationality
14729,people with genetic disorders,Physical disabilities and general disability terms,Disability
14771,people with Alzheimers,Intellectual/Developmental disabilities,Disability
14805,Finnish dairy farmers,Nordic countries (nationalities),Nationality
14840,people with addiction,Addiction disorders,Disability
14842,people with alcohol addiction,Addiction disorders,Disability
14845,elderly and disabled,Physical disabilities and general disability terms,Disability
14901,Iraqis,Middle East (nationalities),Nationality
14922,Iranian people,Middle East (nationalities),Nationality
14957,Englendingar,Western Europe (nationalities),Nationality
14968,people identifying as non-binary,Transgender identities,LGBTQIA+
14969,gender fluid individuals,Intersex/Gender minorities; Transgender identities,LGBTQIA+
14976,individuals supporting LGBTQ+ rights,Queer (general/other),LGBTQIA+
14978,sexual orientation,Queer (general/other),LGBTQIA+
14996,supporters of gay pride,Homosexuality,LGBTQIA+
15022,Syrian refugees,Middle East (nationalities),Nationality
15028,Italy,Southern Europe (nationalities),Nationality
15029,Germany,Western Europe (nationalities),Nationality
15030,Albaner,Eastern Europe (nationalities),Nationality
15031,Svisslendingar,Western Europe (nationalities),Nationality
15036,Nigerians,Africa (nationalities),Nationality
15039,Nígería,Africa (nationalities),Nationality
15040,(specifically affected Eastern European populations),Eastern Europe (nationalities),Nationality
15044,families from Central/South America,Latino/Latin Americans (ethnicities),Ethnicity
15056,followers of Islam,Islam,Religion
15067,Turkish citizens,Middle East (nationalities),Nationality
15158,Turkish people,Middle East (nationalities),Nationality
15159,Australian people,Oceania (nationalities),Nationality
15162,Arab countries,Middle Eastern/Arab (ethnicities),Ethnicity
15214,Israeli Jews,Judaism,Religion
15252,Múhameðsfólk,Islam,Religion
15279,islamists,Islam,Religion
15311,ethnic groups,Multiethnic/General (ethnicities),Ethnicity
15332,Saudi Arabien,Middle East (nationalities),Nationality
15333,Frakklandi,Western Europe (nationalities),Nationality
15337,Syria,Middle East (nationalities),Nationality
15354,Svíþjóð,Nordic countries (nationalities),Nationality
15402,Russian citizens,Eastern Europe (nationalities),Nationality
15457,Fijians,Oceania (nationalities),Nationality
15458,Congolese,Africa (nationalities),Nationality
15468,very rich and powerful men,Men,Gender
15480,the disabled,Physical disabilities and general disability terms,Disability
15482,Albania,Eastern Europe (nationalities),Nationality
15526,Muslim women,Islam; Women,Gender; Religion
15529,Hægriöfgakarlar,Men,Gender
15544,specific religions,Religious people (general terms),Religion
15606,Pakistön,South and Central Asia (nationalities),Nationality
15684,Arab nations,Middle Eastern/Arab (ethnicities),Ethnicity
15735,Middle Easterners,Middle Eastern/Arab (ethnicities),Ethnicity
15742,Moroccan men,Men,Gender
15747,arabarríkin,Middle Eastern/Arab (ethnicities),Ethnicity
15754,foreign individuals,"Foreigners, asylum seekers, refugees (general)",Nationality
15763,Muslim countries,Islam,Religion
15829,Caucasians,White/European (ethnicities),Ethnicity
15858,innflytjendur,"Foreigners, asylum seekers, refugees (general)",Nationality
15861,people of different sexual orientations,Queer (general/other),LGBTQIA+
15870,people with weak mental resilience,Mental illnesses/disorders,Disability
16053,gay people,Homosexuality,LGBTQIA+
16100,hælisleitendur,"Foreigners, asylum seekers, refugees (general)",Nationality
16146,Austrian,Western Europe (nationalities),Nationality
16216,Miðausturlandabúar,Middle Eastern/Arab (ethnicities),Ethnicity
16220,people who believe in different religious interpretations,Religious people (general terms),Religion
16247,Kosovar,Eastern Europe (nationalities),Nationality
16248,Albanian workers,Eastern Europe (nationalities),Nationality
16520,hvítir,White/European (ethnicities),Ethnicity
16522,hvítingjar,White/European (ethnicities),Ethnicity
16569,people with religious opinions,Religious people (general terms),Religion
16595,Polish,Eastern Europe (nationalities),Nationality
16626,Albanir,Eastern Europe (nationalities),Nationality
16630,Macedonians,Eastern Europe (nationalities),Nationality
16753,Muslim men,Islam; Men,Gender; Religion
16754,Christian women,Women,Gender
16756,Women of Middle Eastern descent,Women,Gender
16783,patients with eating disorders,Mental illnesses/disorders,Disability
16814,migrant Muslims,Islam,Religion
16815,immigrants from Muslim countries,Islam,Religion
16838,Múslimar,Islam,Religion
16839,Christian Zionists,Christianity,Religion
16851,Saudi Arabíu,Middle East (nationalities),Nationality
16853,Protestants,Christianity,Religion
16872,people with darker skin,Multiethnic/General (ethnicities),Ethnicity
16889,followers of primitive religions,Non-Abrahamic religions,Religion
16899,Black persons,Black/African (ethnicities),Ethnicity
16905,Austur-Evrópuþjóðir,Eastern Europe (nationalities),Nationality
16931,LGBTQ,Queer (general/other),LGBTQIA+
16969,blökkumennirnir,Black/African (ethnicities),Ethnicity
16970,indverjarnir,South and Central Asia (nationalities),Nationality
16971,arabar,Middle Eastern/Arab (ethnicities),Ethnicity
16972,hvíti kynstofninn,White/European (ethnicities),Ethnicity
16975,Asian people,Asians (ethnicities),Ethnicity
16986,mittel-aged men,Men,Gender
16987,miðaldra karlar,Men,Gender
17001,Múslima,Islam,Religion
17025,öfgamúslimar,Islam,Religion
17082,Wahhabis,Islam,Religion
17099,muslim,Islam,Religion
17100,jew,Judaism,Religion
17249,poor and disabled people,Physical disabilities and general disability terms,Disability
17268,Palestínu-Araba,Middle East (nationalities); Middle Eastern/Arab (ethnicities),Ethnicity; Nationality
17287,LGBT,Queer (general/other),LGBTQIA+
17298,kristni,Christianity,Religion
17300,ásatrú,Non-Abrahamic religions,Religion
17301,ásatrúarmenn,Non-Abrahamic religions,Religion
17317,those who follow religious sentiment,Religious people (general terms),Religion
17350,Muslim individuals,Islam,Religion
17373,Cubans,North America (nationalities),Nationality
17400,pregnant women,Women,Gender
17441,people from the Middle East,Middle Eastern/Arab (ethnicities),Ethnicity
17446,Japanese,East Asia (nationalities),Nationality
17448,Sádar,Middle East (nationalities),Nationality
17458,Romanians,Eastern Europe (nationalities),Nationality
17482,Eastern European countries,Eastern Europe (nationalities),Nationality
17490,Muslim community,Islam,Religion
17498,Islamic countries,Islam,Religion
17514,Mexican immigrants,North America (nationalities),Nationality
17555,individuals who misuse alcohol,Addiction disorders,Disability
17571,Palestinian Arabs,Middle Eastern/Arab (ethnicities),Ethnicity
17701,Múslimum,Islam,Religion
17774,radical Islamists,Islam,Religion
17776,Sunnis,Islam,Religion
17824,agnostics,Atheism,Religion
17913,individuals with differing sexual orientations,Queer (general/other),LGBTQIA+
17915,gay pride individuals,Homosexuality,LGBTQIA+
17923,lesbians and gays,Homosexuality,LGBTQIA+
17951,gaypride participants,Homosexuality,LGBTQIA+
18099,ESB útlendingar,"Foreigners, asylum seekers, refugees (general)",Nationality
18212,women in political leadership positions,Women,Gender
18288,Homosexuals,Homosexuality; Queer (general/other),LGBTQIA+
18469,people from foreign countries,"Foreigners, asylum seekers, refugees (general)",Nationality
18471,Muslim refugees,Islam,Religion
18486,Arab world,Middle Eastern/Arab (ethnicities),Ethnicity
18497,Iraqi immigrants,Middle East (nationalities),Nationality
18549,Asatru,Non-Abrahamic religions,Religion
18579,Black Americans,Black/African (ethnicities),Ethnicity
18588,white race,White/European (ethnicities),Ethnicity
18626,blacks,Black/African (ethnicities),Ethnicity
18687,Northern Irish,Western Europe (nationalities),Nationality
18708,religious extremists,Religious people (general terms),Religion
18712,religious authorities,Religious people (general terms),Religion
18820,Spanish fishermen,Southern Europe (nationalities),Nationality
18828,those supporting foreign interests,"Foreigners, asylum seekers, refugees (general)",Nationality
18879,German people,Western Europe (nationalities),Nationality
18981,"Turks, Russians, Europeans",Eastern Europe (nationalities),Nationality
19021,older men,Men,Gender
19186,"Grikkland, Spánn og Portúgal (Greece, Spain, and Portugal)",Southern Europe (nationalities),Nationality
19237,Finnish,Nordic countries (nationalities),Nationality
19254,Malta,Southern Europe (nationalities),Nationality
19301,útrásarkarlar,Men,Gender
19342,middle-aged women,Women,Gender
19387,foreign-born individuals,"Foreigners, asylum seekers, refugees (general)",Nationality
19530,France,Western Europe (nationalities),Nationality
19564,foreign countries,"Foreigners, asylum seekers, refugees (general)",Nationality
19629,"specific nations (France, Germany)",Western Europe (nationalities),Nationality
19756,German society,Western Europe (nationalities),Nationality
19765,people from Saudi Arabia,Middle East (nationalities),Nationality
19801,Tibetan people,South and Central Asia (nationalities),Nationality
19882,ríku menn,Men,Gender
20072,French citizens,Western Europe (nationalities),Nationality
20261,men in suits,Men,Gender
20428,Irish descendants,Western Europe (nationalities),Nationality
20535,Icelandic nation,Icelanders,Nationality
20707,self-identified Icelanders,Icelanders,Nationality
20730,Ireland,Western Europe (nationalities),Nationality
20731,Latvia,Eastern Europe (nationalities),Nationality
20802,states in the USA,North America (nationalities),Nationality
20806,wealthy men,Men,Gender
20907,múhameðstrúarmenn,Islam,Religion
20911,Denmark,Nordic countries (nationalities),Nationality
20912,Spain,Southern Europe (nationalities),Nationality
20961,wealthy women,Women,Gender
20994,those with mental impairments,Intellectual/Developmental disabilities,Disability
21135,Greek farmers,Southern Europe (nationalities),Nationality
21141,Bretar og Hollendingar,Western Europe (nationalities),Nationality
21144,finnish people,Nordic countries (nationalities),Nationality
21247,individuals with unclear gender identity,Transgender identities,LGBTQIA+
21253,uneducated Icelanders,Icelanders,Nationality
21267,Russian mafia,Eastern Europe (nationalities),Nationality
21428,Icelanders (general population),Icelanders,Nationality
21493,Indverjar,South and Central Asia (nationalities),Nationality
21501,England,Western Europe (nationalities),Nationality
21591,Grænland,Nordic countries (nationalities),Nationality
21592,Færeyjar,Nordic countries (nationalities),Nationality
21706,Bulgarians,Eastern Europe (nationalities),Nationality
21708,Lithuanians,Eastern Europe (nationalities),Nationality
21711,Bulgarian and Romanian people,Eastern Europe (nationalities),Nationality
21818,Lithuanian women,Eastern Europe (nationalities); Women,Gender; Nationality
21852,people of different religions,Religious people (general terms),Religion
21862,religious practitioners,Religious people (general terms),Religion
21869,other non-Christian religions,Non-Abrahamic religions,Religion
21913,religious groups (Christians vs Muslims),Religious people (general terms),Religion
21922,believers in different religions,Religious people (general terms),Religion
21960,religious followers,Religious people (general terms),Religion
21987,people who use drugs,Addiction disorders,Disability
22001,foreign religions,Religious people (general terms),Religion
22011,users of drugs,Addiction disorders,Disability
22119,men educated in economics,Men,Gender
22210,sexual minorities,Queer (general/other),LGBTQIA+
22211,gender non-conforming individuals,Transgender identities,LGBTQIA+
22293,ríkir karlar,Men,Gender
22294,fátækir menn,Men,Gender
22344,Latvians,Eastern Europe (nationalities),Nationality
22345,Estonians,Eastern Europe (nationalities),Nationality
22363,Breta og Hollendinga,Western Europe (nationalities),Nationality
22379,pólverjar,Eastern Europe (nationalities),Nationality
22650,British and Dutch citizens,Western Europe (nationalities),Nationality
22698,new Icelanders,Icelanders,Nationality
22726,Czech women dancing in Iceland,Eastern Europe (nationalities); Women,Gender; Nationality
22783,women involved in sex work,Women,Gender
22801,drug abusers,Addiction disorders,Disability
22805,women in prostitution,Women,Gender
22815,addiction,Addiction disorders,Disability
22835,women in sex work,Women,Gender
22867,blind individuals,Physical disabilities and general disability terms,Disability
22879,Yemenis,Middle East (nationalities),Nationality
22880,people in Yemen,Middle East (nationalities),Nationality
22897,heiðnir norrænir menn,Non-Abrahamic religions,Religion
22904,people with alcohol dependency,Addiction disorders,Disability
22943,homosexual individuals,Homosexuality,LGBTQIA+
22962,Slovenians,Eastern Europe (nationalities),Nationality
22972,Burmese,East Asia (nationalities),Nationality
23011,Muslim extremists,Islam,Religion
23016,former Muslim women,Islam; Women,Gender; Religion
23025,young women with strollers,Women,Gender
23030,all religions,Religious people (general terms),Religion
23064,people in the Middle East,Middle Eastern/Arab (ethnicities),Ethnicity
23074,Christian extremists,Christianity,Religion
23135,underdeveloped countries,Multiethnic/General (ethnicities),Ethnicity
23190,individuals with mental health problems,Mental illnesses/disorders,Disability
23192,Those who misuse drugs,Addiction disorders,Disability
23206,Japan,East Asia (nationalities),Nationality
23462,eastern Icelanders,Icelanders,Nationality
24054,dark-haired men,Men,Gender
24150,young black people,Black/African (ethnicities),Ethnicity
24151,young people in the US,North America (nationalities),Nationality
24242,Canadian people,North America (nationalities),Nationality
24297,yngri menn,Men,Gender
24334,Greek elite,Southern Europe (nationalities),Nationality
24335,Greek public,Southern Europe (nationalities),Nationality
24387,people from Azerbaijan,Middle East (nationalities),Nationality
24467,óprúttnir menn,Men,Gender
24539,indíánarnir,Indigenous peoples (ethnicities),Ethnicity
24739,Cuban people,North America (nationalities),Nationality
24870,Croats,Eastern Europe (nationalities),Nationality
24901,grískir menn,Men,Gender
24909,Greek youth,Southern Europe (nationalities),Nationality
24925,Portúgalir,Southern Europe (nationalities),Nationality
24926,Spánverjar,Southern Europe (nationalities),Nationality
24979,Britain and the Netherlands,Western Europe (nationalities),Nationality
25151,körlumenn,Men,Gender
25342,Irish citizens,Western Europe (nationalities),Nationality
25506,Hollendingar (Dutch),Western Europe (nationalities),Nationality
25568,people who engage in drug use,Addiction disorders,Disability
25877,South Korea,East Asia (nationalities),Nationality
26057,mental health patients,Mental illnesses/disorders,Disability
26067,people with mental disorders,Mental illnesses/disorders,Disability
26098,Kahnar Mongóla,East Asia (nationalities),Nationality
26131,Chinese women,East Asia (nationalities); Women,Gender; Nationality
26152,Bretar og hollendingar,Western Europe (nationalities),Nationality
26261,Irish people,Western Europe (nationalities),Nationality
26346,Nigerian scammers,Africa (nationalities),Nationality
26355,Romans,White/European (ethnicities),Ethnicity
26359,Rúmenía,Eastern Europe (nationalities),Nationality
26362,Rúmenar,Eastern Europe (nationalities),Nationality
26374,rúmenar,Eastern Europe (nationalities),Nationality
26377,people in China,East Asia (nationalities),Nationality
26391,Danish speakers,Nordic countries (nationalities),Nationality
26402,Danish small fishermen,Nordic countries (nationalities),Nationality
26406,Uzbekistan,South and Central Asia (nationalities),Nationality
26421,kvótaflóttamenn,"Foreigners, asylum seekers, refugees (general)",Nationality
26548,French drivers,Western Europe (nationalities),Nationality
26582,Swedish people,Nordic countries (nationalities),Nationality
26655,people from Denmark and Sweden,Nordic countries (nationalities),Nationality
26668,people in Spain,Southern Europe (nationalities),Nationality
26669,people in Sweden,Nordic countries (nationalities),Nationality
26726,Chinese citizens,East Asia (nationalities),Nationality
26730,Kínverskir verkamenn,East Asia (nationalities),Nationality
26744,Kínverja,East Asia (nationalities),Nationality
26785,brjóstapúðakonur (breast implant women),Women,Gender
26846,belgians,Western Europe (nationalities),Nationality
26847,hollanders,Western Europe (nationalities),Nationality
26856,Hungarians,Eastern Europe (nationalities),Nationality
26875,those receiving pensions or disability benefits,Physical disabilities and general disability terms,Disability
26881,people from the USA,North America (nationalities),Nationality
26904,Grikkar,Southern Europe (nationalities),Nationality
26914,middle-aged Icelanders,Icelanders,Nationality
26915,younger Icelanders,Icelanders,Nationality
26918,Spanish citizens,Southern Europe (nationalities),Nationality
26921,French society,Western Europe (nationalities),Nationality
26934,indverjar,South and Central Asia (nationalities),Nationality
26944,married women,Women,Gender
26958,geðsjúkir,Mental illnesses/disorders,Disability
26982,poor women,Women,Gender
26983,single women,Women,Gender
26984,women of color,Multiethnic/General (ethnicities); Women,Ethnicity; Gender
27016,Norse people,Nordic countries (nationalities),Nationality
27028,European Christian women,Women,Gender
27039,specific religious groups,Religious people (general terms),Religion
27057,Pakistani,South and Central Asia (nationalities),Nationality
27087,same-sex individuals,Homosexuality,LGBTQIA+
27142,ordinary Icelanders,Icelanders,Nationality
27257,Czechs,Eastern Europe (nationalities),Nationality
27258,Slovaks,Eastern Europe (nationalities),Nationality
27286,foreigner,"Foreigners, asylum seekers, refugees (general)",Nationality
27305,Múhameðs fylgismenn,Islam,Religion
27334,french farmers,Western Europe (nationalities),Nationality
27503,people from Thailand,East Asia (nationalities),Nationality
27572,Icelandic women,Women,Gender
27592,snobbish women,Women,Gender
27598,religious officials,Religious people (general terms),Religion
27665,strong women,Women,Gender
27705,teams in Argentina,South America (nationalities),Nationality
27757,Afghan farmers,Middle East (nationalities),Nationality
28220,wealthy Icelanders,Icelanders,Nationality
28238,individuals with disabilities,Physical disabilities and general disability terms,Disability
28305,Islamic culture,Islam,Religion
28351,people with social anxiety,Mental illnesses/disorders,Disability
28396,people with anti-religious sentiments,Atheism,Religion
28403,extremist Muslims,Islam,Religion
28404,extremist Christians,Christianity,Religion
28442,gay community,Homosexuality,LGBTQIA+
28488,Jehovah's Witnesses,Christianity,Religion
28498,people from Pakistan,South and Central Asia (nationalities),Nationality
28499,people in Pakistan,South and Central Asia (nationalities),Nationality
28506,African American,Black/African (ethnicities),Ethnicity
28507,white,White/European (ethnicities),Ethnicity
28624,Deists,Non-Abrahamic religions,Religion
28675,women in punk group,Women,Gender
28779,buddhists,Non-Abrahamic religions,Religion
28808,Buddhism,Non-Abrahamic religions,Religion
28810,Hinduism,Non-Abrahamic religions,Religion
28832,those raised in a religious environment,Religious people (general terms),Religion
28835,those with religious upbringing,Religious people (general terms),Religion
28840,religious schools,Religious people (general terms),Religion
28885,people who follow religious texts,Religious people (general terms),Religion
28921,religious community,Religious people (general terms),Religion
29047,agnostics/atheists,Atheism,Religion
29058,believers in religious myths,Religious people (general terms),Religion
29066,people who misunderstand religion,Religious people (general terms),Religion
29070,those who commit violence in the name of religion,Religious people (general terms),Religion
29088,people who rely on religious moral frameworks,Religious people (general terms),Religion
29182,Gays,Homosexuality,LGBTQIA+
29205,Hindúar,Non-Abrahamic religions,Religion
29263,samkynhneigt fólk,Homosexuality,LGBTQIA+
29280,individuals with different sexual orientations,Queer (general/other),LGBTQIA+
29291,religious conservatives,Religious people (general terms),Religion
29362,believers in religion,Religious people (general terms),Religion
29364,people from Turkey,Middle East (nationalities),Nationality
29365,people from Latvia,Eastern Europe (nationalities),Nationality
29366,people from Lithuania,Eastern Europe (nationalities),Nationality
29367,people from Bulgaria,Eastern Europe (nationalities),Nationality
29368,people from Sweden,Nordic countries (nationalities),Nationality
29369,people from Denmark,Nordic countries (nationalities),Nationality
29370,people from France,Western Europe (nationalities),Nationality
29390,followers of religion,Religious people (general terms),Religion
29425,Icelanders in poverty,Icelanders,Nationality
29431,heiðni,Non-Abrahamic religions,Religion
29459,believers of different religions,Religious people (general terms),Religion
29475,believers of certain religions,Religious people (general terms),Religion
29524,Israeli society,Middle East (nationalities),Nationality
29556,speakers of religion,Religious people (general terms),Religion
29576,Sephardic Jews,Judaism,Religion
29625,people in Canada,North America (nationalities),Nationality
29666,moralists/religious adherents,Religious people (general terms),Religion
29742,members of religious groups,Religious people (general terms),Religion
29809,religious belief,Religious people (general terms),Religion
29874,followers of organized religion,Religious people (general terms),Religion
29892,religious scholars,Religious people (general terms),Religion
29901,people following religious laws,Religious people (general terms),Religion
29921,those who follow religious teachings,Religious people (general terms),Religion
29997,believers in organized religion,Religious people (general terms),Religion
30007,religious authors,Religious people (general terms),Religion
30074,people following religious beliefs,Religious people (general terms),Religion
30090,trúlausir,Atheism,Religion
30516,elders and disabled individuals,Physical disabilities and general disability terms,Disability
30656,wealthy Russians,Eastern Europe (nationalities),Nationality
30677,Danish hunters,Nordic countries (nationalities),Nationality
30741,Danish meat producers,Nordic countries (nationalities),Nationality
30767,Polish workers,Eastern Europe (nationalities),Nationality
30903,women in power,Women,Gender
30913,women in sports,Women,Gender
30920,German tourists,Western Europe (nationalities),Nationality
30950,older drug users,Addiction disorders,Disability
31014,Grikkjum,Southern Europe (nationalities),Nationality
31041,people with chronic pain,Physical disabilities and general disability terms,Disability
31073,Frakkland,Western Europe (nationalities),Nationality
31075,French people,Western Europe (nationalities),Nationality
31091,geðsjúklingar,Mental illnesses/disorders,Disability
31092,fyllibyttur,Addiction disorders,Disability
31140,foreign men,"Foreigners, asylum seekers, refugees (general); Men",Gender; Nationality
31266,American women,Women,Gender
31427,Venezuela,South America (nationalities),Nationality
31480,Norwegian people,Nordic countries (nationalities),Nationality
31481,Greenlandic people,Nordic countries (nationalities),Nationality
31488,stúlkur,Women,Gender
31495,Noregi,Nordic countries (nationalities),Nationality
31543,German workers,Western Europe (nationalities),Nationality
31557,Frakkar (French),Western Europe (nationalities),Nationality
31559,women in waste management,Women,Gender
31584,people with Down syndrome,Intellectual/Developmental disabilities,Disability
31594,Icelandic men,Icelanders; Men,Gender; Nationality
31700,Norwegian and Danish people,Nordic countries (nationalities),Nationality
31708,individuals struggling with mental health,Mental illnesses/disorders,Disability
31720,Danish meteorologists,Nordic countries (nationalities),Nationality
31728,people of other religions,Religious people (general terms),Religion
31742,vision impaired,Physical disabilities and general disability terms,Disability
31844,British elite,Western Europe (nationalities),Nationality
31872,women and children in developing countries,Women,Gender
31895,Danish,Nordic countries (nationalities),Nationality
31974,disability,Physical disabilities and general disability terms,Disability
32009,East German communists,Western Europe (nationalities),Nationality
32023,Italian mafia,Southern Europe (nationalities),Nationality
32087,residents of the USA,North America (nationalities),Nationality
32345,Italian winemakers,Southern Europe (nationalities),Nationality
32370,people with religious affiliations,Religious people (general terms),Religion
32488,Chinese diplomats,East Asia (nationalities),Nationality
32630,Hollanders,Western Europe (nationalities),Nationality
32710,rich young men,Men,Gender
32752,people from Britain,Western Europe (nationalities),Nationality
32809,Icelander general population,Icelanders,Nationality
32824,plus-size women,Women,Gender
32842,short men,Men,Gender
32854,homosexual community,Homosexuality,LGBTQIA+
32861,samkynhneigir,Homosexuality,LGBTQIA+
32878,those with mental health issues,Mental illnesses/disorders,Disability
32888,Japanese society,East Asia (nationalities),Nationality
32889,men who dislike female entertainment,Men,Gender
32891,Japanese culture,East Asia (nationalities),Nationality
32980,kerlingar,Women,Gender
33005,Turkish,Middle East (nationalities),Nationality
33006,gypsies,White/European (ethnicities),Ethnicity
33008,sígaunarnir,White/European (ethnicities),Ethnicity
33009,Sígaunar,White/European (ethnicities),Ethnicity
33070,Black individuals,Black/African (ethnicities),Ethnicity
33193,people from Asia,Asians (ethnicities),Ethnicity
33257,Asian women,Asians (ethnicities); Women,Ethnicity; Gender
33272,women from the Balkans,Women,Gender
33354,people from the U.S.A.,North America (nationalities),Nationality
33355,people with mental disabilities,Intellectual/Developmental disabilities; Physical disabilities and general disability terms,Disability
33396,northern Icelanders,Icelanders,Nationality
33468,Ecuador,South America (nationalities),Nationality
33503,Hollendingum,Western Europe (nationalities),Nationality
33548,hinsegin fólk,Queer (general/other),LGBTQIA+
33642,adult men,Men,Gender
33723,trans activists,Transgender identities,LGBTQIA+
33735,foreign asylum seekers,"Foreigners, asylum seekers, refugees (general)",Nationality
33764,people with non-binary or gender-fluid identities,Intersex/Gender minorities; Transgender identities,LGBTQIA+
33784,lazy Icelanders,Icelanders,Nationality
33889,less wealthy Icelanders,Icelanders,Nationality
33934,people from Poland,Eastern Europe (nationalities),Nationality
34126,Norðurlönd,Nordic countries (nationalities),Nationality
34142,East Germany,Western Europe (nationalities),Nationality
34285,white rural Americans,White/European (ethnicities),Ethnicity
34307,Alcoholics Anonymous members,Addiction disorders,Disability
34343,Argentina,South America (nationalities),Nationality
34407,people with physical or mental disabilities,Intellectual/Developmental disabilities; Physical disabilities and general disability terms,Disability
34408,people with mental or physical disabilities,Intellectual/Developmental disabilities; Physical disabilities and general disability terms,Disability
34483,Norwegian employers,Nordic countries (nationalities),Nationality
34573,women in leadership,Women,Gender
34641,franskir borgarar,Western Europe (nationalities),Nationality
35058,women dealing with financial issues,Women,Gender
35094,foreign fishers,"Foreigners, asylum seekers, refugees (general)",Nationality
35171,people with alcohol problems,Addiction disorders,Disability
35306,Yemeni architects,Middle East (nationalities),Nationality
35337,people from East Germany,Western Europe (nationalities),Nationality
35432,individuals practicing religion,Religious people (general terms),Religion
35506,people following false religions,Religious people (general terms),Religion
35512,modern Icelanders,Icelanders,Nationality
35516,trans community,Transgender identities,LGBTQIA+
35546,frumbyggjar Norður Ameríku,Indigenous peoples (ethnicities),Ethnicity
35618,Mongols,East Asia (nationalities),Nationality
35822,nordic countries,Nordic countries (nationalities),Nationality
35945,Jewish descendents,Judaism,Religion
35971,nornirnar (the three women),Women,Gender
36005,Sudanese,Middle East (nationalities),Nationality
36012,foreign labor,"Foreigners, asylum seekers, refugees (general)",Nationality
36016,people from Ireland and Scotland,Western Europe (nationalities),Nationality
36035,Moldovans,Eastern Europe (nationalities),Nationality
36112,women in Bangladesh,South and Central Asia (nationalities); Women,Gender; Nationality
36121,karlagrobbara,Men,Gender
36239,indigenous populations,Indigenous peoples (ethnicities),Ethnicity
36274,people in Central America,Latino/Latin Americans (ethnicities),Ethnicity
36275,Peruvians,South America (nationalities),Nationality
36403,fólk í Mósambík,Africa (nationalities),Nationality
36468,flóttafólk,"Foreigners, asylum seekers, refugees (general)",Nationality
36498,Sudanese and Afghan,Middle East (nationalities),Nationality
36516,foreign residents,"Foreigners, asylum seekers, refugees (general)",Nationality
36567,indigenous Australians,Indigenous peoples (ethnicities),Ethnicity
36831,Múhameðstrúar,Islam,Religion
36833,kristnir arabar,Middle Eastern/Arab (ethnicities),Ethnicity
36835,islamist groups,Islam,Religion
36898,Chinese entrepreneurs,East Asia (nationalities),Nationality
37021,Danmörku,Nordic countries (nationalities),Nationality
37024,mentally disabled,Intellectual/Developmental disabilities,Disability
37051,samkynhneigðir menn,Homosexuality; Men,Gender; LGBTQIA+
37173,people of foreign descent,"Foreigners, asylum seekers, refugees (general)",Nationality
37220,People of Asian descent,Asians (ethnicities),Ethnicity
37237,people with Alzheimer's,Intellectual/Developmental disabilities,Disability
37241,ásatrúar,Non-Abrahamic religions,Religion
37253,Belarus,Eastern Europe (nationalities),Nationality
37258,people from Asian descent,Asians (ethnicities),Ethnicity
37259,white people of European descent,White/European (ethnicities),Ethnicity
37268,hvítt fólk,White/European (ethnicities),Ethnicity
37269,svart fólk,Black/African (ethnicities),Ethnicity
37278,organized religion,Religious people (general terms),Religion
37317,members of Alcoholics Anonymous,Addiction disorders,Disability
37319,individuals who struggle with addiction,Addiction disorders,Disability
37335,people seeking help with addiction,Addiction disorders,Disability
37358,extreme religious groups,Religious people (general terms),Religion
37364,individuals with cancer,Physical disabilities and general disability terms,Disability
37388,those who follow structured methodologies in religion,Religious people (general terms),Religion
37406,individuals without gender conformity,Transgender identities,LGBTQIA+
37424,inhabitants of Greenland,Nordic countries (nationalities),Nationality
37584,Franskar konur,Western Europe (nationalities); Women,Gender; Nationality
37609,Færeyingjar,Nordic countries (nationalities),Nationality
37697,people with mental limitations,Intellectual/Developmental disabilities,Disability
37744,people with temporary disabilities,Intellectual/Developmental disabilities; Physical disabilities and general disability terms,Disability
37757,Brazilian women,South America (nationalities); Women,Gender; Nationality
37764,Guatemalans,North America (nationalities),Nationality
37765,Brazilians,South America (nationalities),Nationality
37793,Guatemala,North America (nationalities),Nationality
37798,aðrir útlendingar,"Foreigners, asylum seekers, refugees (general)",Nationality
37801,Indigenous people,Indigenous peoples (ethnicities),Ethnicity
37802,Foreigners,"Foreigners, asylum seekers, refugees (general)",Nationality
37850,pólskir ökufantarnir,Eastern Europe (nationalities),Nationality
37955,those with disabilities,Physical disabilities and general disability terms,Disability
37976,gullible individuals donating to religious figures,Religious people (general terms),Religion
37991,fatlaðir,Physical disabilities and general disability terms,Disability
38001,people who donate to religious organizations,Religious people (general terms),Religion
38008,religious zealots,Religious people (general terms),Religion
38056,young Americans,North America (nationalities),Nationality
38099,followers of islam,Islam,Religion
38130,people with depression,Mental illnesses/disorders,Disability
38139,Venezuelans,South America (nationalities),Nationality
38183,women married to doctors,Women,Gender
38185,people with dementia,Intellectual/Developmental disabilities,Disability
38292,people with mental health conditions,Mental illnesses/disorders,Disability
38330,rúmenskir götulistamenn,Eastern Europe (nationalities),Nationality
38355,kínverska þjóðin,East Asia (nationalities),Nationality
38382,people who stutter,Intellectual/Developmental disabilities,Disability
38405,Taiwanese,East Asia (nationalities),Nationality
38443,múslima,Islam,Religion
38444,samkynhneigðra,Homosexuality,LGBTQIA+
38462,LGBTQ individuals,Queer (general/other),LGBTQIA+
38468,Eastern Europe,Eastern Europe (nationalities),Nationality
38613,Arabs (Muslims),Islam; Middle Eastern/Arab (ethnicities),Ethnicity; Religion
38749,people in Afghanistan,Middle East (nationalities),Nationality
38846,dópista,Addiction disorders,Disability
38981,Armenians,Middle East (nationalities),Nationality
39073,non-binary,Transgender identities,LGBTQIA+
39074,gender identities,Transgender identities,LGBTQIA+
39277,Lybia,Middle East (nationalities),Nationality
39293,gay pride supporters,Homosexuality,LGBTQIA+
39315,Mexicans,North America (nationalities),Nationality
39394,Ahmadiyya Muslims,Islam,Religion
39486,LGBTQ+ people,Queer (general/other),LGBTQIA+
39516,single men,Men,Gender
39613,people in BNA,North America (nationalities),Nationality
39634,Sýrland,Middle East (nationalities),Nationality
39793,foreign people,"Foreigners, asylum seekers, refugees (general)",Nationality
39826,foreign religious groups,Religious people (general terms),Religion
39853,Jerusalem Jews,Judaism,Religion
39859,Russian,Eastern Europe (nationalities),Nationality
39970,workers in China,East Asia (nationalities),Nationality
39995,women in authority,Women,Gender
40006,hommar,Homosexuality,LGBTQIA+
40036,húsnæðislausir hælisleitendur,"Foreigners, asylum seekers, refugees (general)",Nationality
40068,russian public,Eastern Europe (nationalities),Nationality
40139,Baskar,White/European (ethnicities),Ethnicity
40197,eastern europeans,Eastern Europe (nationalities),Nationality
40236,Israeli scientists,Middle East (nationalities),Nationality
40271,wealthy foreigners,"Foreigners, asylum seekers, refugees (general)",Nationality
40384,the Chinese,East Asia (nationalities),Nationality
40561,voters in the USA,North America (nationalities),Nationality
40587,elderly women,Women,Gender
40619,Norður Kóreu,East Asia (nationalities),Nationality
40624,dópistum,Addiction disorders,Disability
40676,Muslims and Jews,Islam,Religion
40780,Namibians,Africa (nationalities),Nationality
40809,grátkellingarnir,Women,Gender
40814,people from Mexico,North America (nationalities),Nationality
40999,disabilities,Physical disabilities and general disability terms,Disability
41043,ordinary British citizens,Western Europe (nationalities),Nationality
41101,eldri karlmenn,Men,Gender
41159,Asian investors,Asians (ethnicities),Ethnicity
41184,Greek citizens,Southern Europe (nationalities),Nationality
41193,muslim community,Islam,Religion
41465,Russian economy participants,Eastern Europe (nationalities),Nationality
41578,people with autism,Intellectual/Developmental disabilities,Disability
41629,lesbian people,Homosexuality,LGBTQIA+
41678,útlendar ljósmæður,"Foreigners, asylum seekers, refugees (general)",Nationality
41825,Kúbu,North America (nationalities),Nationality
41826,Venesúela,South America (nationalities),Nationality
42070,gay pride community,Homosexuality,LGBTQIA+
42082,British population,Western Europe (nationalities),Nationality
42133,Congo,Africa (nationalities),Nationality
42276,Islamic terrorists,Islam,Religion
42429,trans women,Transgender identities; Women,Gender; LGBTQIA+
42459,Trans people,Transgender identities,LGBTQIA+
42462,trans people,Transgender identities,LGBTQIA+
42595,victims of drug addiction,Addiction disorders,Disability
42603,farmers in Holland,Western Europe (nationalities),Nationality
42646,individuals with certain sexual orientations,Queer (general/other),LGBTQIA+
42647,people with certain sexual orientations,Queer (general/other),LGBTQIA+
42693,people adhering to Jewish faith,Judaism,Religion
42792,unvaccinated women,Women,Gender
43127,ungir menn,Men,Gender
43358,young girls and women,Women,Gender
43359,vaccinated women,Women,Gender
43387,people from India,South and Central Asia (nationalities),Nationality
43559,critics of religious beliefs,Atheism,Religion
43881,Estonian citizens,Eastern Europe (nationalities),Nationality
43958,people on disability benefits,Physical disabilities and general disability terms,Disability
44409,people from Israel,Middle East (nationalities),Nationality
44543,men in leadership positions,Men,Gender
44774,young and old Icelanders,Icelanders,Nationality
44779,women in leadership roles,Women,Gender
44852,þeldökkum (people of color),Black/African (ethnicities),Ethnicity
44937,Malinese villagers,Africa (nationalities),Nationality
44964,Danish environmentalists,Nordic countries (nationalities),Nationality
45067,foreign families,"Foreigners, asylum seekers, refugees (general)",Nationality
45119,users of recreational drugs,Addiction disorders,Disability
45125,fíklum (addicts),Addiction disorders,Disability
45147,individuals with addictions,Addiction disorders,Disability
45153,Holland,Western Europe (nationalities),Nationality
45245,people of Chinese descent,East Asia (nationalities),Nationality
45262,users of illegal drugs,Addiction disorders,Disability
45280,elderly women supporting whaling,Women,Gender
45301,young disabled individuals,Physical disabilities and general disability terms,Disability
45354,kreditkellingar,Women,Gender
45459,women experiencing miscarriages,Women,Gender
45611,people suffering from mental health issues,Mental illnesses/disorders,Disability
45615,individuals with ADHD and related disorders,Intellectual/Developmental disabilities,Disability
45621,individuals diagnosed with ADHD,Intellectual/Developmental disabilities,Disability
45622,those with ADHD,Intellectual/Developmental disabilities,Disability
45624,individuals with autism,Intellectual/Developmental disabilities,Disability
45631,Asian descent,Asians (ethnicities),Ethnicity
45664,those with mental disorders,Mental illnesses/disorders,Disability
45670,children with ADHD/ADD,Intellectual/Developmental disabilities,Disability
45714,Torah Jews,Judaism,Religion
45737,homo/trans fólk,Transgender identities,LGBTQIA+
45773,mörlenskir öfgahægrikarlar,Men,Gender
45868,Arab women,Middle Eastern/Arab (ethnicities); Women,Ethnicity; Gender
46004,karla,Men,Gender
46065,Religious individuals,Religious people (general terms),Religion
46067,individuals from same-sex households,Homosexuality,LGBTQIA+
46073,Asatruarmenn,Non-Abrahamic religions,Religion
46076,same-sex families,Homosexuality,LGBTQIA+
46095,gagnkynhneigðir karlmenn,Men,Gender
46122,ljóshærðir menn,Men,Gender
46205,öfgahægrikarla,Men,Gender
46355,Múhameðskra,Islam,Religion
46405,those of different religions,Religious people (general terms),Religion
46423,öfgahægrikarlarnir,Men,Gender
46544,háskólamenntaðar konur,Women,Gender
46554,Indíánar,Indigenous peoples (ethnicities),Ethnicity
46617,indíánar,Indigenous peoples (ethnicities),Ethnicity
46622,Somalis,Africa (nationalities),Nationality
46685,Albanian,Eastern Europe (nationalities),Nationality
46686,Bosnians,Eastern Europe (nationalities),Nationality
46700,followers of various religions,Religious people (general terms),Religion
46729,followers of other religions,Religious people (general terms),Religion
46799,european Islamists,Islam,Religion
46824,Canada,North America (nationalities),Nationality
46840,“Islam”,Islam,Religion
46899,fátækir íslendingar,Icelanders,Nationality
46929,Christian nations,Christianity,Religion
46941,Noregur,Nordic countries (nationalities),Nationality
46949,Estonia,Eastern Europe (nationalities),Nationality
46966,white French,Western Europe (nationalities); White/European (ethnicities),Ethnicity; Nationality
47059,samkynhneigðir karlmenn,Homosexuality; Men,Gender; LGBTQIA+
47060,wealthy and powerful men,Men,Gender
47143,russian criminals,Eastern Europe (nationalities),Nationality
47197,people in Kosovo,Eastern Europe (nationalities),Nationality
47244,Bosniaks,Eastern Europe (nationalities),Nationality
47245,Vietnamese civilians,East Asia (nationalities),Nationality
47293,people carrying religious texts,Religious people (general terms),Religion
47376,divorced women,Women,Gender
47418,muslim countries,Islam,Religion
47462,gay pride leaders,Homosexuality,LGBTQIA+
47479,dópdílerar,Addiction disorders,Disability
47547,Kanada,North America (nationalities),Nationality
47548,Spánn,Southern Europe (nationalities),Nationality
47550,Indland,South and Central Asia (nationalities),Nationality
47551,Brasilía,South America (nationalities),Nationality
47557,Arab peoples,Middle Eastern/Arab (ethnicities),Ethnicity
47575,Gambian people,Africa (nationalities),Nationality
47639,Cuban refugees,North America (nationalities),Nationality
47773,Chinese tourists,East Asia (nationalities),Nationality
47791,cancer patients,Physical disabilities and general disability terms,Disability
47842,Scandinavian men,Men,Gender
47978,eldra menn,Men,Gender
48036,women in professional roles,Women,Gender
49005,Russian-speaking people,Eastern Europe (nationalities),Nationality
49145,religion advocates,Religious people (general terms),Religion
49163,Albanian people,Eastern Europe (nationalities),Nationality
49167,people from Albania,Eastern Europe (nationalities),Nationality
49196,Sameinuðu Arabísku furstadæmin,Middle East (nationalities),Nationality
49197,Indónesar,East Asia (nationalities),Nationality
49203,Azerbaijanis,Middle East (nationalities),Nationality
49226,specific Muslim countries,Islam,Religion
49251,Muslim-majority countries,Islam,Religion
49288,Búddismi,Non-Abrahamic religions,Religion
49289,Hindúismi,Non-Abrahamic religions,Religion
49310,Shia,Islam,Religion
49376,people from Germany,Western Europe (nationalities),Nationality
49378,people from Norway,Nordic countries (nationalities),Nationality
49388,Arab nationalities,Middle Eastern/Arab (ethnicities),Ethnicity
49481,Austrians,Western Europe (nationalities),Nationality
49548,samkynhneigðum,Homosexuality,LGBTQIA+
49550,individuals with a different sexual orientation,Queer (general/other),LGBTQIA+
49551,religious officiants,Religious people (general terms),Religion
49603,Jewish People,Judaism,Religion
49660,flóttamönnum,"Foreigners, asylum seekers, refugees (general)",Nationality
49723,Christian asylum seekers,Christianity,Religion
49724,Muslim migrants,Islam,Religion
50019,Belgian,Western Europe (nationalities),Nationality
50029,miðaldra karlar með háskólapróf,Men,Gender
50092,Mentally ill,Mental illnesses/disorders,Disability
50113,black teachers,Black/African (ethnicities),Ethnicity
50220,Finnar,Nordic countries (nationalities),Nationality
50231,Rúmenskir innflytjendur,Eastern Europe (nationalities),Nationality
50232,Albanskir innflytjendur,Eastern Europe (nationalities),Nationality
50233,Venjulegir Norðmenn,Nordic countries (nationalities),Nationality
50314,múslimskir karlmenn,Islam; Men,Gender; Religion
50315,hvítir enskir karlmenn,Men; White/European (ethnicities),Ethnicity; Gender
50371,grikkir,Southern Europe (nationalities),Nationality
50380,LGBT rights advocates,Queer (general/other),LGBTQIA+
50394,individuals opposing violent interpretations of Islam,Islam,Religion
50493,people who follow religious beliefs,Religious people (general terms),Religion
50537,Danish citizens,Nordic countries (nationalities),Nationality
50580,Christians/Catholics,Christianity,Religion
50638,Kýpverjar,Southern Europe (nationalities),Nationality
50655,Norwegian Nationals,Nordic countries (nationalities),Nationality
50681,LGBTIQ,Queer (general/other),LGBTQIA+
50682,múhameðskir,Islam,Religion
50688,marginalized sexual orientation,Queer (general/other),LGBTQIA+
50810,heiðnir,Non-Abrahamic religions,Religion
50811,hommum,Homosexuality,LGBTQIA+
50812,transfólk,Transgender identities,LGBTQIA+
50813,múslimum,Islam,Religion
50907,other religious denominations,Religious people (general terms),Religion
50949,Múhameðskur,Islam,Religion
51010,blökkumenn,Black/African (ethnicities),Ethnicity
51103,múhameðstrú,Islam,Religion
51230,people with varying expertise in religious matters,Religious people (general terms),Religion
51254,Iranian society,Middle East (nationalities),Nationality
51257,citizens of Cuba,North America (nationalities),Nationality
51258,citizens of Iran,Middle East (nationalities),Nationality
51259,citizens of China,East Asia (nationalities),Nationality
51292,extreme religious individuals,Religious people (general terms),Religion
51316,same-sex marriages,Homosexuality,LGBTQIA+
51368,Scottish people,Western Europe (nationalities),Nationality
51374,poles,Eastern Europe (nationalities),Nationality
51390,people with drug addiction issues,Addiction disorders,Disability
51403,women teachers,Women,Gender
51432,alcohol-dependent parents,Addiction disorders,Disability
51433,people who struggle with addiction,Addiction disorders,Disability
51447,færeyskur,Nordic countries (nationalities),Nationality
51497,the blind,Physical disabilities and general disability terms,Disability
51541,Mongóla,East Asia (nationalities),Nationality
51678,individual with mental illness,Mental illnesses/disorders,Disability
51699,islamsku norsku ríkisborgara,Islam,Religion
51722,Muslims and immigrants,Islam,Religion
51729,foreign children,"Foreigners, asylum seekers, refugees (general)",Nationality
51761,people with addiction problems,Addiction disorders,Disability
51779,Israeli state,Middle East (nationalities),Nationality
51862,inhabitants of Kosovo,Eastern Europe (nationalities),Nationality
51910,trúlausir menn,Atheism,Religion
51955,múslimatrúar,Islam,Religion
51957,individuals associated with Islam,Islam,Religion
52012,catholics,Christianity,Religion
52024,Other religions,Non-Abrahamic religions,Religion
52067,Islam adherents,Islam,Religion
52192,Conservative women,Women,Gender
52209,Bandaríkjamanna,North America (nationalities),Nationality
52292,Mið-Austurlendingar,Middle Eastern/Arab (ethnicities),Ethnicity
52295,People from Middle Eastern countries,Middle Eastern/Arab (ethnicities),Ethnicity
52308,Mongolos,East Asia (nationalities),Nationality
52579,greindarskertra,Intellectual/Developmental disabilities,Disability
52687,verkakarlar,Men,Gender
52798,German citizens,Western Europe (nationalities),Nationality
52806,the black nation,Black/African (ethnicities),Ethnicity
52972,the French,Western Europe (nationalities),Nationality
52977,Finnland,Nordic countries (nationalities),Nationality
53059,Hollendinga,Western Europe (nationalities),Nationality
53061,Indlandi,South and Central Asia (nationalities),Nationality
53158,Jews during Soviet era,Judaism,Religion
53186,Danish farmers,Nordic countries (nationalities),Nationality
53399,Finnish workers,Nordic countries (nationalities),Nationality
53482,Eistland og Litháen,Eastern Europe (nationalities),Nationality
53508,Italian,Southern Europe (nationalities),Nationality
53520,workers in Poland,Eastern Europe (nationalities),Nationality
53524,Germans and French,Western Europe (nationalities),Nationality
53534,Irish workers,Western Europe (nationalities),Nationality
53589,Ekvador,South America (nationalities),Nationality
53629,Spanish bankers,Southern Europe (nationalities),Nationality
53649,middle class French,Western Europe (nationalities),Nationality
53667,those who smoke or have addictions,Addiction disorders,Disability
53677,Irish voters,Western Europe (nationalities),Nationality
53724,people in South America,Latino/Latin Americans (ethnicities),Ethnicity
53727,Kínverska þjóðin,East Asia (nationalities),Nationality
53803,the US,North America (nationalities),Nationality
53807,Latinos,Latino/Latin Americans (ethnicities),Ethnicity
53831,þjóðverjar,Western Europe (nationalities),Nationality
53874,Slóvenar,Eastern Europe (nationalities),Nationality
53893,Qataris,Middle East (nationalities),Nationality
54028,Kosovo Albanians,Eastern Europe (nationalities),Nationality
54032,Iraq,Middle East (nationalities),Nationality
54051,frakkar,Western Europe (nationalities),Nationality
54053,Slovenia,Eastern Europe (nationalities),Nationality
54083,Spanish,Southern Europe (nationalities),Nationality
54175,Muslim states,Islam,Religion
54194,homos,Homosexuality,LGBTQIA+
54214,US Americans,North America (nationalities),Nationality
54271,Russian fishermen,Eastern Europe (nationalities),Nationality
54284,togarakarlar,Men,Gender
54431,African American descendants,Black/African (ethnicities),Ethnicity
54543,Serbian people,Eastern Europe (nationalities),Nationality
54555,residents of Greenland,Nordic countries (nationalities),Nationality
54559,Pakistan,South and Central Asia (nationalities),Nationality
54610,Cuban elders,North America (nationalities),Nationality
54646,residents of Venezuela,South America (nationalities),Nationality
54694,members of certain religious groups,Religious people (general terms),Religion
54756,frumbyggjar,Indigenous peoples (ethnicities),Ethnicity
54845,fisherwomen,Women,Gender
54866,Russian and Ukrainian workers,Eastern Europe (nationalities),Nationality
54897,trillukarlar,Men,Gender
54915,women politicians,Women,Gender
55008,Palestínufólk,Middle East (nationalities),Nationality
55071,people with suicidal tendencies,Mental illnesses/disorders,Disability
55098,non-binary individuals,Transgender identities,LGBTQIA+
55107,Norwegian,Nordic countries (nationalities),Nationality
55118,India,South and Central Asia (nationalities),Nationality
55119,Brazil,South America (nationalities),Nationality
55131,elderly men,Men,Gender
55161,russian-speaking people,Eastern Europe (nationalities),Nationality
55233,Russians/Soviets,Eastern Europe (nationalities),Nationality
55272,Kúrda,Middle Eastern/Arab (ethnicities),Ethnicity
55273,Palestínumönnum,Middle East (nationalities),Nationality
55311,uneducated foreigners,"Foreigners, asylum seekers, refugees (general)",Nationality
55334,Ukrainian Jews,Judaism,Religion
55337,russians,Eastern Europe (nationalities),Nationality
55450,Brazilian citizens,South America (nationalities),Nationality
55507,Qatar laborers,Middle East (nationalities),Nationality
55512,people in Venezuela,South America (nationalities),Nationality
55674,Israelis and Arabs,Middle East (nationalities),Nationality
55678,Polish people,Eastern Europe (nationalities),Nationality
55774,Jewish culture,Judaism,Religion
55790,Jewish community,Judaism,Religion
55835,Jewish Culture,Judaism,Religion
55893,Samkynhneigt fólk,Homosexuality,LGBTQIA+
55909,individuals with mental illness,Mental illnesses/disorders,Disability
55994,youth in Spain,Southern Europe (nationalities),Nationality
56288,Greek,Southern Europe (nationalities),Nationality
56402,Religious groups,Religious people (general terms),Religion
56549,Finnish diplomats,Nordic countries (nationalities),Nationality
56629,nómadar í norður Svíþjóð og Finnlandi,Nordic countries (nationalities),Nationality
56712,people in Somalia,Africa (nationalities),Nationality
56832,Austria,Western Europe (nationalities),Nationality
57051,Norwegian working class,Nordic countries (nationalities),Nationality
57695,greeks,Southern Europe (nationalities),Nationality
57718,the mentally ill,Mental illnesses/disorders,Disability
57739,individuals who committed suicide,Mental illnesses/disorders,Disability
58007,Grikki,Southern Europe (nationalities),Nationality
58017,people in Denmark,Nordic countries (nationalities),Nationality
58055,Palestinians and Israelis,Middle East (nationalities),Nationality
58075,Samoa,Oceania (nationalities),Nationality
58187,Greek voters,Southern Europe (nationalities),Nationality
58263,minor religious groups,Religious people (general terms),Religion
58336,younger women,Women,Gender
58343,German and French people,Western Europe (nationalities),Nationality
58533,Eastern European migrants,Eastern Europe (nationalities),Nationality
58606,Spanish people,Southern Europe (nationalities),Nationality
58660,mongólítar,Intellectual/Developmental disabilities,Disability
58903,Slovakia,Eastern Europe (nationalities),Nationality
58911,polish criminals,Eastern Europe (nationalities),Nationality
59038,kristin trú,Christianity,Religion
59068,Kanadabúar,North America (nationalities),Nationality
59194,pólska yfirstétt,Eastern Europe (nationalities),Nationality
59406,flóttamenn (refugees),"Foreigners, asylum seekers, refugees (general)",Nationality
59646,Prussians,Eastern Europe (nationalities),Nationality
59694,Eastern Germans,Western Europe (nationalities),Nationality
59824,people struggling with mental health,Mental illnesses/disorders,Disability
59866,black individuals in the USA,Black/African (ethnicities),Ethnicity
59942,Japanir,East Asia (nationalities),Nationality
59983,Muslim,Islam,Religion
60049,Irish immigrants,Western Europe (nationalities),Nationality
60093,German drivers,Western Europe (nationalities),Nationality
60162,Finnish drinkers,Nordic countries (nationalities),Nationality
60251,Suður Víetnam,East Asia (nationalities),Nationality
60252,Norður Víetnam,East Asia (nationalities),Nationality
60289,Czech citizens,Eastern Europe (nationalities),Nationality
60316,Mongolian nations,East Asia (nationalities),Nationality
60378,Skandinavíu,Nordic countries (nationalities),Nationality
60433,people with asthma,Physical disabilities and general disability terms,Disability
60544,people from Islamic backgrounds,Islam,Religion
60592,blind people,Physical disabilities and general disability terms,Disability
60593,people with reading disabilities,Intellectual/Developmental disabilities,Disability
60634,Iranian individuals,Middle East (nationalities),Nationality
60677,people in England and Scotland,Western Europe (nationalities),Nationality
60828,Greek society,Southern Europe (nationalities),Nationality
60924,Konur,Women,Gender
61000,Ethnic Russians,Eastern Europe (nationalities),Nationality
61064,people from Ghana,Africa (nationalities),Nationality
61074,blökkumenn (Black people),Black/African (ethnicities),Ethnicity
61075,Íslendingar (Icelanders),Icelanders,Nationality
61136,Kurdish people,Middle Eastern/Arab (ethnicities),Ethnicity
61189,Irish women,Western Europe (nationalities); Women,Gender; Nationality
61216,Greek Orthodox,Christianity,Religion
61219,Waldensians,Christianity,Religion
61247,ethnic Russians,Eastern Europe (nationalities),Nationality
61332,Switzerland residents,Western Europe (nationalities),Nationality
61342,French pilots,Western Europe (nationalities),Nationality
61345,Suður-Kóreumenn (South Koreans),East Asia (nationalities),Nationality
61378,Túrkmenar,South and Central Asia (nationalities),Nationality
61416,English workers,Western Europe (nationalities),Nationality
61453,Great Britain,Western Europe (nationalities),Nationality
61472,Muslims and Christians,Islam,Religion
61509,Arabískar þjóðir,Middle Eastern/Arab (ethnicities),Ethnicity
61539,Karlar,Men,Gender
61552,people from the British Isles,Western Europe (nationalities),Nationality
61598,breast augmentation and reduction women,Women,Gender
61620,Múhameðska villimennzkunni,Islam,Religion
61631,Múhameðski menning,Islam,Religion
61665,Albanian migrants,Eastern Europe (nationalities),Nationality
61685,albanska fjölskyldan,Eastern Europe (nationalities),Nationality
61847,Múhameðstrúarmanna,Islam,Religion
61888,Mongolians,East Asia (nationalities),Nationality
61931,Arabians,Middle Eastern/Arab (ethnicities),Ethnicity
61997,Pakistani doctors,South and Central Asia (nationalities),Nationality
62124,negrar,Black/African (ethnicities),Ethnicity
62167,white Icelanders,Icelanders; White/European (ethnicities),Ethnicity; Nationality
62193,Eastern European mafia,Eastern Europe (nationalities),Nationality
62199,austurríkismenn,Western Europe (nationalities),Nationality
62241,Múhameðsmenn,Islam,Religion
62303,people of different skin colors,Multiethnic/General (ethnicities),Ethnicity
62317,múslimir,Islam,Religion
62348,Múhameðskir flóttamenn,Islam,Religion
62399,cleaning women,Women,Gender
62436,Múhameð,Islam,Religion
62462,White individuals,White/European (ethnicities),Ethnicity
62479,Albanian families,Eastern Europe (nationalities),Nationality
62486,Svíar (Swedes),Nordic countries (nationalities),Nationality
62552,hvíta,White/European (ethnicities),Ethnicity
62753,Kóreanskir og Japanskir kaupsýslumenn,East Asia (nationalities),Nationality
62762,Christian people,Christianity,Religion
62812,Saudis and Arabs,Middle Eastern/Arab (ethnicities),Ethnicity
62816,Saudi Arabian citizens,Middle East (nationalities),Nationality
62882,Múhameðskra villimanna,Islam,Religion
63033,people with alcohol-related issues,Addiction disorders,Disability
63047,Múhameðsku,Islam,Religion
63242,Muslim people,Islam,Religion
63314,Trans individuals,Transgender identities,LGBTQIA+
63369,múslimska homma,Homosexuality; Islam,LGBTQIA+; Religion
63379,múslimska,Islam,Religion
63382,Muhammadan Muslims,Islam,Religion
63426,Bandaríkjan,North America (nationalities),Nationality
63455,people of Asian descent,Asians (ethnicities),Ethnicity
63555,Shia Muslims,Islam,Religion
63567,irreligious people,Atheism,Religion
63627,religious experts,Religious people (general terms),Religion
63775,Russian sympathizers,Eastern Europe (nationalities),Nationality
63879,French socialists and technocrats,Western Europe (nationalities),Nationality
63986,people of the Islamic faith,Islam,Religion
64107,Norwegian women,Nordic countries (nationalities); Women,Gender; Nationality
64147,minoritized religious groups,Religious people (general terms),Religion
64157,parents of foreign origin,"Foreigners, asylum seekers, refugees (general)",Nationality
64192,Indíána,Indigenous peoples (ethnicities),Ethnicity
64344,people on disability,Physical disabilities and general disability terms,Disability
64401,non-native Icelanders,Icelanders,Nationality
64433,útlendar flokkana,"Foreigners, asylum seekers, refugees (general)",Nationality
64471,múhameðskur lýður,Islam,Religion
64628,members of religious institutions,Religious people (general terms),Religion
64631,believers in other religions,Religious people (general terms),Religion
64779,Norwegian citizens,Nordic countries (nationalities),Nationality
64780,norskir ríkisborgarar,Nordic countries (nationalities),Nationality
65048,kynvillingar,Queer (general/other),LGBTQIA+
65071,lgbtq community,Queer (general/other),LGBTQIA+
65104,self-governing women,Women,Gender
65507,same-sex marriage supporters,Homosexuality,LGBTQIA+
65679,Somali people,Africa (nationalities),Nationality
65686,Belgian citizens,Western Europe (nationalities),Nationality
65699,Afghan women,Middle East (nationalities); Women,Gender; Nationality
65939,Arab cultures,Middle Eastern/Arab (ethnicities),Ethnicity
66113,Chinese laborers,East Asia (nationalities),Nationality
66271,skinny women,Women,Gender
66292,Russian elite,Eastern Europe (nationalities),Nationality
66397,Arab,Middle Eastern/Arab (ethnicities),Ethnicity
66443,Norse women,Women,Gender
66455,people who are religious,Religious people (general terms),Religion
66511,foreign landlords,"Foreigners, asylum seekers, refugees (general)",Nationality
66538,muslim men,Islam; Men,Gender; Religion
66682,foreign spouses,"Foreigners, asylum seekers, refugees (general)",Nationality
66692,Muslim immigrants,Islam,Religion
66793,people from Iran,Middle East (nationalities),Nationality
66826,Færeyskir,Nordic countries (nationalities),Nationality
66827,Færeyingur,Nordic countries (nationalities),Nationality
67054,indigenous workers,Indigenous peoples (ethnicities),Ethnicity
67500,women in finance,Women,Gender
67801,Icelanders living on social security,Icelanders,Nationality
67802,foreigners lodging applications for asylum,"Foreigners, asylum seekers, refugees (general)",Nationality
67871,young men of color,Black/African (ethnicities); Men,Ethnicity; Gender
67997,Mexican men,North America (nationalities),Nationality
68031,certain Icelanders,Icelanders,Nationality
68042,younger men in the Framsóknarflokk,Men,Gender
68065,drug addicts and alcoholics,Addiction disorders,Disability
68098,Mið-austurlönd,Middle Eastern/Arab (ethnicities),Ethnicity
68155,individuals with alcohol issues,Addiction disorders,Disability
68176,Guatemalan women,North America (nationalities); Women,Gender; Nationality
68177,Palestinian women,Women,Gender
68230,individuals with addiction,Addiction disorders,Disability
68283,young women in care,Women,Gender
68348,people of Arab descent,Middle Eastern/Arab (ethnicities),Ethnicity
68874,múslimskra hryðjuverkasveita,Islam,Religion
68921,Saudi Arabian,Middle East (nationalities),Nationality
69059,ordinary women,Women,Gender
69060,modern women,Women,Gender
69079,young married or engaged women,Women,Gender
69090,færeyringarnir,Nordic countries (nationalities),Nationality
69125,people with eating disorders,Mental illnesses/disorders,Disability
69247,lower class women,Women,Gender
69274,individuals with mental disabilities,Intellectual/Developmental disabilities; Mental illnesses/disorders,Disability
69316,Brits and French,Western Europe (nationalities),Nationality
69333,elderly and disabled persons,Physical disabilities and general disability terms,Disability
69436,northern women,Women,Gender
69544,black women,Black/African (ethnicities); Women,Ethnicity; Gender
69572,women in parliament,Women,Gender
69856,persons with disabilities,Intellectual/Developmental disabilities; Physical disabilities and general disability terms,Disability
69943,South America,Latino/Latin Americans (ethnicities),Ethnicity
70071,americans,North America (nationalities),Nationality
70086,unmarried people in the USA,North America (nationalities),Nationality
70100,cocaine users,Addiction disorders,Disability
70115,dópistar,Addiction disorders,Disability
70141,utlendingar,"Foreigners, asylum seekers, refugees (general)",Nationality
70194,kallmenn,Men,Gender
70392,refugees and immigrants,"Foreigners, asylum seekers, refugees (general)",Nationality
70407,Albanian and Macedonian refugees,Eastern Europe (nationalities),Nationality
70436,Tyrkland,Middle East (nationalities),Nationality
70445,Turkey,Middle East (nationalities),Nationality
70511,Portugalska þjóð,Southern Europe (nationalities),Nationality
70549,Syrian citizens,Middle East (nationalities),Nationality
70558,Arab states,Middle Eastern/Arab (ethnicities),Ethnicity
70619,Sunni Arabs,Middle Eastern/Arab (ethnicities),Ethnicity
70628,Middle Eastern nations,Middle Eastern/Arab (ethnicities),Ethnicity
70718,Islamist Extremists,Islam,Religion
70835,Kínverjum,East Asia (nationalities),Nationality
70837,Indverjum,South and Central Asia (nationalities),Nationality
70857,Russian-speaking residents of Ukraine,Eastern Europe (nationalities),Nationality
70932,Venesuela,South America (nationalities),Nationality
70941,Nígeríu,Africa (nationalities),Nationality
71046,germans,Western Europe (nationalities),Nationality
71074,Arab League,Middle Eastern/Arab (ethnicities),Ethnicity
71106,Kínar,East Asia (nationalities),Nationality
71108,Han-Kínverjar,East Asia (nationalities),Nationality
71153,Islamic State,Islam,Religion
71160,people of Russian origin,Eastern Europe (nationalities),Nationality
71238,múslimskar konur,Islam,Religion
71285,Albanians in Bosnia,Eastern Europe (nationalities),Nationality
71293,Liechtenstein and Switzerland,Western Europe (nationalities),Nationality
71356,Bosnian Muslims,Islam,Religion
71359,Bandaríkjanna,North America (nationalities),Nationality
71386,Jewish extremists,Judaism,Religion
71425,Sunni Muslims,Islam,Religion
71433,Russian-speaking citizens,Eastern Europe (nationalities),Nationality
71435,Russian speakers,Eastern Europe (nationalities),Nationality
71447,ethnic russians,Eastern Europe (nationalities),Nationality
71480,russian-speaking individuals,Eastern Europe (nationalities),Nationality
71526,Qatar,Middle East (nationalities),Nationality
71555,Arab leaders,Middle Eastern/Arab (ethnicities),Ethnicity
71599,Súnní múslimar,Islam,Religion
71601,Saudi Arabía,Middle East (nationalities),Nationality
71603,Islamic Extremists,Islam,Religion
71700,Middle-Eastern countries,Middle Eastern/Arab (ethnicities),Ethnicity
71710,Middle Eastern leaders,Middle Eastern/Arab (ethnicities),Ethnicity
71733,Russian nationals,Eastern Europe (nationalities),Nationality
71806,Russian speakers in Ukraine,Eastern Europe (nationalities),Nationality
71842,Russian-speaking populations,Eastern Europe (nationalities),Nationality
71845,people of Russian descent,Eastern Europe (nationalities),Nationality
71888,Somaliers,Africa (nationalities),Nationality
71897,Arabaríkin,Middle Eastern/Arab (ethnicities),Ethnicity
71901,Afganistan,Middle East (nationalities),Nationality
71947,Ukrainian citizens,Eastern Europe (nationalities),Nationality
72004,bandaríkjanna,North America (nationalities),Nationality
72092,Islamist extremists,Islam,Religion
72097,Syrian rebels,Middle East (nationalities),Nationality
72099,rebels in Syria,Middle East (nationalities),Nationality
72137,Bræðralag Múslima,Islam,Religion
72191,Germany and France,Western Europe (nationalities),Nationality
72235,Bandaríkja borgarar,North America (nationalities),Nationality
72292,people from Spain,Southern Europe (nationalities),Nationality
72301, Americans,North America (nationalities),Nationality
72326,Poland,Eastern Europe (nationalities),Nationality
72327,Czech Republic,Eastern Europe (nationalities),Nationality
72396,France and other countries in crisis,Western Europe (nationalities),Nationality
72436,Víetnam,East Asia (nationalities),Nationality
72493,Southeast Asian countries,Asians (ethnicities),Ethnicity
72635,Asian countries,Asians (ethnicities),Ethnicity
72707,Spain and Portugal,Southern Europe (nationalities),Nationality
72722,Portugal,Southern Europe (nationalities),Nationality
72775,German population,Western Europe (nationalities),Nationality
72803,Sunnítar,Islam,Religion
72941,pólverja,Eastern Europe (nationalities),Nationality
73002,Slovakians,Eastern Europe (nationalities),Nationality
73003,Slóvakía,Eastern Europe (nationalities),Nationality
73084,Grikkir (Greeks),Southern Europe (nationalities),Nationality
73113,West Americans,North America (nationalities),Nationality
73116,Arabaþjóðir,Middle Eastern/Arab (ethnicities),Ethnicity
73118,Portugals workforce,Southern Europe (nationalities),Nationality
73133,Grikklandi,Southern Europe (nationalities),Nationality
73225,Kínverjar (Chinese),East Asia (nationalities),Nationality
73233,Laos,East Asia (nationalities),Nationality
73234,Kambódía,East Asia (nationalities),Nationality
73235,Myanmar,East Asia (nationalities),Nationality
73652,Portúgal,Southern Europe (nationalities),Nationality
73678,Kanadamenn,North America (nationalities),Nationality
73710,Nigeria,Africa (nationalities),Nationality
73773,Iranian,Middle East (nationalities),Nationality
73792,Sannir Finnar,Nordic countries (nationalities),Nationality
73882,women with breast surgery,Women,Gender
73906,Mexíkó,North America (nationalities),Nationality
74079,people in Sri Lanka,South and Central Asia (nationalities),Nationality
74124,specific religious followers,Religious people (general terms),Religion
74207,white heterosexual men,Men; White/European (ethnicities),Ethnicity; Gender
74246,hvíta karlmenn,Men; White/European (ethnicities),Ethnicity; Gender
74253,hvítir karlmenn,Men; White/European (ethnicities),Ethnicity; Gender
74260,white middle-aged conservative men,Men; White/European (ethnicities),Ethnicity; Gender
74265,hvíti karlmenn,Men; White/European (ethnicities),Ethnicity; Gender
74274,"white, Christian, heterosexual men",Men; White/European (ethnicities),Ethnicity; Gender
74375,religious majority,Religious people (general terms),Religion
74384,Trúlausir,Atheism,Religion
74399,Heathens,Non-Abrahamic religions,Religion
74414,followers of different religions,Religious people (general terms),Religion
74754,Muslims in general,Islam,Religion
75191,foreigners or critics from outside Iceland,"Foreigners, asylum seekers, refugees (general)",Nationality
75264,UK and Holland,Western Europe (nationalities),Nationality
75688,íslamista,Islam,Religion
75690,islamista,Islam,Religion
75747,Færeyja,Nordic countries (nationalities),Nationality
75749,Grænlands,Nordic countries (nationalities),Nationality
75774,blökkumaður,Black/African (ethnicities),Ethnicity
75804,Zimbabwe,Africa (nationalities),Nationality
76012,trúleysingjatalibanar,Atheism,Religion
76141,Iranian women,Middle East (nationalities); Women,Gender; Nationality
76154,women in the Middle East,Middle Eastern/Arab (ethnicities); Women,Ethnicity; Gender
76158,black South Africans,Africa (nationalities); Black/African (ethnicities),Ethnicity; Nationality
76159,white South Africans,Africa (nationalities); White/European (ethnicities),Ethnicity; Nationality
76185,Norðurlöndin,Nordic countries (nationalities),Nationality
76207,svartrar menn,Black/African (ethnicities); Men,Ethnicity; Gender
76424,residents of Iraq,Middle East (nationalities),Nationality
76433,western women,Women,Gender
76494,Russian individuals,Eastern Europe (nationalities),Nationality
76619,Kamerún,Africa (nationalities),Nationality
76691,Pólverja,Eastern Europe (nationalities),Nationality
76692,Ungverja,Eastern Europe (nationalities),Nationality
76826,gay-pride supporters,Homosexuality,LGBTQIA+
76891,Russian minority,Eastern Europe (nationalities),Nationality
76928,people with diverse gender identities,Transgender identities,LGBTQIA+
76946,listakonur,Women,Gender
77211,Danir (Danes),Nordic countries (nationalities),Nationality
77212,samkynhneigðir (gay people),Homosexuality,LGBTQIA+
77365,öfgakellingar,Women,Gender
77443,people using wheelchairs,Physical disabilities and general disability terms,Disability
77458,members of LGBTQ+ community,Queer (general/other),LGBTQIA+
77484,Cuba,North America (nationalities),Nationality
77514,samkynhneigðir karlar,Homosexuality; Men,Gender; LGBTQIA+
77515,gagnkynhneigðir karlar,Men,Gender
77552,advocates for gender identity legislation,Transgender identities,LGBTQIA+
77564,afghans,Middle East (nationalities),Nationality
77570,people fleeing Afghanistan,Middle East (nationalities),Nationality
77683,Kínverjinn,East Asia (nationalities),Nationality
77702,people challenging traditional definitions of gender,Transgender identities,LGBTQIA+
77703,people with non-binary identities,Transgender identities,LGBTQIA+
77799,asíubúar,Asians (ethnicities),Ethnicity
77847,people who use illegal drugs,Addiction disorders,Disability
78130,Hungarian judges,Eastern Europe (nationalities),Nationality
78173,N-Englands inhabitants,Western Europe (nationalities),Nationality
78276,ólöglega innflytjendur,"Foreigners, asylum seekers, refugees (general)",Nationality
78309,Islamic nations,Islam,Religion
78412,théldökkra,Black/African (ethnicities),Ethnicity
78438,dökkir útlendingar,"Foreigners, asylum seekers, refugees (general)",Nationality
78464,people affected by mental health issues,Mental illnesses/disorders,Disability
78540,East Asian,Asians (ethnicities),Ethnicity
78545,intellectually challenged,Intellectual/Developmental disabilities,Disability
78561,black athletes,Black/African (ethnicities),Ethnicity
78565,íslamistum,Islam,Religion
78617,middle-aged white men,Men; White/European (ethnicities),Ethnicity; Gender
78637,people undergoing gender transition,Transgender identities,LGBTQIA+
78726,Portugala og Spánverja,Southern Europe (nationalities),Nationality
78748,women in policing,Women,Gender
78840,weak addicts,Addiction disorders,Disability
78884,hvíti maðurinn,White/European (ethnicities),Ethnicity
78885,gyðingurinn,Judaism,Religion
78908,black families,Black/African (ethnicities),Ethnicity
78913,Religious People,Religious people (general terms),Religion
78916,White men,Men; White/European (ethnicities),Ethnicity; Gender
78930,self-sufficient Icelanders,Icelanders,Nationality
78971,black communities,Black/African (ethnicities),Ethnicity
78973,single black mothers,Black/African (ethnicities),Ethnicity
78981,hvíta afbrotamenn,White/European (ethnicities),Ethnicity
78982,svarta,Black/African (ethnicities),Ethnicity
78992,people with white skin,White/European (ethnicities),Ethnicity
79009,White people,White/European (ethnicities),Ethnicity
79019,White Americans,White/European (ethnicities),Ethnicity
79026,white capitalists,White/European (ethnicities),Ethnicity
79309,Israelar,Middle East (nationalities),Nationality
79378,Spánverja,Southern Europe (nationalities),Nationality
79379,Portúgala,Southern Europe (nationalities),Nationality
79380,"Ísland, Færeyjar, Grænland, Danmörk og Noregur",Nordic countries (nationalities),Nationality
79402,Iranian citizens,Middle East (nationalities),Nationality
79435,Arabaheimurinn,Middle Eastern/Arab (ethnicities),Ethnicity
79436,Arabaheimur,Middle Eastern/Arab (ethnicities),Ethnicity
79561,Namibian citizens,Africa (nationalities),Nationality
79568,útlendinga,"Foreigners, asylum seekers, refugees (general)",Nationality
79615,Asian men,Asians (ethnicities); Men,Ethnicity; Gender
79616,Black men,Black/African (ethnicities); Men,Ethnicity; Gender
79618,white middle-aged men,Men; White/European (ethnicities),Ethnicity; Gender
79648,Albanian refugees,Eastern Europe (nationalities),Nationality
79913,Luxembourg,Western Europe (nationalities),Nationality
79939,individuals with personality disorders,Mental illnesses/disorders,Disability
80036,Frumbyggjar Grænlands,Indigenous peoples (ethnicities); Nordic countries (nationalities),Ethnicity; Nationality
80123,Filipino people,East Asia (nationalities),Nationality
80213,Islamic individuals,Islam,Religion
80606,Polish women,Eastern Europe (nationalities); Women,Gender; Nationality
80636,the US elite,North America (nationalities),Nationality
80699,New Zealand tourists,Oceania (nationalities),Nationality
80734,German ruling class,Western Europe (nationalities),Nationality
80837,organized religions,Religious people (general terms),Religion
80862,young white males,White/European (ethnicities),Ethnicity
80915,White males,White/European (ethnicities),Ethnicity
80936,women in leftist parties,Women,Gender
80989,hvíta miðaldra karla,Men; White/European (ethnicities),Ethnicity; Gender
81292,múslimaríkin,Islam,Religion
81321,the German populace,Western Europe (nationalities),Nationality
81322,German voters,Western Europe (nationalities),Nationality
81371,Aboriginal Australians,Oceania (nationalities),Nationality
81487,Americans and Canadians,North America (nationalities),Nationality
81489,Latino Americans,Latino/Latin Americans (ethnicities),Ethnicity
81562,Latvian people,Eastern Europe (nationalities),Nationality
81637,"foreign nations (Bretar, Hollendingar)",Western Europe (nationalities),Nationality
81955,finland,Nordic countries (nationalities),Nationality
81956,denmark,Nordic countries (nationalities),Nationality
81957,latvia,Eastern Europe (nationalities),Nationality
82028,German men,Men; Western Europe (nationalities),Gender; Nationality
82279,Eistland,Eastern Europe (nationalities),Nationality
82428,disabled community,Physical disabilities and general disability terms,Disability
82757,finnish businessmen,Nordic countries (nationalities),Nationality
83266,men in business,Men,Gender
83299,individuals with alcohol-related health issues,Addiction disorders,Disability
83365,Arab men,Men; Middle Eastern/Arab (ethnicities),Ethnicity; Gender
83366,Western men,Men,Gender
83550,Palestínuarabar,Middle East (nationalities); Middle Eastern/Arab (ethnicities),Ethnicity; Nationality
83697,islandskarlar,Men,Gender
83709,foreign nurses,"Foreigners, asylum seekers, refugees (general)",Nationality
83883,geðbilaður,Mental illnesses/disorders,Disability
84002,people with bipolar disorder,Mental illnesses/disorders,Disability
84070,white police officers,White/European (ethnicities),Ethnicity
84143,people from Malaysia,East Asia (nationalities),Nationality
84146,unmarried men,Men,Gender
84218,muslim populations,Islam,Religion
84239,Swedish teachers,Nordic countries (nationalities),Nationality
84585,Bandaríkjadmen,North America (nationalities),Nationality
84760,Finnarnir,Nordic countries (nationalities),Nationality
84796,ungar iðnaðar-silicon-stelpur,Women,Gender
84919,Greenland,Nordic countries (nationalities),Nationality
84990,"Norway, Sweden, Finland",Nordic countries (nationalities),Nationality
85133,foreign filmmakers,"Foreigners, asylum seekers, refugees (general)",Nationality
85179,Brazilian culture,South America (nationalities),Nationality
85201,individuals seeking non-gendered names,Transgender identities,LGBTQIA+
85225,Italian contractors,Southern Europe (nationalities),Nationality
85314,Liechtensteiners,Western Europe (nationalities),Nationality
85354,rich Americans,North America (nationalities),Nationality
85360,Hondurans,North America (nationalities),Nationality
85361,Jamaicans,North America (nationalities),Nationality
85567,fólk á Norðurlöndunum,Nordic countries (nationalities),Nationality
85758,Swedish society,Nordic countries (nationalities),Nationality
85773,nigerískar konur,Africa (nationalities); Women,Gender; Nationality
86019,U.S.A.,North America (nationalities),Nationality
86023,fat middle-aged white men,Men; White/European (ethnicities),Ethnicity; Gender
86105,people who consume drugs other than alcohol,Addiction disorders,Disability
86119,local men,Men,Gender
86182,Arab nationals,Middle Eastern/Arab (ethnicities),Ethnicity
86183,Arab immigrants,Middle Eastern/Arab (ethnicities),Ethnicity
86290,blind and disabled people,Physical disabilities and general disability terms,Disability
86378,Hungarian athletes,Eastern Europe (nationalities),Nationality
86468,Swiss men,Men,Gender
87032,population of Sweden,Nordic countries (nationalities),Nationality
87129,Finnish Sann Finnar,Nordic countries (nationalities),Nationality
87133,Bretar (British),Western Europe (nationalities),Nationality
87149,Greece and Spain,Southern Europe (nationalities),Nationality
87212,Polish farmers,Eastern Europe (nationalities),Nationality
87339,people with drug problems,Addiction disorders,Disability
87415,Cyprus,Southern Europe (nationalities),Nationality
87419,Russian money holders,Eastern Europe (nationalities),Nationality
87520,light-haired women,Women,Gender
87547,upper-class women,Women,Gender
87575,Blacks in America,Black/African (ethnicities),Ethnicity
87576,Whites in America,White/European (ethnicities),Ethnicity
87603,individuals with intersex conditions,Intersex/Gender minorities,LGBTQIA+
87604,individuals with gender dysphoria,Transgender identities,LGBTQIA+
87759,Egyptar,Middle East (nationalities),Nationality
87798,people who interpret religious texts,Religious people (general terms),Religion
87819,Assyrians,Middle East (nationalities),Nationality
87864,religious faith,Religious people (general terms),Religion
87868,followers of specific religious beliefs,Religious people (general terms),Religion
87969,people of various religions and non-religious people,Religious people (general terms),Religion
87984,Jainism,Non-Abrahamic religions,Religion
87999,Atheism,Atheism,Religion
88088,samkynhneigð börn,Homosexuality,LGBTQIA+
88092,same-sex orientation,Homosexuality,LGBTQIA+
88165,palestínumenn,Middle East (nationalities),Nationality
88325,people who leave Islam,Islam,Religion
88335,young women from Russia,Women,Gender
88339,individuals with diverse gender identities,Transgender identities,LGBTQIA+
88341,people with intersex variations,Intersex/Gender minorities,LGBTQIA+
88948,people who interpret religious texts literally,Religious people (general terms),Religion
89071,people who misuse alcohol,Addiction disorders,Disability
89089,those who are religious,Religious people (general terms),Religion
89260,ogift samkynhneigð pör,Homosexuality,LGBTQIA+
89319,believers of Islam,Islam,Religion
90076,pregnant women and children,Women,Gender
90827,workers from Chile,South America (nationalities),Nationality
91697,middle-aged conservative men,Men,Gender
91804,workers in Denmark,Nordic countries (nationalities),Nationality
92213,foreigners (Dutch and British),Western Europe (nationalities),Nationality
92263,unemployed or disabled individuals,Physical disabilities and general disability terms,Disability
93032,trúlausu,Atheism,Religion
93183,people using drugs,Addiction disorders,Disability
93283,Jewish children,Judaism,Religion
93347,people with mental illnesses and addictions,Addiction disorders,Disability
93356,fat women,Women,Gender
93389,those with addiction issues,Addiction disorders,Disability
93393,individuals facing addiction,Addiction disorders,Disability
93407,elder women,Women,Gender
93415,people with alcohol or drug issues,Addiction disorders,Disability
93506,people in Finland,Nordic countries (nationalities),Nationality
93535,Lithuanian men,Eastern Europe (nationalities); Men,Gender; Nationality
93536,Polish men,Eastern Europe (nationalities); Men,Gender; Nationality
93540,erlendir karlmenn,Men,Gender
93559,thailenska konan (Thai woman),East Asia (nationalities),Nationality
93596,Vietnam veterans,East Asia (nationalities),Nationality
93712,people in addiction and trafficking,Addiction disorders,Disability
93716,men who use drugs,Addiction disorders; Men,Disability; Gender
93803,those with different religious backgrounds,Religious people (general terms),Religion
93805,the Israelites,Middle East (nationalities),Nationality
93807,Jewish scholars,Judaism,Religion
93949,foreign thieves,"Foreigners, asylum seekers, refugees (general)",Nationality
94036,educated Icelanders,Icelanders,Nationality
94115,South Africa,Africa (nationalities),Nationality
94136,Israeli Palestinians,Middle East (nationalities),Nationality
94219,hommar og lesbíur,Homosexuality,LGBTQIA+
94226,Eritreans,Africa (nationalities),Nationality
94259,Islam followers,Islam,Religion
94284,Jewish media representatives,Judaism,Religion
94302,Asíu,Asians (ethnicities),Ethnicity
94414,muslim immigrants,Islam,Religion
94464,mental illness,Mental illnesses/disorders,Disability
94557,gender non-conformists,Transgender identities,LGBTQIA+
94588,Somali,Africa (nationalities),Nationality
94671,Katarar,Middle East (nationalities),Nationality
94694,Israeli Arabs,Middle East (nationalities); Middle Eastern/Arab (ethnicities),Ethnicity; Nationality
94713,people with chronic headaches,Physical disabilities and general disability terms,Disability
94817,Muslim population,Islam,Religion
94862,gaypride-fólks,Homosexuality,LGBTQIA+
94883,white women,White/European (ethnicities); Women,Ethnicity; Gender
94965,poor populations in India,South and Central Asia (nationalities),Nationality
94976,Italian people,Southern Europe (nationalities),Nationality
95127,women seeking abortions,Women,Gender
95250,norrænna menn,Nordic countries (nationalities),Nationality
95322,kristið fólk,Christianity,Religion
95325,believers of religious faiths,Religious people (general terms),Religion
95327,youth/suicidal individuals,Mental illnesses/disorders,Disability
95384,people of certain religions,Religious people (general terms),Religion
95388,trúleysi,Atheism,Religion
95398,people discussing Islam,Islam,Religion
95412,Muslim nations,Islam,Religion
95475,certain religions,Religious people (general terms),Religion
95549,ólöglegir innflytjendur,"Foreigners, asylum seekers, refugees (general)",Nationality
95681,muslimar,Islam,Religion
95684,Islamic community,Islam,Religion
95704,gay pride,Homosexuality,LGBTQIA+
95766,Albanian immigrants,Eastern Europe (nationalities),Nationality
95886,Bandaríkjamenn (Americans),North America (nationalities),Nationality
95930,Islamic leaders,Islam,Religion
95934,Islamic groups,Islam,Religion
95995,people in Saudi Arabia,Middle East (nationalities),Nationality
96009,Radical Islamists,Islam,Religion
96023,marginalized sexual orientations,Queer (general/other),LGBTQIA+
96222,Gender and sexual minorities,Queer (general/other),LGBTQIA+
96224,Gay people,Homosexuality,LGBTQIA+
96297,religious movements,Religious people (general terms),Religion
96322,followers of certain religious beliefs,Religious people (general terms),Religion
96401,hinseginfólk,Queer (general/other),LGBTQIA+
96407,people of sexual minorities,Queer (general/other),LGBTQIA+
96408,lgbt community,Queer (general/other),LGBTQIA+
96578,elderly and disabled individuals,Physical disabilities and general disability terms,Disability
96714,þeldökka verkfallsmenn,Black/African (ethnicities),Ethnicity
96716,high-paid women in Iceland,Women,Gender
96717,men in power,Men,Gender
96780,children in the USA,North America (nationalities),Nationality
96785,Afghanistan,Middle East (nationalities),Nationality
96799,láglaunakarlar,Men,Gender
96879,Ólöglegir innflytjendur,"Foreigners, asylum seekers, refugees (general)",Nationality
96959,non-white individuals,Multiethnic/General (ethnicities),Ethnicity
97055,people of Haiti,North America (nationalities),Nationality
97163,menn af landsbyggðinni,Men,Gender
97185,Foreign bondholders,"Foreigners, asylum seekers, refugees (general)",Nationality
97342,eastern Europeans,Eastern Europe (nationalities),Nationality
97493,British workers,Western Europe (nationalities),Nationality
97870,Argentínska þjóðin,South America (nationalities),Nationality
97873,the elderly and disabled,Physical disabilities and general disability terms,Disability
98126,elderly Icelanders,Icelanders,Nationality
98462,old women,Women,Gender
98556,Argentína,South America (nationalities),Nationality
98778,specific demographic (Hollendingar),Western Europe (nationalities),Nationality
99344,Bretar og Hollandingar,Western Europe (nationalities),Nationality
99659,young right-wing men,Men,Gender
99720,people in Eastern Europe,Eastern Europe (nationalities),Nationality
99722,people in Ireland,Western Europe (nationalities),Nationality
99732,unemployed Icelanders,Icelanders,Nationality
99937,children with ADHD,Intellectual/Developmental disabilities,Disability
99969,Danish teachers,Nordic countries (nationalities),Nationality
99980,Men,Men,Gender
100088,German bankers,Western Europe (nationalities),Nationality
100089,British bankers,Western Europe (nationalities),Nationality
100090,French bankers,Western Europe (nationalities),Nationality
100115,Scottish fishermen,Western Europe (nationalities),Nationality
100183,Danish merchants,Nordic countries (nationalities),Nationality
100221,serbíum,Eastern Europe (nationalities),Nationality
100248,addicts and alcoholics,Addiction disorders,Disability
100251,people struggling with addiction,Addiction disorders,Disability
100290,local Icelanders who eat traditional foods,Icelanders,Nationality
100308,Holland and Britain,Western Europe (nationalities),Nationality
100399,people from Romania,Eastern Europe (nationalities),Nationality
100533,Israeli individuals,Middle East (nationalities),Nationality
100534,Jewish individuals,Judaism,Religion
100752,conservative religious individuals,Religious people (general terms),Religion
100760,self-righteous religious individuals,Religious people (general terms),Religion
100929,people who reject religious morals,Atheism,Religion
101054,believers of other religions,Religious people (general terms),Religion
101098,North American religious groups,Religious people (general terms),Religion
101121,the religious community,Religious people (general terms),Religion
101147,believers in religious texts,Religious people (general terms),Religion
101244,Asíubúar,Asians (ethnicities),Ethnicity
101402,Ameríkuindíánar,Indigenous peoples (ethnicities),Ethnicity
101632,those in religious institutions,Religious people (general terms),Religion
101653,Chinese miners,East Asia (nationalities),Nationality
101770,Danish elite,Nordic countries (nationalities),Nationality
101828,British entrepreneurs,Western Europe (nationalities),Nationality
102115,Zimbabweans,Africa (nationalities),Nationality
102170,Christians and Muslims,Islam,Religion
102396,black people in America,Black/African (ethnicities),Ethnicity
102445,Icelanders in general,Icelanders,Nationality
102776,flóttamenn og hælisleitendur,"Foreigners, asylum seekers, refugees (general)",Nationality
102941,Kýpurbúar,Southern Europe (nationalities),Nationality
103081,Búlgaríu og Rúmeníu,Eastern Europe (nationalities),Nationality
103156,Kýpur,Southern Europe (nationalities),Nationality
103180,French taxpayers,Western Europe (nationalities),Nationality
103206,samkynheigð,Homosexuality,LGBTQIA+
103322,the common Icelander,Icelanders,Nationality
103436,residents of Malta,Southern Europe (nationalities),Nationality
103551,people from Cyprus,Southern Europe (nationalities),Nationality
103558,Spanish and Portuguese people,Southern Europe (nationalities),Nationality
103682,Albaníu,Eastern Europe (nationalities),Nationality
103683,Hvíta-Rússlandi,Eastern Europe (nationalities),Nationality
103882,Ungir íslendingar,Icelanders,Nationality
103883,grænlendingar,Nordic countries (nationalities),Nationality
104075,einband karlmenn,Men,Gender
104154,ADHD individuals,Intellectual/Developmental disabilities,Disability
104183,Scotland,Western Europe (nationalities),Nationality
104263,hindus,Non-Abrahamic religions,Religion
104413,Zimbabwei,Africa (nationalities),Nationality
104473,religious bloggers,Religious people (general terms),Religion
104648,different religious groups,Religious people (general terms),Religion
104700,people with Asperger syndrome,Intellectual/Developmental disabilities,Disability
104802,women advocating for women's rights,Women,Gender
104939,samkynhneigða,Homosexuality,LGBTQIA+
104943,LGBT+ individuals,Queer (general/other),LGBTQIA+
104993,religious persons,Religious people (general terms),Religion
104994,non-heterosexual individuals,Queer (general/other),LGBTQIA+
105136,people involved with religious institutions,Religious people (general terms),Religion
105148,people expressing mental health issues,Mental illnesses/disorders,Disability
105166,young women in England,Western Europe (nationalities); Women,Gender; Nationality
105221,asexual people,Queer (general/other),LGBTQIA+
105222,people with asexuality,Queer (general/other),LGBTQIA+
105224,asexual individuals,Queer (general/other),LGBTQIA+
105272,those with mental illness,Mental illnesses/disorders,Disability
105345,followers of religions,Religious people (general terms),Religion
105372,people who believe in God or religious texts,Religious people (general terms),Religion
105420,those receiving financial support due to disability,Physical disabilities and general disability terms,Disability
105480,mentally ill people,Mental illnesses/disorders,Disability
105515,people with intellectual disabilities,Intellectual/Developmental disabilities,Disability
105517,intellectually challenged individuals,Intellectual/Developmental disabilities,Disability
105736,the deeply religious,Religious people (general terms),Religion
105865,Finnish Nationalists,Nordic countries (nationalities),Nationality
105869,Vietnam,East Asia (nationalities),Nationality
105921,Turkish immigrants,Middle East (nationalities),Nationality
105923,Belgian craftsmen,Western Europe (nationalities),Nationality
106006,Romanian society,Eastern Europe (nationalities),Nationality
106020,Northern Germans,Western Europe (nationalities),Nationality
106098,Indigenous Icelanders,Icelanders,Nationality
106140,Kínverjar og Japanir,East Asia (nationalities),Nationality
106255,people from the Southern states of the USA,North America (nationalities),Nationality
106485,women drivers,Women,Gender
106544,the English,Western Europe (nationalities),Nationality
106552,Qatari,Middle East (nationalities),Nationality
106590,Russian People,Eastern Europe (nationalities),Nationality
106620,people involved in religion,Religious people (general terms),Religion
106706,Danish society,Nordic countries (nationalities),Nationality
106710,norska þjóðfélagið,Nordic countries (nationalities),Nationality
106747,Iraqi children,Middle East (nationalities),Nationality
106820,developing nations,Multiethnic/General (ethnicities),Ethnicity
106909,Uyghurs,Asians (ethnicities),Ethnicity
107019,people with anxiety disorders,Mental illnesses/disorders,Disability
107103,Central American countries,Latino/Latin Americans (ethnicities),Ethnicity
107238,people with unhealthy eating habits,Mental illnesses/disorders,Disability
107426,the Iraqi people,Middle East (nationalities),Nationality
107431,Drug Users,Addiction disorders,Disability
107499,Mið-Austurlandi inhabitants,Middle Eastern/Arab (ethnicities),Ethnicity
107653,citizens of East Germany,Western Europe (nationalities),Nationality
107712,believers in supernatural or religious ideologies,Religious people (general terms),Religion
107765,average Icelanders,Icelanders,Nationality
107770,all Icelanders,Icelanders,Nationality
107893,successful men,Men,Gender
107934,Turkmenistan,South and Central Asia (nationalities),Nationality
107975,Finland,Nordic countries (nationalities),Nationality
108038,newly wealthy Russians,Eastern Europe (nationalities),Nationality
108493,Azerbaidjan,Middle East (nationalities),Nationality
108495,Hvít-Rússar,Eastern Europe (nationalities),Nationality
108722,Azerbaijan,Middle East (nationalities),Nationality
108730,Mu Muslims,Islam,Religion
108778,British and Dutch taxpayers,Western Europe (nationalities),Nationality
108810,deaf individuals,Physical disabilities and general disability terms,Disability
108862,Brazilian people,South America (nationalities),Nationality
108865,gáfaðar konur,Women,Gender
108866,Norska veðurfræðingar,Nordic countries (nationalities),Nationality
108870,Sómali,Africa (nationalities),Nationality
108946,foreigners from Muslim countries,"Foreigners, asylum seekers, refugees (general); Islam",Nationality; Religion
108980,Australia,Oceania (nationalities),Nationality
109310,Papuan,Oceania (nationalities),Nationality
109429,residents of Maldives,South and Central Asia (nationalities),Nationality
109468,people of Britain,Western Europe (nationalities),Nationality
109498,people in India,South and Central Asia (nationalities),Nationality
109669,Indian environmentalists,South and Central Asia (nationalities),Nationality
109703,Maldivian people,South and Central Asia (nationalities),Nationality
110026,mental illness sufferers,Mental illnesses/disorders,Disability
110029,those affected by mental illness,Mental illnesses/disorders,Disability
110071,Polish pilots,Eastern Europe (nationalities),Nationality
110295,people struggling with alcohol addiction,Addiction disorders,Disability
110744,litað fólk,Multiethnic/General (ethnicities),Ethnicity
110840,Nigerian citizens,Africa (nationalities),Nationality
110855,Eistland og Lettland,Eastern Europe (nationalities),Nationality
110857,ethnic Russians in Ukraine,Eastern Europe (nationalities),Nationality
110858,residents of Estonia and Latvia,Eastern Europe (nationalities),Nationality
110931,people from Faroe Islands,Nordic countries (nationalities),Nationality
111071,Catalans,White/European (ethnicities),Ethnicity
111199,people involved in religious political organizations,Religious people (general terms),Religion
111205,Homosexuallar,Homosexuality,LGBTQIA+
111218,gender non-conformers,Transgender identities,LGBTQIA+
111282,homosexual men,Homosexuality; Men,Gender; LGBTQIA+
111288,German civilians,Western Europe (nationalities),Nationality
111420,local Icelanders,Icelanders,Nationality
111496,Latino countries,Latino/Latin Americans (ethnicities),Ethnicity
111533,People of color,Multiethnic/General (ethnicities),Ethnicity
111535,Disabled people,Physical disabilities and general disability terms,Disability
111540,Gyðinga,Judaism,Religion
111541,litaða,Multiethnic/General (ethnicities),Ethnicity
111543,fatlaða,Physical disabilities and general disability terms,Disability
111563,Lettland,Eastern Europe (nationalities),Nationality
111590,Cuban exiles,North America (nationalities),Nationality
111616,religious fanatics,Religious people (general terms),Religion
111783,Middle Eastern cultures,Middle Eastern/Arab (ethnicities),Ethnicity
111950,southerners USA,North America (nationalities),Nationality
112124,Estitans and Latvians,Eastern Europe (nationalities),Nationality
112146,Iroquois Indians,Indigenous peoples (ethnicities),Ethnicity
112264,Polish soldiers,Eastern Europe (nationalities),Nationality
112349,people with Russian heritage,Eastern Europe (nationalities),Nationality
112406,students from Norway and Sweden,Nordic countries (nationalities),Nationality
112418,Malaysians,East Asia (nationalities),Nationality
112490,citizens of Kuwait,Middle East (nationalities),Nationality
112786,Belgar,Western Europe (nationalities),Nationality
112957,Turkmen people,South and Central Asia (nationalities),Nationality
113309,the majority of Icelanders,Icelanders,Nationality
113605,Eystrarsaltsbuar,Eastern Europe (nationalities),Nationality
113678,Norwegian descendants,Nordic countries (nationalities),Nationality
113756,the blind (literal/figurative),Physical disabilities and general disability terms,Disability
113800,wealthy Greeks,Southern Europe (nationalities),Nationality
113899,beliefs of religious individuals,Religious people (general terms),Religion
114221,Finnish citizens,Nordic countries (nationalities),Nationality
114933,Bretar og Holland,Western Europe (nationalities),Nationality
115393,fatlað fólk,Physical disabilities and general disability terms,Disability
115557,Greek and Spanish people,Southern Europe (nationalities),Nationality
116039,people of Middle Eastern religions,Islam,Religion
116082,svíar,Nordic countries (nationalities),Nationality
116150,Christian and Muslim communities,Islam,Religion
116158,Indigenous Australians,Indigenous peoples (ethnicities),Ethnicity
116201,wealthy men in Old Europe,Men,Gender
116382,Colombians,South America (nationalities),Nationality
116398,pólska,Eastern Europe (nationalities),Nationality
116540,Bulgarians and Romanians,Eastern Europe (nationalities),Nationality
116636,Kólumbíufólk,South America (nationalities),Nationality
116782,people from Poland and former Yugoslavia,Eastern Europe (nationalities),Nationality
117099,blökkumann,Black/African (ethnicities),Ethnicity
117102,Litháarnir (Lithuanians),Eastern Europe (nationalities),Nationality
117109,people who follow religious organizations,Religious people (general terms),Religion
117325,leftist women,Women,Gender
117440,independent women,Women,Gender
117463,the British people,Western Europe (nationalities),Nationality
117998,Austrian immigrants,Western Europe (nationalities),Nationality
118273,Egyptian people,Middle East (nationalities),Nationality
118459,men in positions of power,Men,Gender
118885,married men,Men,Gender
119052,students with learning disabilities,Intellectual/Developmental disabilities,Disability
119072,patients with mental health issues,Mental illnesses/disorders,Disability
119217,women involved in pornography,Women,Gender
119218,men in the pornography industry,Men,Gender
119285,Svertingjar,Black/African (ethnicities),Ethnicity
119286,Hvítru,White/European (ethnicities),Ethnicity
119353,unemployed men,Men,Gender
119407,Burmese people,East Asia (nationalities),Nationality
119718,people with diabetes,Physical disabilities and general disability terms,Disability
119742,women doing sit-ups,Women,Gender
119849,karlmenn (men),Men,Gender
119867,Pólskar tengdadætur,Eastern Europe (nationalities),Nationality
119873,pólskar konur,Eastern Europe (nationalities),Nationality
119976,elderly men with wealth,Men,Gender
120018,British children,Western Europe (nationalities),Nationality
120020,polish people,Eastern Europe (nationalities),Nationality
120021,single mothers or women in cohabitation,Women,Gender
120024,light women,Women,Gender
120025,Danish family,Nordic countries (nationalities),Nationality
120066,men in a singles club,Men,Gender
120179,norsk fólk,Nordic countries (nationalities),Nationality
120220,heyrnarskertur,Physical disabilities and general disability terms,Disability
120246,Poles (Polish people),Eastern Europe (nationalities),Nationality
120454,Kínverskir neytendur,East Asia (nationalities),Nationality
120655,women and children,Women,Gender
120659,Múhameðstrúar fólk,Islam,Religion
120705,hollendingar,Western Europe (nationalities),Nationality
120756,Latino,Latino/Latin Americans (ethnicities),Ethnicity
120762,Black,Black/African (ethnicities),Ethnicity
120769,latinos,Latino/Latin Americans (ethnicities),Ethnicity
121462,Kúbumenn,North America (nationalities),Nationality
121494,Somalians,Africa (nationalities),Nationality
121500,white males,White/European (ethnicities),Ethnicity
121753,foreign mothers,"Foreigners, asylum seekers, refugees (general)",Nationality
122153,Litháar,Eastern Europe (nationalities),Nationality
122157,Litháanar,Eastern Europe (nationalities),Nationality
122842,Chinese students,East Asia (nationalities),Nationality
122944,Múhameðska,Islam,Religion
123324,German and French populations,Western Europe (nationalities),Nationality
123524,elderly in Germany,Western Europe (nationalities),Nationality
123795,Foreign workers,"Foreigners, asylum seekers, refugees (general)",Nationality
124018,South Americans,Latino/Latin Americans (ethnicities),Ethnicity
124184,Bretar (British people),Western Europe (nationalities),Nationality
124191,men in politics,Men,Gender
124248,populations from Eastern European countries,Eastern Europe (nationalities),Nationality
124265,disability beneficiaries,Physical disabilities and general disability terms,Disability
124352,minority religions,Religious people (general terms),Religion
124426,people in Middle Eastern countries,Middle Eastern/Arab (ethnicities),Ethnicity
124427,Black people in America,Black/African (ethnicities),Ethnicity
124464,Hungarian workers,Eastern Europe (nationalities),Nationality
124617,Franska þjóðin,Western Europe (nationalities),Nationality
124678,Brits and Irish,Western Europe (nationalities),Nationality
124687,young women in Iceland,Women,Gender
124965,Canadian fishermen,North America (nationalities),Nationality
125020,Færeyjar og Grænland,Nordic countries (nationalities),Nationality
125200,norskir skattgreiðendur,Nordic countries (nationalities),Nationality
125393,Liberians,Africa (nationalities),Nationality
125452,Eistarnir,Eastern Europe (nationalities),Nationality
125469,people in the Nordic countries,Nordic countries (nationalities),Nationality
125556,Þingholtsstelpur,Women,Gender
125620,svarta fólkið,Black/African (ethnicities),Ethnicity
125702,Ungverjar,Eastern Europe (nationalities),Nationality
125802,Pólland,Eastern Europe (nationalities),Nationality
125828,Afghan people,Middle East (nationalities),Nationality
126033,theldökki kynstofninn,Black/African (ethnicities),Ethnicity
126060,muslima,Islam,Religion
126122,French voters,Western Europe (nationalities),Nationality
126196,Ríki eins og Kína,East Asia (nationalities),Nationality
126335,citizens of Libya and Syria,Middle East (nationalities),Nationality
126340,people in Syria,Middle East (nationalities),Nationality
126341,people in Egypt,Middle East (nationalities),Nationality
126432,fátæka fólkið í Venesúela,South America (nationalities),Nationality
126464,Venezuelan people,South America (nationalities),Nationality
126514,Central Asians,Asians (ethnicities),Ethnicity
126554,unemployed people in France,Western Europe (nationalities),Nationality
126557,Venezúela,South America (nationalities),Nationality
126586,Súnní-arabar,Middle Eastern/Arab (ethnicities),Ethnicity
126719,Mexico,North America (nationalities),Nationality
126812,Hvíta-Rússland,Eastern Europe (nationalities),Nationality
126880,South Koreans,East Asia (nationalities),Nationality
126985,individuals with non-conforming gender identities,Transgender identities,LGBTQIA+
127056,poor Americans,North America (nationalities),Nationality
127091,Islamska samtök,Islam,Religion
127116,Litháen,Eastern Europe (nationalities),Nationality
127117,Kosovo,Eastern Europe (nationalities),Nationality
127119,Baltic nations,Eastern Europe (nationalities),Nationality
127122,Georgíumenn,Middle East (nationalities),Nationality
127140,Asian nationals,Asians (ethnicities),Ethnicity
127167,Rohingya people,Asians (ethnicities),Ethnicity
127181,Rohingya Muslims,Islam,Religion
127182,Hindu Rohingya,Non-Abrahamic religions,Religion
127207,other ethnic groups in Myanmar,East Asia (nationalities),Nationality
127232,Menn í Norður-Kóreu,Men,Gender
127245,theldökkir,Black/African (ethnicities),Ethnicity
127340,Russian women,Eastern Europe (nationalities); Women,Gender; Nationality
127372,Kuwait,Middle East (nationalities),Nationality
127387,young Muslims,Islam,Religion
127463,Katar,Middle East (nationalities),Nationality
127477,Islamistarnir,Islam,Religion
127552,Muslims in Russia,Islam,Religion
127598,rich men,Men,Gender
127638,Mexican workers,North America (nationalities),Nationality
127685,Saudi Arabs,Middle East (nationalities),Nationality
127700,people from Vietnam and China,East Asia (nationalities),Nationality
127763,Filippseyingar,East Asia (nationalities),Nationality
127764,Filippseyjar,East Asia (nationalities),Nationality
127770,Araba þjóðir,Middle Eastern/Arab (ethnicities),Ethnicity
127796,Syrian civilians,Middle East (nationalities),Nationality
127804,Russian ordinary citizens,Eastern Europe (nationalities),Nationality
127830,Syrian people,Middle East (nationalities),Nationality
127839,Asian,Asians (ethnicities),Ethnicity
127984,South American countries,Latino/Latin Americans (ethnicities),Ethnicity
128055,Súnní Arabar,Islam,Religion
128094,Súnní Múslimar,Islam,Religion
128119,Mið-Austurlönd,Middle Eastern/Arab (ethnicities),Ethnicity
128236,Súnní Araba,Middle Eastern/Arab (ethnicities),Ethnicity
128333,turkish people,Middle East (nationalities),Nationality
128405,people with alcohol issues,Addiction disorders,Disability
128419,individuals with alcohol dependency,Addiction disorders,Disability
128427,people with substance use disorder,Addiction disorders,Disability
128436,active alcoholics,Addiction disorders,Disability
128446,people who struggle with alcoholism,Addiction disorders,Disability
128547,Poles in Iceland,Eastern Europe (nationalities),Nationality
128613,kellingarnar,Women,Gender
128619,Eyjapíur,Women,Gender
128621,Eyjapíur (Eyjapækur),Women,Gender
128779,Flóttamenn,"Foreigners, asylum seekers, refugees (general)",Nationality
128792,Middle Eastern immigrants,Middle Eastern/Arab (ethnicities),Ethnicity
128819,people of non-Icelandic descent,"Foreigners, asylum seekers, refugees (general)",Nationality
128864,women in conservative cultures,Women,Gender
128870,Filipino workers,East Asia (nationalities),Nationality
128980,latino communities,Latino/Latin Americans (ethnicities),Ethnicity
128981,latino community,Latino/Latin Americans (ethnicities),Ethnicity
129038,people in Britain,Western Europe (nationalities),Nationality
129301,Múhameðskir,Islam,Religion
129362,kúbanar,North America (nationalities),Nationality
129641,nepalese hindus,Non-Abrahamic religions,Religion
129671,heroin users,Addiction disorders,Disability
129817,men from Central and South America,Latino/Latin Americans (ethnicities); Men,Ethnicity; Gender
129819,right-wing women,Women,Gender
129919,sportswomen,Women,Gender
130051,dark-skinned Icelanders,Icelanders,Nationality
130153,women in low-paid jobs,Women,Gender
130154,women in high-paid modeling jobs,Women,Gender
130233,Ecuadorians,South America (nationalities),Nationality
130250,Middle Eastern dictatorships,Middle Eastern/Arab (ethnicities),Ethnicity
130465,Italian scientists,Southern Europe (nationalities),Nationality
130500,people in Ecuador and Colombia,South America (nationalities),Nationality
130501,Papúar,Oceania (nationalities),Nationality
130637,gay pride advocates,Homosexuality,LGBTQIA+
130638,members of religious organizations,Religious people (general terms),Religion
130639,LGBTq community,Queer (general/other),LGBTQIA+
130642,lgbt individuals,Queer (general/other),LGBTQIA+
130655,framsóknarkonur (Progressive Party women),Women,Gender
130709,Færeyingar (Faroese),Nordic countries (nationalities),Nationality
130871,migrant women,Women,Gender
130927,Muslim populations,Islam,Religion
131138,Rúmeníu og Búlgaríu,Eastern Europe (nationalities),Nationality
131249,Danir (Danish people),Nordic countries (nationalities),Nationality
131319,Austrian citizens,Western Europe (nationalities),Nationality
131362,young men with low education and income,Men,Gender
131377,Bretar and Hollendingar,Western Europe (nationalities),Nationality
131543,Tuvalu citizens,Oceania (nationalities),Nationality
131544,Indigenous populations,Indigenous peoples (ethnicities),Ethnicity
131627,African women in prostitution,Black/African (ethnicities); Women,Ethnicity; Gender
131788,Ísland (Icelanders),Icelanders,Nationality
131829,jaðarmongólíta,Intellectual/Developmental disabilities,Disability
132055,middle-aged white women,White/European (ethnicities); Women,Ethnicity; Gender
132085,Sómalar,Africa (nationalities),Nationality
132132,svertingar,Black/African (ethnicities),Ethnicity
132258,Suður Kórea,East Asia (nationalities),Nationality
132268,Hondúras,North America (nationalities),Nationality
132343,women in low-wage jobs,Women,Gender
132444,eldri karlar,Men,Gender
132593,Eastern European farmers,Eastern Europe (nationalities),Nationality
132677,hægriöfgakarlar í Kópavoginum,Men,Gender
132827,Afghan refugees,Middle East (nationalities),Nationality
132871,women from Thailand,East Asia (nationalities); Women,Gender; Nationality
132881,the Russian people,Eastern Europe (nationalities),Nationality
132969,certain men,Men,Gender
133083,fathers in Muslim culture,Islam,Religion
133232,hægriöfgakarlarnir,Men,Gender
133279,öftahægrikarlar,Men,Gender
133298,Nigerian women,Africa (nationalities); Women,Gender; Nationality
133341,hinsegin drengir,Queer (general/other),LGBTQIA+
133342,individuals identifying as LGBTQ+,Queer (general/other),LGBTQIA+
133344,black men,Black/African (ethnicities); Men,Ethnicity; Gender
133423,homma,Homosexuality,LGBTQIA+
133424,lesbíur,Homosexuality,LGBTQIA+
133493,Orthodox Jews,Judaism,Religion
133501,hægriöfgakarlar,Men,Gender
133603,white Nordics,White/European (ethnicities),Ethnicity
133889,Hælisleitendur,"Foreigners, asylum seekers, refugees (general)",Nationality
133967,þrítugar menn,Men,Gender
133975,Múhameðska skrælingja,Islam,Religion
133977,different religions,Religious people (general terms),Religion
134133,Australian,Oceania (nationalities),Nationality
134134,Canadian,North America (nationalities),Nationality
134180,Afghan families,Middle East (nationalities),Nationality
134397,same-sex marriage advocates,Homosexuality,LGBTQIA+
134433,low-income Icelanders,Icelanders,Nationality
134456,öfgamúslima,Islam,Religion
134519,fatlaða individuals,Physical disabilities and general disability terms,Disability
134737,Islamic Groups,Islam,Religion
134746,aríar (hreinir hvítir menn),White/European (ethnicities),Ethnicity
134902,Islamic immigrants,Islam,Religion
134966,Frakkar (French people),Western Europe (nationalities),Nationality
134967,Þjóðverjar (Germans),Western Europe (nationalities),Nationality
135017,nationalities from the Middle East,Middle Eastern/Arab (ethnicities),Ethnicity
135065,North Korean citizens,East Asia (nationalities),Nationality
135219,Epalhommar,Homosexuality,LGBTQIA+
135256,Rúmenana,Eastern Europe (nationalities),Nationality
135257,Indverjana,South and Central Asia (nationalities),Nationality
135270,hinsegin,Queer (general/other),LGBTQIA+
135324,ofurkrissar,Christianity,Religion
135360,individuals undergoing cancer treatment,Physical disabilities and general disability terms,Disability
135444,Middle Eastern population,Middle Eastern/Arab (ethnicities),Ethnicity
135480,southern Germans,Western Europe (nationalities),Nationality
136001,Múhameðsku landanna,Islam,Religion
136255,uneducated Americans,North America (nationalities),Nationality
136330,people from foreign cultures,"Foreigners, asylum seekers, refugees (general)",Nationality
136460,immigrants and foreigners,"Foreigners, asylum seekers, refugees (general)",Nationality
136592,people who support Islam,Islam,Religion
136599,Somali immigrants,Africa (nationalities),Nationality
136638,flóttamanna,"Foreigners, asylum seekers, refugees (general)",Nationality
136653,innflytjendum,"Foreigners, asylum seekers, refugees (general)",Nationality
136845,Chinese domestic workers,East Asia (nationalities),Nationality
136937,stútungskerlingar,Women,Gender
136947,individuals with brain injuries,Intellectual/Developmental disabilities,Disability
136948,those with mental Health issues,Mental illnesses/disorders,Disability
136990,fundamentalist religious groups,Religious people (general terms),Religion
137037,women in medicine,Women,Gender
137039,adults with ADHD,Intellectual/Developmental disabilities,Disability
137065,Akureyrarkonur,Women,Gender
137119,Úrslit Múslima,Islam,Religion
137159,seinfær,Intellectual/Developmental disabilities,Disability
137247,A-Tímorbúa,East Asia (nationalities),Nationality
137319,Eastern European women,Eastern Europe (nationalities); Women,Gender; Nationality
137326,latino men,Latino/Latin Americans (ethnicities); Men,Ethnicity; Gender
137327,Italian culture,Southern Europe (nationalities),Nationality
137393,people from Congo,Africa (nationalities),Nationality
137402,people with schizophrenia,Mental illnesses/disorders,Disability
137440,Virgo women,Women,Gender
137471,Swedes (svíar),Nordic countries (nationalities),Nationality
137472,Colombians (kólumbíumenn),South America (nationalities),Nationality
137473,Faroese (færeyjingur),Nordic countries (nationalities),Nationality
137474,Somalis (sómali),Africa (nationalities),Nationality
137475,Spaniards (spánverjar),Southern Europe (nationalities),Nationality
137496,ugly and overweight men,Men,Gender
137508,Polish fishermen,Eastern Europe (nationalities),Nationality
137519,Polish nationals,Eastern Europe (nationalities),Nationality
137588,Arab culture,Middle Eastern/Arab (ethnicities),Ethnicity
137597,múslimakonur,Islam,Religion
137609,Middle Eastern individuals,Middle Eastern/Arab (ethnicities),Ethnicity
137630,individuals struggling with addiction or mental health issues,Addiction disorders,Disability
137772,people involved in drug use,Addiction disorders,Disability
137777,Norskir karlmenn,Men; Nordic countries (nationalities),Gender; Nationality
137841,Italian men,Men; Southern Europe (nationalities),Gender; Nationality
137919,Athletic women,Women,Gender
138156,Danish taxpayers,Nordic countries (nationalities),Nationality
138170,arabalöndin,Middle Eastern/Arab (ethnicities),Ethnicity
138194,individuals holding differing religious views,Religious people (general terms),Religion
138197,Islamic women,Islam; Women,Gender; Religion
138433,kallinn (men),Men,Gender
138499,Irakians,Middle East (nationalities),Nationality
138531,Afghan,Middle East (nationalities),Nationality
138532,Iraqi,Middle East (nationalities),Nationality
139103,people of Iraq,Middle East (nationalities),Nationality
139126,women from the Philippines,East Asia (nationalities); Women,Gender; Nationality
139242,samkynhneigð fólk,Homosexuality,LGBTQIA+
139382,people from Portugal,Southern Europe (nationalities),Nationality
139439,people who read religious texts,Religious people (general terms),Religion
139445,religious educators,Religious people (general terms),Religion
139450,LGBTQ youth,Queer (general/other),LGBTQIA+
139463,religious interpreters,Religious people (general terms),Religion
139491,people who identify with atheism,Atheism,Religion
139504,öfgatrúleysingjar,Atheism,Religion
139508,öfgatrúleysingar,Atheism,Religion
139510,people who believe in different religions,Religious people (general terms),Religion
139518,assertive atheists,Atheism,Religion
139542,individuals who believe in non-atheistic religions,Religious people (general terms),Religion
139683,svartir,Black/African (ethnicities),Ethnicity
139701,people who are sexual minorities,Queer (general/other),LGBTQIA+
139766,people with brain damage,Intellectual/Developmental disabilities,Disability
139870,so-called atheists,Atheism,Religion
139902,religious group,Religious people (general terms),Religion
139990,fatlaður,Physical disabilities and general disability terms,Disability
140137,Mexicanos,North America (nationalities),Nationality
140138,Mexíkanar,North America (nationalities),Nationality
140161,trúlausir (atheists),Atheism,Religion
140167,trúleysingjar/trúlaust fólk,Atheism,Religion
140194,talsmenn trúleysisins,Atheism,Religion
140196,geðveikir,Mental illnesses/disorders,Disability
140245,eldri íslendingar,Icelanders,Nationality
140272,Múhameðstrú,Islam,Religion
140452,Arab princes,Middle Eastern/Arab (ethnicities),Ethnicity
140842,erlendra menn,Men,Gender
141018,Panamanians,North America (nationalities),Nationality
141772,Irish emigrants,Western Europe (nationalities),Nationality
141931,ásatrúarfólk,Non-Abrahamic religions,Religion
141964,norwegian children,Nordic countries (nationalities),Nationality
142099,Islamic teachers,Islam,Religion
142188,ICELANDERS,Icelanders,Nationality
142332,Ethiopian Jews,Judaism,Religion
142394,múslima-ríki,Islam,Religion
142635,Finnish landowners,Nordic countries (nationalities),Nationality
142779,people of Eastern European descent,Eastern Europe (nationalities),Nationality
142782,Balkans,Eastern Europe (nationalities),Nationality
142796,Litáar,Eastern Europe (nationalities),Nationality
142814,Albanans,Eastern Europe (nationalities),Nationality
142895,drug-users,Addiction disorders,Disability
142898,Southeastern Europeans,Eastern Europe (nationalities),Nationality
143004,women in government,Women,Gender
144376,middle-aged Americans,North America (nationalities),Nationality
144692,Taiwan,East Asia (nationalities),Nationality
144842,individuals suffering from mental health issues and unemployment,Mental illnesses/disorders,Disability
144865,people in Svíþjóð,Nordic countries (nationalities),Nationality
144907,people involved in drug use or distribution,Addiction disorders,Disability
144952,Spáni,Southern Europe (nationalities),Nationality
144976,Chinese (Kínverjar),East Asia (nationalities),Nationality
144994,ordinary people in USA,North America (nationalities),Nationality
145021,Chinese travelers,East Asia (nationalities),Nationality
145112,Finnish culture,Nordic countries (nationalities),Nationality
145202,arabalöndunum,Middle Eastern/Arab (ethnicities),Ethnicity
145234,young disabled people,Physical disabilities and general disability terms,Disability
145309,people from old Eastern Europe,Eastern Europe (nationalities),Nationality
145372,young generation of Germany,Western Europe (nationalities),Nationality
145536,Polish craftsmen,Eastern Europe (nationalities),Nationality
145680,Cambodian people,East Asia (nationalities),Nationality
145808,gyðingum,Judaism,Religion
145809,múhameðstrúarmönnum,Islam,Religion
145874,the Americans,North America (nationalities),Nationality
145875,the Russians,Eastern Europe (nationalities),Nationality
146083,Eastern Icelanders,Icelanders,Nationality
146085,austfirðingar (East Icelanders),Icelanders,Nationality
146111,indíánanna,Indigenous peoples (ethnicities),Ethnicity
146117,Indigenous Americans,Indigenous peoples (ethnicities),Ethnicity
146120,frumbyggjar Norður-Ameríku,Indigenous peoples (ethnicities),Ethnicity
146156,white farmers,White/European (ethnicities),Ethnicity
146246,Uruguayans,South America (nationalities),Nationality
146438,Chinese healers,East Asia (nationalities),Nationality
146553,people receiving mental health care,Mental illnesses/disorders,Disability
146804,Svíþjóð og Finnland,Nordic countries (nationalities),Nationality
146805,Ísland og Noregur,Nordic countries (nationalities),Nationality
146954,indigenous peoples of the Americas,Indigenous peoples (ethnicities),Ethnicity
146966,women in tourism,Women,Gender
146967,men in tourism,Men,Gender
146970,Framsókn kelling,Women,Gender
147038,flóttabörn,"Foreigners, asylum seekers, refugees (general)",Nationality
147068,fat men,Men,Gender
147108,Múhameðsku Arabs,Islam; Middle Eastern/Arab (ethnicities),Ethnicity; Religion
147116,Middle Eastern culture,Middle Eastern/Arab (ethnicities),Ethnicity
147218,Eastern Orthodox Christians,Christianity,Religion
147280,people based on religion,Religious people (general terms),Religion
147319,different religious beliefs,Religious people (general terms),Religion
147349,professional women,Women,Gender
147394,the Germans,Western Europe (nationalities),Nationality
147803,South Sudanese,Middle East (nationalities),Nationality
147934,Múhameðskum villimanna,Islam,Religion
148100,Turkish workers,Middle East (nationalities),Nationality
148684,mormons,Christianity,Religion
148734,Bosnia,Eastern Europe (nationalities),Nationality
148735,Macedonia,Eastern Europe (nationalities),Nationality
149079,people considered 'redneck' or 'white trash',White/European (ethnicities),Ethnicity
149242,brazilians,South America (nationalities),Nationality
149251,those sympathetic to Islam,Islam,Religion
149291,followers of certain religions,Religious people (general terms),Religion
149303,Russian athletes,Eastern Europe (nationalities),Nationality
149304,Eastern German athletes,Western Europe (nationalities),Nationality
149320,Japanese pilots,East Asia (nationalities),Nationality
149342,Íslamistar (Islamists),Islam,Religion
149409,young educated Icelanders,Icelanders,Nationality
149701,others (related to religion),Religious people (general terms),Religion
150031,Serbia,Eastern Europe (nationalities),Nationality
150041,religious professionals,Religious people (general terms),Religion
150103,Spanish immigrants,Southern Europe (nationalities),Nationality
150495,Estonian people,Eastern Europe (nationalities),Nationality
150766,Króatía,Eastern Europe (nationalities),Nationality
150768,Serbian minority,Eastern Europe (nationalities),Nationality
150799,Croatia,Eastern Europe (nationalities),Nationality
150886,Brazilian,South America (nationalities),Nationality
150887,Indian,South and Central Asia (nationalities),Nationality
151108,Grikkja,Southern Europe (nationalities),Nationality
151548,German taxpayers,Western Europe (nationalities),Nationality
151576,"Svíar, Finna og Dana",Nordic countries (nationalities),Nationality
151622,"Svíar, Danir og Finnar",Nordic countries (nationalities),Nationality
151722,Austur-Evrópubúa,Eastern Europe (nationalities),Nationality
151733,Spanish investors,Southern Europe (nationalities),Nationality
151830,Spanish households,Southern Europe (nationalities),Nationality
151840,Finnish consumers,Nordic countries (nationalities),Nationality
151897,Netherlands,Western Europe (nationalities),Nationality
152078,Finnish women,Nordic countries (nationalities); Women,Gender; Nationality
152192,Finnish and Swedish,Nordic countries (nationalities),Nationality
152282,French farmers,Western Europe (nationalities),Nationality
152452,Scottish workers,Western Europe (nationalities),Nationality
152453,Faroe Islands,Nordic countries (nationalities),Nationality
152883,Bretum og Hollendingum,Western Europe (nationalities),Nationality
152927,Kúba,North America (nationalities),Nationality
153177,Eistars,Eastern Europe (nationalities),Nationality
153845,Belgium,Western Europe (nationalities),Nationality
153891,men in sports,Men,Gender
153914,disabled children,Physical disabilities and general disability terms,Disability
153920,children from different religious backgrounds,Religious people (general terms),Religion
154024,Different Islamic sects,Islam,Religion
154125,Polish dentists,Eastern Europe (nationalities),Nationality
154234,North Nordic countries,Nordic countries (nationalities),Nationality
154268,Palestínuríkið,Middle East (nationalities),Nationality
154354,Belarusians,Eastern Europe (nationalities),Nationality
154401,Disabled,Physical disabilities and general disability terms,Disability
154439,homoseksuálum,Homosexuality,LGBTQIA+
154665,People subscribing to the religion,Religious people (general terms),Religion
154681,albanians,Eastern Europe (nationalities),Nationality
154808,Filipino women,East Asia (nationalities); Women,Gender; Nationality
154809,Japanese women,East Asia (nationalities); Women,Gender; Nationality
154849,Jordanians,Middle East (nationalities),Nationality
154965,Danish Muslims,Islam,Religion
154971,white criminals,White/European (ethnicities),Ethnicity
155340,nýbúar,"Foreigners, asylum seekers, refugees (general)",Nationality
155354,individuals from the Middle East,Middle Eastern/Arab (ethnicities),Ethnicity
155384,Men (male flight attendants),Men,Gender
155414,gaypride-fólk,Homosexuality,LGBTQIA+
155476,Arab writers,Middle Eastern/Arab (ethnicities),Ethnicity
155583,Afganskar konur,Women,Gender
155603,those with eating disorders,Mental illnesses/disorders,Disability
155646,people who practice foreign religions,Religious people (general terms),Religion
155750,individuals with ADHD,Intellectual/Developmental disabilities,Disability
155817,fátækir í Kína,East Asia (nationalities),Nationality
155946,alþýðukonur,Women,Gender
156052,people in Japan,East Asia (nationalities),Nationality
156316,LGBTQ+ Community,Queer (general/other),LGBTQIA+
156438,fyllibytur,Addiction disorders,Disability
156473,people in Iraq,Middle East (nationalities),Nationality
156474,disabled Icelanders,Physical disabilities and general disability terms,Disability
156550,Scandinavian Americans,North America (nationalities),Nationality
156653,newly rich Chinese,East Asia (nationalities),Nationality
156670,African-Icelandic children,Black/African (ethnicities),Ethnicity
156688,other religious organizations,Religious people (general terms),Religion
156791,akureyrskar kerlingar,Women,Gender
156842,Thai women,Women,Gender
156872,younger women in politics,Women,Gender
157193,Alcoholics Anonymous (AA),Addiction disorders,Disability
157199,Alcoholics Anonymous,Addiction disorders,Disability
157226,people with sexual addiction,Addiction disorders,Disability
157227,people with sex addiction,Addiction disorders,Disability
157388,famous women,Women,Gender
157407,Eastern European immigrants,Eastern Europe (nationalities),Nationality
157464,Foreign immigrants,"Foreigners, asylum seekers, refugees (general)",Nationality
157503,Finnish men,Men; Nordic countries (nationalities),Gender; Nationality
157528,Scottish men,Men; Western Europe (nationalities),Gender; Nationality
157540,thin women,Women,Gender
157600,women in banking,Women,Gender
157610,French men,Men; Western Europe (nationalities),Gender; Nationality
157677,feminists or women activists,Women,Gender
157704,Tibetan Buddhists,Non-Abrahamic religions,Religion
157754,the people in China,East Asia (nationalities),Nationality
158007,Spanish parents,Southern Europe (nationalities),Nationality
158075,women in the sex trade,Women,Gender
158085,men who abuse women,Men,Gender
158142,foreign salesmen,"Foreigners, asylum seekers, refugees (general)",Nationality
158148,foreign sellers,"Foreigners, asylum seekers, refugees (general)",Nationality
158178,men buying sex services,Men,Gender
158179,women selling sex services,Women,Gender
158181,men who purchase sex,Men,Gender
158209,men who buy sex services,Men,Gender
158247,men buying sex,Men,Gender
158270,indíána,Indigenous peoples (ethnicities),Ethnicity
158374,men who purchase sex services,Men,Gender
158763,Jewish population,Judaism,Religion
158816,children raised in religious environments,Religious people (general terms),Religion
158833,believers in religious faith,Religious people (general terms),Religion
159015,those who believe in religion,Religious people (general terms),Religion
159068,Jewish families,Judaism,Religion
159166,scientists/atheists,Atheism,Religion
159203,people who misuse religion,Religious people (general terms),Religion
159301,believers of a religion,Religious people (general terms),Religion
159397,certain religious individuals,Religious people (general terms),Religion
159409,people interpreting religious texts,Religious people (general terms),Religion
159414,people who misuse religious texts,Religious people (general terms),Religion
159418,deists,Non-Abrahamic religions,Religion
159617,people experiencing mental health issues,Mental illnesses/disorders,Disability
159618,suicide victims,Mental illnesses/disorders,Disability
159697,religious academics,Religious people (general terms),Religion
159764,evangelicals,Christianity,Religion
159933,Albanskir,Eastern Europe (nationalities),Nationality
159993,Islamic scholars,Islam,Religion
160022,Azerbadjan,Middle East (nationalities),Nationality
160025,Armenia,Middle East (nationalities),Nationality
160254,Sýrlenskir flóttamenn,Middle East (nationalities),Nationality
160440,women with Down syndrome,Intellectual/Developmental disabilities; Women,Disability; Gender
160443,people with down syndrome,Intellectual/Developmental disabilities,Disability
160466,Palestine,Middle East (nationalities),Nationality
160503,individuals with Down syndrome,Intellectual/Developmental disabilities,Disability
160540,Soudi-Arabía,Middle East (nationalities),Nationality
160682,true Jews,Judaism,Religion
160707,older adults and disabled individuals,Physical disabilities and general disability terms,Disability
160829,fötluðum,Physical disabilities and general disability terms,Disability
160875,Nigeríumenn,Africa (nationalities),Nationality
160907,Spanish workers,Southern Europe (nationalities),Nationality
161093,Irish and Dutch voters,Western Europe (nationalities),Nationality
161193,debt-burdened Icelanders,Icelanders,Nationality
161287,poor men,Men,Gender
161360,older white men,Men; White/European (ethnicities),Ethnicity; Gender
161422,mörlenskir ungir karlmenn,Men,Gender
161479,færeyskar konur,Nordic countries (nationalities); Women,Gender; Nationality
161504,people in Namibia,Africa (nationalities),Nationality
161515,blökkumenn (people of African descent),Black/African (ethnicities),Ethnicity
161548,Icelanders in management positions,Icelanders,Nationality
161576,hassistar,Addiction disorders,Disability
161580,strákar-karlmenn,Men,Gender
161634,men in choirs,Men,Gender
161710,residents of India,South and Central Asia (nationalities),Nationality
161940,northern Norwegians,Nordic countries (nationalities),Nationality
161946,white artists,White/European (ethnicities),Ethnicity
161984,túrista hælisleitendur,"Foreigners, asylum seekers, refugees (general)",Nationality
162019,B&H (Bretar og Hollendingar),Western Europe (nationalities),Nationality
162043,other Icelanders,Icelanders,Nationality
162160,Middle East oil producers,Middle Eastern/Arab (ethnicities),Ethnicity
162212,Grænlandi,Nordic countries (nationalities),Nationality
162213,Færeyjum,Nordic countries (nationalities),Nationality
162218,"Finnar, Svíar, Danir",Nordic countries (nationalities),Nationality
162267,mental health sufferers,Mental illnesses/disorders,Disability
162277,Afghan men,Men; Middle East (nationalities),Gender; Nationality
162375,Luxembourg citizens,Western Europe (nationalities),Nationality
162522,gamblers/addicts,Addiction disorders,Disability
162558,samkynja pör,Homosexuality,LGBTQIA+
162559,religious individuals opposed to LGBTQ+ rights,Queer (general/other); Religious people (general terms),LGBTQIA+; Religion
162637,southern Icelanders,Icelanders,Nationality
162825,Polish Icelanders,Eastern Europe (nationalities); Icelanders,Nationality
162852,Dutch and British,Western Europe (nationalities),Nationality
162856,Færeyingar og Norðmenn,Nordic countries (nationalities),Nationality
162996,people with ADHD or hyperactivity,Intellectual/Developmental disabilities,Disability
163012,people using religion,Religious people (general terms),Religion
163075,people who believe in religious authority,Religious people (general terms),Religion
163096,trúleysingjar (atheists),Atheism,Religion
163420,trúlaust fólk,Atheism,Religion
163428,polish cleaners,Eastern Europe (nationalities),Nationality
163476,depressed women,Mental illnesses/disorders; Women,Disability; Gender
163491,geðtruflaðir listamenn,Mental illnesses/disorders,Disability
163564,heiðnir menn,Non-Abrahamic religions,Religion
163578,believers in Islam,Islam,Religion
163590,churchgoers,Christianity,Religion
163603,the atheists,Atheism,Religion
163677,religious institutions and their followers,Religious people (general terms),Religion
163859,literalist religious groups,Religious people (general terms),Religion
163931,followers of faith,Christianity,Religion
164124,people associated with religious activities,Religious people (general terms),Religion
164561,Hispanic communities,Latino/Latin Americans (ethnicities),Ethnicity
164759,white population in South Africa,Africa (nationalities); White/European (ethnicities),Ethnicity; Nationality
165739,people of North Korea,East Asia (nationalities),Nationality
165740,British taxpayers,Western Europe (nationalities),Nationality
165765,Spanish speakers from Mexico,North America (nationalities),Nationality
165778,those who hold prejudiced views based on religious beliefs,Religious people (general terms),Religion
165784,extremist religious people,Religious people (general terms),Religion
165796,Gay community,Homosexuality,LGBTQIA+
165923,indigenous Africans,Black/African (ethnicities),Ethnicity
166006,Singapore,East Asia (nationalities),Nationality
166008,people from Singapore,East Asia (nationalities),Nationality
166033,Angola,Africa (nationalities),Nationality
166090,women (victims of false accusations),Women,Gender
166248,people with limited mental capacity,Intellectual/Developmental disabilities,Disability
166286,believers of various religions,Religious people (general terms),Religion
166311,bandarískir menn,Men,Gender
166362,heterosexual men,Men,Gender
166384,white Christians,Christianity; White/European (ethnicities),Ethnicity; Religion
166429,people who hold opposing views on religion,Religious people (general terms),Religion
166485,Vietnamese individuals,East Asia (nationalities),Nationality
166489,people from North Korea,East Asia (nationalities),Nationality
166575,indigenous cultures,Indigenous peoples (ethnicities),Ethnicity
166614,Bandaríkjanir,North America (nationalities),Nationality
166631,Norwegian elite,Nordic countries (nationalities),Nationality
166686,white middle-class,White/European (ethnicities),Ethnicity
166704,people in Uganda,Africa (nationalities),Nationality
166752,people with HIV,Physical disabilities and general disability terms,Disability
166829,gellurnar á Múlakaffi,Women,Gender
166872,people with different mental states or disabilities,Intellectual/Developmental disabilities; Mental illnesses/disorders,Disability
166968,young people in Faroe Islands,Nordic countries (nationalities),Nationality
166971,Færeyskt fólk,Nordic countries (nationalities),Nationality
167004,people from religious communities,Religious people (general terms),Religion
167290,people involved in drug-related issues,Addiction disorders,Disability
167631,people in France,Western Europe (nationalities),Nationality
167742,Belgian and French taxpayers,Western Europe (nationalities),Nationality
167997,"Spanish, Portuguese, Greeks",Southern Europe (nationalities),Nationality
168181,men in labor leadership,Men,Gender
168425,fiskvinnslu konur,Women,Gender
168430,those who use illegal drugs,Addiction disorders,Disability
168800,old Icelanders,Nordic countries (nationalities),Nationality
168993,kanadamennir,North America (nationalities),Nationality
169091,white trash,White/European (ethnicities),Ethnicity
169095,British voters,Western Europe (nationalities),Nationality
169286,people engaging in drug use,Addiction disorders,Disability
169468,kvennréttindakonur,Women,Gender
169588,American blacks,Black/African (ethnicities),Ethnicity
169838,schizophrenics,Mental illnesses/disorders,Disability
169913,general religious followers,Religious people (general terms),Religion
169981,people with different religions,Religious people (general terms),Religion
170280,Latin Americans,Latino/Latin Americans (ethnicities),Ethnicity
170281,Asian nations,Asians (ethnicities),Ethnicity
170300,women giving up children,Women,Gender
170690,athletes with disabilities,Physical disabilities and general disability terms,Disability
170830,arabaþjóðir,Middle Eastern/Arab (ethnicities),Ethnicity
170841,critics of religion,Atheism,Religion
170920,leshamlaða eða þroskahamlaða,Intellectual/Developmental disabilities,Disability
170942,ofvirkni,Intellectual/Developmental disabilities,Disability
171043,dwarf men,Men,Gender
171091,Icelandic women and children,Women,Gender
171146,women from abroad,Women,Gender
171193,Hindu,Non-Abrahamic religions,Religion
171246,people practicing certain religious rituals,Non-Abrahamic religions,Religion
171320,women selling sex,Women,Gender
171371,wealthy married women,Women,Gender
171404,people with color blindness,Physical disabilities and general disability terms,Disability
171406,children with ADHD or hyperactivity,Intellectual/Developmental disabilities,Disability
171437,Pólverjar (Poles),Eastern Europe (nationalities),Nationality
171451,mixed-race,Multiethnic/General (ethnicities),Ethnicity
171504,men who visit strip clubs,Men,Gender
171520,tékklenskar stúlkur,Eastern Europe (nationalities); Women,Gender; Nationality
171567,wealthy older men,Men,Gender
171603,younger men,Men,Gender
171606,wealty women,Women,Gender
171626,Indíjánar,Indigenous peoples (ethnicities),Ethnicity
171643,Icelandic businesswomen,Women,Gender
171741,individuals with unknown gender/sexual orientation,Intersex/Gender minorities,LGBTQIA+
171781,Íslenskar stelpur,Women,Gender
171978,Hörundsdökkir menn,Black/African (ethnicities); Men,Ethnicity; Gender
172031,minority Americans,North America (nationalities),Nationality
172060,blökkumenn (African Americans),Black/African (ethnicities),Ethnicity
172067,Danish women,Nordic countries (nationalities); Women,Gender; Nationality
172113,people living with HIV/AIDS,Physical disabilities and general disability terms,Disability
172120,samkynheigðir,Homosexuality,LGBTQIA+
172122,African women,Black/African (ethnicities); Women,Ethnicity; Gender
172151,HIV positive individuals,Physical disabilities and general disability terms,Disability
172482,Christian religious groups,Christianity,Religion
172546,samkynhneigdir,Homosexuality,LGBTQIA+
172616,bisexual people,Bisexuality,LGBTQIA+
172617,LGBTQ+ communities,Queer (general/other),LGBTQIA+
173049,population of the USA,North America (nationalities),Nationality
173057,general public in the USA,North America (nationalities),Nationality
173571,Búddistar,Non-Abrahamic religions,Religion
173754,Islamic followers,Islam,Religion
173768,western Icelanders,Icelanders,Nationality
173807,Indonesians,East Asia (nationalities),Nationality
173932,large-breasted men,Men,Gender
174038,Norwegian skiers,Nordic countries (nationalities),Nationality
174074,bankakarlarnir,Men,Gender
174078,Trans community,Transgender identities,LGBTQIA+
174171,LGBTIQ community,Queer (general/other),LGBTQIA+
174241,users of psychedelic drugs,Addiction disorders,Disability
174591,people dependent on alcohol or gambling,Addiction disorders,Disability
174651,unmarried young women,Women,Gender
174718,Norwegian workers,Nordic countries (nationalities),Nationality
174950,individuals with diverse sexual orientations,Queer (general/other),LGBTQIA+
174954,lesbías og hommar,Homosexuality,LGBTQIA+
174968,hindúatrú,Non-Abrahamic religions,Religion
175072,eldra people and disabled,Physical disabilities and general disability terms,Disability
175194,litblinda (color blind),Physical disabilities and general disability terms,Disability
175199,New Zealand cooks,Oceania (nationalities),Nationality
175581,fat people in the USA,North America (nationalities),Nationality
175582,southern Italians,Southern Europe (nationalities),Nationality
175588,German conservatives,Western Europe (nationalities),Nationality
175730,kúlukellingar,Women,Gender
176038,People of Color,Multiethnic/General (ethnicities),Ethnicity
176487,gay pride participants,Homosexuality,LGBTQIA+
176654,Rwandans,Africa (nationalities),Nationality
176690,rich Chinese,East Asia (nationalities),Nationality
176691,poor Chinese,East Asia (nationalities),Nationality
176725,Romania,Eastern Europe (nationalities),Nationality
177120,Poland and Romania,Eastern Europe (nationalities),Nationality
177137,Islamism,Islam,Religion
177247,Vietnamese people,East Asia (nationalities),Nationality
177289,circumcised men,Men,Gender
177290,those with Down syndrome,Intellectual/Developmental disabilities,Disability
177303,Russian voters,Eastern Europe (nationalities),Nationality
177315,ítalar,Southern Europe (nationalities),Nationality
177387,China as a whole,East Asia (nationalities),Nationality
177406,people in Greece and Spain,Southern Europe (nationalities),Nationality
177432,múslimaríkjum,Islam,Religion
177470,nation of Israel,Middle East (nationalities),Nationality
177576,Innri Mongólia,East Asia (nationalities),Nationality
177695,millistéttin í Kína,East Asia (nationalities),Nationality
177816,Kínversku ferðamenn,East Asia (nationalities),Nationality
177823,kínverska millistéttin,East Asia (nationalities),Nationality
177945,franska þjóðin,Western Europe (nationalities),Nationality
178079,Indian Workers,South and Central Asia (nationalities),Nationality
178088,Innri-Mongólía,East Asia (nationalities),Nationality
178140,voters of the US electoral system,North America (nationalities),Nationality
178326,Italians and Greeks,Southern Europe (nationalities),Nationality
178423,uneducated women,Women,Gender
178498,kínverskir fjárfestar,East Asia (nationalities),Nationality
178568,the people of Israel,Middle East (nationalities),Nationality
178619,músliminn,Islam,Religion
178620,Sýrlands,Middle East (nationalities),Nationality
178621,Tyrklands,Middle East (nationalities),Nationality
178622,Grikklands,Southern Europe (nationalities),Nationality
178658,blúndukellingar,Women,Gender
178706,Romania/Bulgaria,Eastern Europe (nationalities),Nationality
178735,France and Germany,Western Europe (nationalities),Nationality
178746,Danish public,Nordic countries (nationalities),Nationality
178814,young people in Spain,Southern Europe (nationalities),Nationality
178860,"French, Germans, and British",Western Europe (nationalities),Nationality
179011,Chilean people,South America (nationalities),Nationality
179127,Eastern European nations,Eastern Europe (nationalities),Nationality
179174,home-born Icelanders,Icelanders,Nationality
179214,Portuguese people,Southern Europe (nationalities),Nationality
179283,Croatian people,Eastern Europe (nationalities),Nationality
179313,Austrian society,Western Europe (nationalities),Nationality
179369,Spanish society,Southern Europe (nationalities),Nationality
179503,Irish students,Western Europe (nationalities),Nationality
179560,men educators,Men,Gender
179587,Turkmens,South and Central Asia (nationalities),Nationality
179644,Ungverjaland,Eastern Europe (nationalities),Nationality
179646,Belgía,Western Europe (nationalities),Nationality
179748,young men and women,Women,Gender
179761,Lúxembúrg,Western Europe (nationalities),Nationality
179763,"Bretland, Holland og Lúxembúrg",Western Europe (nationalities),Nationality
179809,Portuguese citizens,Southern Europe (nationalities),Nationality
179913,Romani,Eastern Europe (nationalities),Nationality
179941,Portugals,Southern Europe (nationalities),Nationality
180069,Japanese community,East Asia (nationalities),Nationality
180072,Ghanaians,Africa (nationalities),Nationality
180182,European countries (Spain and Greece),Southern Europe (nationalities),Nationality
180221,Greek workers,Southern Europe (nationalities),Nationality
180254,Hungary,Eastern Europe (nationalities),Nationality
180308,portúgölum,Southern Europe (nationalities),Nationality
180310,grikkjum,Southern Europe (nationalities),Nationality
180360,elderly Germans,Western Europe (nationalities),Nationality
180421,certain women,Women,Gender
180527,Ungverjalandi,Eastern Europe (nationalities),Nationality
180528,Rúmeníu,Eastern Europe (nationalities),Nationality
180707,kvenmenn,Women,Gender
180713,homosexual couples,Homosexuality,LGBTQIA+
180799,effeminate men,Men,Gender
180843,alvörukarlmenn,Men,Gender
180879,black Jamaicans,Black/African (ethnicities),Ethnicity
180889,middle-aged white heterosexual men,Men; White/European (ethnicities),Ethnicity; Gender
180890,ljóska (blonde) women,Women,Gender
180892,miðaldra hvítir hetrósexual karlmenn,Men; White/European (ethnicities),Ethnicity; Gender
180909,people in Norway,Nordic countries (nationalities),Nationality
180965,Muslims and people from the Middle East,Islam,Religion
180990,Gambíumenn,Africa (nationalities),Nationality
181041,Mozambique,Africa (nationalities),Nationality
181063,Sádarnir,Middle East (nationalities),Nationality
181083,Qatar workers,Middle East (nationalities),Nationality
181113,Chinese coal miners,East Asia (nationalities),Nationality
181247,Indverjar (Indians),South and Central Asia (nationalities),Nationality
181303,Brasilíumenn,South America (nationalities),Nationality
181335,Angólamenn,Africa (nationalities),Nationality
181429,parents of transgender children,Transgender identities,LGBTQIA+
181433,individuals supporting transgender rights,Transgender identities,LGBTQIA+
181440,people criticizing Islamic jurisprudence,Islam,Religion
181468,women in high positions,Women,Gender
181488,sexist men,Men,Gender
181490,people uncomfortable with their gender identity,Transgender identities,LGBTQIA+
181519,individuals with gender identities outside the binary,Transgender identities,LGBTQIA+
181527,people with differing gender identities,Transgender identities,LGBTQIA+
181544,Transgender individuals,Transgender identities,LGBTQIA+
181547,autistic individuals,Intellectual/Developmental disabilities,Disability
181598,gender diverse individuals,Transgender identities,LGBTQIA+
181603,LGBTQ+ asylum seekers,Queer (general/other),LGBTQIA+
181748,women in the airline industry,Women,Gender
181786,young adult women,Women,Gender
181787,Russian children,Eastern Europe (nationalities),Nationality
181878,gender minorities,Transgender identities,LGBTQIA+
181880,individuals identifying outside traditional gender norms,Transgender identities,LGBTQIA+
181882,supporters of gender diversity,Transgender identities,LGBTQIA+
181966,people receiving disability benefits,Physical disabilities and general disability terms,Disability
181967,adults on disability benefits,Physical disabilities and general disability terms,Disability
182014,accused men,Men,Gender
182106,Chinese community,East Asia (nationalities),Nationality
182422,people of Greek descent,Southern Europe (nationalities),Nationality
182423,people of Spanish descent,Southern Europe (nationalities),Nationality
182485,Ameríkananum (Americans),North America (nationalities),Nationality
182714,people in certain Middle Eastern countries,Middle Eastern/Arab (ethnicities),Ethnicity
182764,Austur-evrópumenn,Eastern Europe (nationalities),Nationality
182823,gender nonconforming individuals,Transgender identities,LGBTQIA+
183154,civilians in Yemen,Middle East (nationalities),Nationality
183155,white farmers in South Africa,Africa (nationalities); White/European (ethnicities),Ethnicity; Nationality
183156,indigenous people in Australia,Indigenous peoples (ethnicities),Ethnicity
183157,Muslims in Western China,Islam,Religion
183484,individuals from Romania,Eastern Europe (nationalities),Nationality
183715,individuals with degrees from Nigeria,Africa (nationalities),Nationality
183899,Danes and Norwegians,Nordic countries (nationalities),Nationality
183910,færeyingar,Nordic countries (nationalities),Nationality
183951,gaypride-göng-fólk,Homosexuality,LGBTQIA+
184022,Danish employers,Nordic countries (nationalities),Nationality
184284,Afghan drug producers,Middle East (nationalities),Nationality
184433,people from southern US states,North America (nationalities),Nationality
184541,lítli menn,Men,Gender
184625,northern and southern regions of the USA,North America (nationalities),Nationality
184657,hvíta millistéttin,White/European (ethnicities),Ethnicity
184737,children in Brazil,South America (nationalities),Nationality
184792,Asian populations,Asians (ethnicities),Ethnicity
184937,those with diabetes,Physical disabilities and general disability terms,Disability
184970,Öfgahægrikarlarnir,Men,Gender
184984,ríkir menn,Men,Gender
185010,öfgahægrisinnaðir karlar,Men,Gender
185381,LGBT+ community,Queer (general/other),LGBTQIA+
185465,karlkyns starfsmenn,Men,Gender
185466,kvenkyns starfsmenn,Women,Gender
185491,Middle Eastern civilians,Middle Eastern/Arab (ethnicities),Ethnicity
185536,mörlenskir hægriöfgakarlar,Men,Gender
185618,individuals identifying with non-binary or gender non-conforming identities,Transgender identities,LGBTQIA+
185620,ríkjum/borgum Bandaríkjanna,North America (nationalities),Nationality
185652,Cuban residents,North America (nationalities),Nationality
185790,young disability beneficiaries,Physical disabilities and general disability terms,Disability
185962,Afgani,Middle East (nationalities),Nationality
186030,Tyrklandsbúa,Middle East (nationalities),Nationality
186057,Arab individuals,Middle Eastern/Arab (ethnicities),Ethnicity
186202,Denmark & Scandinavia,Nordic countries (nationalities),Nationality
186260,people from Islamic countries,Islam,Religion
186416,countries in Central America,Latino/Latin Americans (ethnicities),Ethnicity
186418,Bahamian people,North America (nationalities),Nationality
186659,Arabaríki,Middle Eastern/Arab (ethnicities),Ethnicity
187057,fullorða menn,Men,Gender
187364,drykkjumenn,Addiction disorders,Disability
187438,Christian and Islamic teachings,Islam,Religion
187492,debt-free Icelanders,Icelanders,Nationality
187547,sex addicts,Addiction disorders,Disability
187555,people from northeastern Thailand,East Asia (nationalities),Nationality
187837,individuals with Asperger syndrome,Intellectual/Developmental disabilities,Disability
188195,Somalia,Africa (nationalities),Nationality
188196,Sudan,Middle East (nationalities),Nationality
188201,Chinese society,East Asia (nationalities),Nationality
188223,black man,Black/African (ethnicities),Ethnicity
188224,white man,White/European (ethnicities),Ethnicity
188231,black community,Black/African (ethnicities),Ethnicity
188340,German culture,Western Europe (nationalities),Nationality
188924,Noregur og Færeyjar,Nordic countries (nationalities),Nationality
189145,male commentators,Men,Gender
189364,Póllands,Eastern Europe (nationalities),Nationality
189517,Norwegian farmers,Nordic countries (nationalities),Nationality
189634,Lithuania,Eastern Europe (nationalities),Nationality
189834,Irish farmers,Western Europe (nationalities),Nationality
189923,the elderly in Germany,Western Europe (nationalities),Nationality
189926,Spanish farmers,Southern Europe (nationalities),Nationality
190134,poor farmers in India,South and Central Asia (nationalities),Nationality
190307,German businessmen,Western Europe (nationalities),Nationality
190330,disability benefit recipients,Physical disabilities and general disability terms,Disability
190433,Austur-Evrópubúar,Eastern Europe (nationalities),Nationality
190499,individuals with non-heteronormative sexual orientation,Queer (general/other),LGBTQIA+
190553,those with differing sexual orientations,Queer (general/other),LGBTQIA+
190837,júðabörn,Judaism,Religion
190863,red-haired men,Men,Gender
191013,people adopting Islam,Islam,Religion
191328,Iraqi civilians,Middle East (nationalities),Nationality
191344,the Iraqi women,Middle East (nationalities); Women,Gender; Nationality
191496,supporters of Islam,Islam,Religion
191651,hvíta stofninn,White/European (ethnicities),Ethnicity
191663,Japanese men,East Asia (nationalities); Men,Gender; Nationality
191708,men in poetry,Men,Gender
191764,British and Dutch people,Western Europe (nationalities),Nationality
191825,Pakistani women,South and Central Asia (nationalities); Women,Gender; Nationality
191827,Israels,Middle East (nationalities),Nationality
191983,Islamic Men,Islam; Men,Gender; Religion
192079,those suffering from dementia,Intellectual/Developmental disabilities,Disability
192272,young Norwegian workers,Nordic countries (nationalities),Nationality
192551,Poles and their work ethic,Eastern Europe (nationalities),Nationality
192593,Dutch and British representatives,Western Europe (nationalities),Nationality
192697,foreign entities (Bretar and Hollendingar),Western Europe (nationalities),Nationality
192887,men in finance,Men,Gender
193053,Þróttara kellingar,Women,Gender
193059,Indian men,Men; South and Central Asia (nationalities),Gender; Nationality
193106,families in Bulgaria,Eastern Europe (nationalities),Nationality
193122,Bulgarian women,Eastern Europe (nationalities); Women,Gender; Nationality
193136,women in certain appearances,Women,Gender
193137,women who are mothers,Women,Gender
193141,women lacking self-care,Women,Gender
193142,jealous women,Women,Gender
193146,long-term ill children,Physical disabilities and general disability terms,Disability
193165,kellingar,Women,Gender
193166,unhappy women,Women,Gender
193236,the German public,Western Europe (nationalities),Nationality
193255,politicians in Korea and Taiwan,East Asia (nationalities),Nationality
193283,Russian journalists,Eastern Europe (nationalities),Nationality
193490,African American people,Black/African (ethnicities),Ethnicity
193595,people in Haiti,North America (nationalities),Nationality
193880,sykursjúklingar,Physical disabilities and general disability terms,Disability
193918,famous Icelanders,Icelanders,Nationality
193952,arab women,Middle Eastern/Arab (ethnicities); Women,Ethnicity; Gender
193957,muslim women,Islam; Women,Gender; Religion
194017,people who want to change gender,Transgender identities,LGBTQIA+
194179,Swedish women,Nordic countries (nationalities); Women,Gender; Nationality
194181,Belarusian immigrants,Eastern Europe (nationalities),Nationality
194266,young drug offenders,Addiction disorders,Disability
194776,people who abuse drugs,Addiction disorders,Disability
194932,swedish youth,Nordic countries (nationalities),Nationality
194983,former alcoholics,Addiction disorders,Disability
195042,disabled women,Physical disabilities and general disability terms; Women,Disability; Gender
195401,Russian population,Eastern Europe (nationalities),Nationality
195629,powerful women,Women,Gender
195630,weaker women,Women,Gender
195636,privileged women,Women,Gender
196097,Múhameðstrúar hyskið,Islam,Religion
196147,Macedonian immigrants,Eastern Europe (nationalities),Nationality
196156,nationalities from Albania and Macedonia,Eastern Europe (nationalities),Nationality
196648,residents of Syria,Middle East (nationalities),Nationality
196873,non-Jewish people,Judaism,Religion
196934,white Westerners,White/European (ethnicities),Ethnicity
196942,People from Middle East,Middle Eastern/Arab (ethnicities),Ethnicity
197043,Latino individuals,Latino/Latin Americans (ethnicities),Ethnicity
197075,good men,Men,Gender
197095,white nations,White/European (ethnicities),Ethnicity
197770,Russian doctors,Eastern Europe (nationalities),Nationality
197771,Cuban doctors,North America (nationalities),Nationality
197919,women with drug addiction,Addiction disorders; Women,Disability; Gender
198416,the German people,Western Europe (nationalities),Nationality
198484,Sádana,Middle East (nationalities),Nationality
198596,Islamistar,Islam,Religion
198748,disabled and elderly,Physical disabilities and general disability terms,Disability
198806,Eistlandi,Eastern Europe (nationalities),Nationality
199330,Islamic jihadists,Islam,Religion
199333,Islamic Jihad,Islam,Religion
199548,Black Africans,Black/African (ethnicities),Ethnicity
199691,Islamic world,Islam,Religion
199931,Filipino nationality,East Asia (nationalities),Nationality
199944,foreigners viewing games,"Foreigners, asylum seekers, refugees (general)",Nationality
199979,Chile,South America (nationalities),Nationality
200045,Danish consumers,Nordic countries (nationalities),Nationality
200083,Sri Lankans,South and Central Asia (nationalities),Nationality
200267,Asian Mongols,Asians (ethnicities); East Asia (nationalities),Ethnicity; Nationality
200362,hægrikarlar,Men,Gender
200555,common Icelanders,Icelanders,Nationality
200922,people affected by cancer,Physical disabilities and general disability terms,Disability
200925,people with HIV/AIDS,Physical disabilities and general disability terms,Disability
200988,Franskir mótmælendur,Western Europe (nationalities),Nationality
201053,people with neurological diseases,Physical disabilities and general disability terms,Disability
201114,people of the white race,White/European (ethnicities),Ethnicity
201141,Chinese researchers,East Asia (nationalities),Nationality
201535,Kínamenn,East Asia (nationalities),Nationality
201584,gender-diverse individuals,Transgender identities,LGBTQIA+
201948,Eldri menn,Men,Gender
202004,Agnostics/Atheists,Atheism,Religion
202357,people in Nigeria accused of witchcraft,Africa (nationalities),Nationality
202506,Followers of Islam,Islam,Religion
202551,jewish people,Judaism,Religion
202769,Caucasian,White/European (ethnicities),Ethnicity
202987,traditional religions,Non-Abrahamic religions,Religion
203004,traditional Christians,Christianity,Religion
204116,Panama,North America (nationalities),Nationality
205036,workers from Poland and other European countries,Eastern Europe (nationalities),Nationality
205345,ISLAM,Islam,Religion
205496,kristnar,Christianity,Religion
205513,Islam believers,Islam,Religion
206026,Icelanders on unemployment benefits,Icelanders,Nationality
206210,karmenn,Men,Gender
206225,karlaklúbbaklíkuna,Men,Gender
206678,hvíta sunnanmenn,White/European (ethnicities),Ethnicity
206768,Sýrland (Sýrlenska þjóðin),Middle East (nationalities),Nationality
206895,individuals with diabetes,Physical disabilities and general disability terms,Disability
207929,women in the sex industry,Women,Gender
208186,shamanists,Non-Abrahamic religions,Religion
208415,those who are atheists or have differing beliefs,Atheism,Religion
208491,those who believe in non-religious perspectives,Atheism,Religion
208529,Lebanese descendants of the Phoenicians,Middle East (nationalities),Nationality
208645,geðveikt fólk,Mental illnesses/disorders,Disability
208691,parents of children with autism,Intellectual/Developmental disabilities,Disability
208752,Haiti citizens,North America (nationalities),Nationality
208867,the LGBT community,Queer (general/other),LGBTQIA+
209363,Vietnamese women,East Asia (nationalities); Women,Gender; Nationality
209542,men in rural areas,Men,Gender
209666,Swedish citizens,Nordic countries (nationalities),Nationality
209762,people who are LGBTQ+,Queer (general/other),LGBTQIA+
209847,people struggling with alcoholism,Addiction disorders,Disability
210578,Chinese families,East Asia (nationalities),Nationality
210746,Chileans,South America (nationalities),Nationality
210798,Swedish entrepreneurs,Nordic countries (nationalities),Nationality
210846,immigrants or foreigners,"Foreigners, asylum seekers, refugees (general)",Nationality
210874,British public,Western Europe (nationalities),Nationality
210927,Armenian people,Middle East (nationalities),Nationality
210981,Hinduisma,Non-Abrahamic religions,Religion
211008,útlendingar (foreigners),"Foreigners, asylum seekers, refugees (general)",Nationality
211094,íslamistar,Islam,Religion
211138,Sunni Islam,Islam,Religion
211142,Sunni múslimar,Islam,Religion
211228,people in Niger,Africa (nationalities),Nationality
211297,locals in France,Western Europe (nationalities),Nationality
211517,svertingja,Black/African (ethnicities),Ethnicity
211606,people from Muslim backgrounds,Islam,Religion
211638,white nationalists,White/European (ethnicities),Ethnicity
211642,Bulgarian,Eastern Europe (nationalities),Nationality
211846,people in drug use,Addiction disorders,Disability
211852,women in adult films,Women,Gender
212053,addicts and fiends,Addiction disorders,Disability
212107,Yemeni people,Middle East (nationalities),Nationality
212160,people in Mexico,North America (nationalities),Nationality
212168,common people in Angola,Africa (nationalities),Nationality
212177,útland,"Foreigners, asylum seekers, refugees (general)",Nationality
212251,young women in politics,Women,Gender
212291,kotungar í BNA,North America (nationalities),Nationality
212370,Israeli academics,Middle East (nationalities),Nationality
212377,Scottish descent,Western Europe (nationalities),Nationality
212398,homosexuals and lesbians,Homosexuality,LGBTQIA+
212570,austur-asíubúa,Asians (ethnicities),Ethnicity
212571,eastern Asians,Asians (ethnicities),Ethnicity
212586,English prostitutes,Western Europe (nationalities),Nationality
212587,English women,Western Europe (nationalities); Women,Gender; Nationality
212591,Asperger's syndrome,Intellectual/Developmental disabilities,Disability
212606,people from Scotland,Western Europe (nationalities),Nationality
212694,some Icelanders,Icelanders,Nationality
212717,fatlaða einstaklinga,Physical disabilities and general disability terms,Disability
212771,Mongólarnir,East Asia (nationalities),Nationality
212802,Austrian nationals,Western Europe (nationalities),Nationality
212954,descendants of Africans,Black/African (ethnicities),Ethnicity
212975,Religious institutions,Religious people (general terms),Religion
212997,ljóshærða Svía,Nordic countries (nationalities),Nationality
213167,Palestínuvillimenn,Middle East (nationalities),Nationality
213188,HINSEGIN samfélagi,Queer (general/other),LGBTQIA+
213350,deaf asylum seekers,Physical disabilities and general disability terms,Disability
213352,heyrnarlausir,Physical disabilities and general disability terms,Disability
213355,heyrnarlausra hælisleitenda,Physical disabilities and general disability terms,Disability
213499,Gyðingdómur,Judaism,Religion
213533,current Icelanders,Icelanders,Nationality
213556,Indigenous Alaskans,Indigenous peoples (ethnicities),Ethnicity
213577,Georgíska þjóðin,Middle East (nationalities),Nationality
213594,refugees from Venezuela,South America (nationalities),Nationality
213809,people of Eastern religions,Non-Abrahamic religions,Religion
213900,Russian Nationalists,Eastern Europe (nationalities),Nationality
213908,Namibíumenn,Africa (nationalities),Nationality
213979,people from Venezuela,South America (nationalities),Nationality
213980,people from Argentina and Brazil,South America (nationalities),Nationality
214100,Venezuelan refugees,South America (nationalities),Nationality
214227,Frakkarnir,Western Europe (nationalities),Nationality
214582,citizens of Belarus,Eastern Europe (nationalities),Nationality
214782,indigenous tribes,Indigenous peoples (ethnicities),Ethnicity
215143,Öfgamúslimar,Islam,Religion
215178,Egyptian families,Middle East (nationalities),Nationality
215205,people from Egypt,Middle East (nationalities),Nationality
215314,Muslima,Islam,Religion
215360,Romanians and Albanians,Eastern Europe (nationalities),Nationality
215782,people suffering from depression,Mental illnesses/disorders,Disability
216184,people with anxiety,Mental illnesses/disorders,Disability
216275,women in the industry,Women,Gender
216576,women from the West,Women,Gender
216577,women from the East,Women,Gender
217011,ríka karlar,Men,Gender
217267,Sviss,Western Europe (nationalities),Nationality
217325,extreme muslims,Islam,Religion
217563,Georgía,Middle East (nationalities),Nationality
217568,people who use gender-neutral language,Intersex/Gender minorities,LGBTQIA+
217747,Jamaican citizens,North America (nationalities),Nationality
217752,workers in Trinidad and Tobago,North America (nationalities),Nationality
217773,Icelanders in economy,Icelanders,Nationality
217823,NegrarNorðursins,Black/African (ethnicities),Ethnicity
217912,hreyfihömlunar,Physical disabilities and general disability terms,Disability
218034,Pakistani immigrants,South and Central Asia (nationalities),Nationality
218349,north Icelanders,Icelanders,Nationality
218646,foreign speakers,"Foreigners, asylum seekers, refugees (general)",Nationality
218766,gays and lesbians,Homosexuality,LGBTQIA+
218783,people with genetic predispositions to alcohol issues,Addiction disorders,Disability
218863,foreigner workers,"Foreigners, asylum seekers, refugees (general)",Nationality
219291,Franskir borgarar,Western Europe (nationalities),Nationality
219431,Mongolíubúar,East Asia (nationalities),Nationality
219504,young conservative men,Men,Gender
219538,Lebanese,Middle East (nationalities),Nationality
219608,Sómalskir sjóræningjar,Africa (nationalities),Nationality
219676,individuals on disability,Physical disabilities and general disability terms,Disability
219742,people with chronic illnesses,Physical disabilities and general disability terms,Disability
219752,alkólistar,Addiction disorders,Disability
219753,hjartasjúklingar,Physical disabilities and general disability terms,Disability
219926,Zimbabwians,Africa (nationalities),Nationality
219962,people of Islam,Islam,Religion
220204,Icelanders practicing fisheries,Icelanders,Nationality
220325,white voters,White/European (ethnicities),Ethnicity
220366,people from Britain and the Netherlands,Western Europe (nationalities),Nationality
220415,geðfatlaðir,Mental illnesses/disorders,Disability
220590,Indigenous peoples of North America,Indigenous peoples (ethnicities),Ethnicity
220600,workers from Eastern Europe,Eastern Europe (nationalities),Nationality
220688,homosexuals and fishermen,Homosexuality,LGBTQIA+
220773,people of Eastern European nationality,Eastern Europe (nationalities),Nationality
221029,geðsjúklingsins,Mental illnesses/disorders,Disability
221148,people affected by alcoholism,Addiction disorders,Disability
221275,White descent,White/European (ethnicities),Ethnicity
221336,trillukarla,Men,Gender
221714,Scottish nobles,Western Europe (nationalities),Nationality
221725,þeldökkra,Black/African (ethnicities),Ethnicity
221892,hússkonur,Women,Gender
221896,women/girls,Women,Gender
221953,Black candidates,Black/African (ethnicities),Ethnicity
222100,people who support LGBTQIA rights,Queer (general/other),LGBTQIA+
222101,people identifying as a different gender,Transgender identities,LGBTQIA+
222124,Turkish Muslims,Islam,Religion
222132,people with non-heteronormative sexual orientations,Queer (general/other),LGBTQIA+
222377,samkynhneygð,Homosexuality,LGBTQIA+
222445,people with diverse sexual orientations,Queer (general/other),LGBTQIA+
222483,Hindúar (Hindus),Non-Abrahamic religions,Religion
222527,Turkish youth,Middle East (nationalities),Nationality
222528,Pakistani youth,South and Central Asia (nationalities),Nationality
222543,poor whites,White/European (ethnicities),Ethnicity
222611,samkynhneigðar konur,Homosexuality,LGBTQIA+
222612,samkynhneigin fólk,Homosexuality,LGBTQIA+
222703,BIPOC,Multiethnic/General (ethnicities),Ethnicity
222714,people opposing LGBTQ education,Queer (general/other),LGBTQIA+
222717,same-sex attracted people,Homosexuality,LGBTQIA+
222856,Arab Christians,Middle Eastern/Arab (ethnicities),Ethnicity
222924,Arabs/Muslims,Islam; Middle Eastern/Arab (ethnicities),Ethnicity; Religion
222985,LGBTQIA+,Queer (general/other),LGBTQIA+
223128,Hvítasunnusöfnuðurinn,Christianity,Religion
223316,people who dislike Jews,Judaism,Religion
223473,Súnní og Shíamuslima,Islam,Religion
223475,Kenyan tribes,Africa (nationalities),Nationality
223550,people living with HIV,Physical disabilities and general disability terms,Disability
223802,LGBTQIA+ community,Queer (general/other),LGBTQIA+
223920,Bulgaria and Romania,Eastern Europe (nationalities),Nationality
223986,people from Jamaica,North America (nationalities),Nationality
224028,black children,Black/African (ethnicities),Ethnicity
224037,negrastrákar,Black/African (ethnicities),Ethnicity
224054,negra,Black/African (ethnicities),Ethnicity
224058,fólk með fötlun,Physical disabilities and general disability terms,Disability
224063,marginalized racial groups,Multiethnic/General (ethnicities),Ethnicity
224089,women in media,Women,Gender
224270,dellukerlingar,Women,Gender
224279,full Icelanders,Icelanders,Nationality
224288,independence-minded Icelanders,Icelanders,Nationality
224325,the mentally challenged,Mental illnesses/disorders,Disability
224646,people in Búrma and China,East Asia (nationalities),Nationality
224858,Iraqi refugees,Middle East (nationalities),Nationality
224882,Arabíkin,Middle Eastern/Arab (ethnicities),Ethnicity
225322,Israelsþjóð,Middle East (nationalities),Nationality
225695,Portuguese immigrants,Southern Europe (nationalities),Nationality
225750,útlendingum,"Foreigners, asylum seekers, refugees (general)",Nationality
225751,Kuwaitis,Middle East (nationalities),Nationality
226574,women over 60,Women,Gender
226578,people from Cuba,North America (nationalities),Nationality
226712,young men in various political parties,Men,Gender
226743,Tékkar,Eastern Europe (nationalities),Nationality
226855,Hungarian citizens,Eastern Europe (nationalities),Nationality
227082,dark-haired women,Women,Gender
227208,Portuguese farmers,Southern Europe (nationalities),Nationality
227341,women (specifically 'rauðsokkur'),Women,Gender
227502,women in rural areas,Women,Gender
227618,trúleysisbloggari,Atheism,Religion
227722,trúleysiströllin,Atheism,Religion
228147,trúleysigjar,Atheism,Religion
228259,atheists/agnostics,Atheism,Religion
228364,atheists or non-believers,Atheism,Religion
228380,individuals with cognitive impairments,Intellectual/Developmental disabilities,Disability
228385,vangefnir,Intellectual/Developmental disabilities,Disability
228429,trúlausa,Atheism,Religion
228487,trúleysingja,Atheism,Religion
228771,trúlause,Atheism,Religion
228804,trúlausir (trúleysingjar),Atheism,Religion
228874,supporters of new atheism,Atheism,Religion
228875,new atheists,Atheism,Religion
229258,people with dangerous sexual orientations,Queer (general/other),LGBTQIA+
229259,men with unsafe sexual orientation,Men; Queer (general/other),Gender; LGBTQIA+
229753,followers of non-Abrahamic religions,Non-Abrahamic religions,Religion
229821,religion (Protestantism),Christianity,Religion
230019,Sjöunda dags Aðventistar,Christianity,Religion
230161,rural people in Northern Turkey,Middle East (nationalities),Nationality
230163,Turkish villagers,Middle East (nationalities),Nationality
230292,Australian aboriginals,Oceania (nationalities),Nationality
230478,Blökkufólk,Black/African (ethnicities),Ethnicity
230480,lesbians and gay men,Homosexuality,LGBTQIA+
230573,self-defined religious groups,Religious people (general terms),Religion
230722,feminist women,Women,Gender
230814,people involved in addiction,Addiction disorders,Disability
230825,Brazilian population,South America (nationalities),Nationality
230839,Danish feminists,Nordic countries (nationalities),Nationality
230849,Islamic states,Islam,Religion
230924,Kúbversku þjóðinni,North America (nationalities),Nationality
231006,Polish immigrants,Eastern Europe (nationalities),Nationality
231083,arrogant men,Men,Gender
231084,self-confident men,Men,Gender
231098,athafnakonur,Women,Gender
231202,people in religious groups,Religious people (general terms),Religion
231223,alkóhólismi,Addiction disorders,Disability
231294,suicidal individuals,Mental illnesses/disorders,Disability
231331,drug-addicted parents,Addiction disorders,Disability
231435,Black People,Black/African (ethnicities),Ethnicity
231542,dark-haired middle-aged men,Men,Gender
231576,theldökkra,Black/African (ethnicities),Ethnicity
231582,Poor whites,White/European (ethnicities),Ethnicity
231630,people with alcohol dependence,Addiction disorders,Disability
231715,readers with learning disabilities,Intellectual/Developmental disabilities,Disability
231720,mature adult men,Men,Gender
231732,óþroskaðir karlmenn,Men,Gender
231865,people dealing with addiction,Addiction disorders,Disability
231902,valdamiklu menn,Men,Gender
231932,dimraddr karlmenn,Men,Gender
231933,macho men,Men,Gender
231934,thin men,Men,Gender
231991,Islam supporters,Islam,Religion
232008,hvíta fólkið,White/European (ethnicities),Ethnicity
232010,Múslimir,Islam,Religion
232210,same-sex oriented individuals,Homosexuality,LGBTQIA+
232224,ugly women,Women,Gender
232259,Young men,Men,Gender
232570,gráhærðir karlmenn,Men,Gender
232574,real men,Men,Gender
232577,people dependent on prescription drugs,Addiction disorders,Disability
232705,people involved with drug abuse,Addiction disorders,Disability
232781,people with Alzheimer,Intellectual/Developmental disabilities,Disability
232871,people with Asian heritage,Asians (ethnicities),Ethnicity
232928,same-sex oriented people,Homosexuality,LGBTQIA+
233055,Finnish dancers,Nordic countries (nationalities),Nationality
233090,Austur-Asíubúa,Asians (ethnicities),Ethnicity
233091,Eastern Asians,Asians (ethnicities),Ethnicity
233419,kerlingaranginn,Women,Gender
233583,Russian society,Eastern Europe (nationalities),Nationality
233631,people from Northern Norway,Nordic countries (nationalities),Nationality
233653,people with low mental maturity,Intellectual/Developmental disabilities,Disability
233655,greindarskert fólk,Intellectual/Developmental disabilities,Disability
233733,kaffihúsakerling,Women,Gender
233787,people at mental health institutions,Mental illnesses/disorders,Disability
234176,Irish and Celtic ancestors,Western Europe (nationalities),Nationality
234179,small religious communities,Religious people (general terms),Religion
234188,individuals who hold different religious views,Religious people (general terms),Religion
234234,Argentines,South America (nationalities),Nationality
234367,boys/men,Men,Gender
234459,Iranian hackers,Middle East (nationalities),Nationality
234559,Icelanders without higher education,Icelanders,Nationality
234777,kvenfélagskonur,Women,Gender
234834,Jews/Soros,Judaism,Religion
234935,Spanish youth,Southern Europe (nationalities),Nationality
234950,Muslim clerics,Islam,Religion
234953,muslim clerics,Islam,Religion
235166,foreign customs,"Foreigners, asylum seekers, refugees (general)",Nationality
235167,those who adopt foreign customs,"Foreigners, asylum seekers, refugees (general)",Nationality
235340,slender women,Women,Gender
235341,normal women,Women,Gender
235443,European women,Women,Gender
235565,Iraq residents,Middle East (nationalities),Nationality
235823,stærri menn,Men,Gender
236209,Singapúr,East Asia (nationalities),Nationality
236210,Sri Lanka,South and Central Asia (nationalities),Nationality
236367,Hollenders,Western Europe (nationalities),Nationality
236460,sveitastelpurnar,Women,Gender
236461,sveitastelpur,Women,Gender
236699,Slovakia and Czech Republic,Eastern Europe (nationalities),Nationality
236933,"Germany, France, Netherlands",Western Europe (nationalities),Nationality
236968,Iceland and Icelanders,Icelanders,Nationality
237015,Greeks during economic hardship,Southern Europe (nationalities),Nationality
237100,Grikkir og Spanar,Southern Europe (nationalities),Nationality
237111,"Specific nations (Romania, Bulgaria)",Eastern Europe (nationalities),Nationality
237115,Canadian regions,North America (nationalities),Nationality
237154,Iceland and Norway,Nordic countries (nationalities),Nationality
237315,being ruled by foreigners,"Foreigners, asylum seekers, refugees (general)",Nationality
237746,people who hold extreme religious beliefs,Religious people (general terms),Religion
237799,the men in power,Men,Gender
237838,Somali pirates,Africa (nationalities),Nationality
238239,Bretar og Hollendinga,Western Europe (nationalities),Nationality
238342,athletes with differences of sexual development,Intersex/Gender minorities,LGBTQIA+
238351,Lithuanian people,Eastern Europe (nationalities),Nationality
238520,indigenous,Indigenous peoples (ethnicities),Ethnicity
238547,unaffiliated religious groups,Religious people (general terms),Religion
238716,Noreg,Nordic countries (nationalities),Nationality
238782,foreigners opposing EU membership,"Foreigners, asylum seekers, refugees (general)",Nationality
238798,people in Palestine,Middle East (nationalities),Nationality
239030,geðsjúkur,Mental illnesses/disorders,Disability
239126,White women,White/European (ethnicities); Women,Ethnicity; Gender
239128,people from the South USA,North America (nationalities),Nationality
239129,people from the Northern states USA,North America (nationalities),Nationality
239152,people needing accessibility improvements,Physical disabilities and general disability terms,Disability
239192,individuals struggling with addiction,Addiction disorders,Disability
239581,North American Indigenous People,Indigenous peoples (ethnicities),Ethnicity
239754,Chinese migrant workers,East Asia (nationalities),Nationality
239787,Hispanics,Latino/Latin Americans (ethnicities),Ethnicity
239830,public employees in France,Western Europe (nationalities),Nationality
239994,citizens in Eastern Europe,Eastern Europe (nationalities),Nationality
240191,Alzheimer's patients,Intellectual/Developmental disabilities,Disability
240273,Self-Determined Icelanders,Icelanders,Nationality
240504,black,Black/African (ethnicities),Ethnicity
240511,Chinese technology employees,East Asia (nationalities),Nationality
240552,Black citizens,Black/African (ethnicities),Ethnicity
240556,kínakomma,East Asia (nationalities),Nationality
240627,kínakommar,East Asia (nationalities),Nationality
240841,northern Italians,Southern Europe (nationalities),Nationality
241044,the British working class,Western Europe (nationalities),Nationality
241237,Eastern and Western Germany,Western Europe (nationalities),Nationality
241323,speaking subjects of subjects like languages or religion,Religious people (general terms),Religion
241407,people of various sexual orientations,Queer (general/other),LGBTQIA+
241601,those who follow religion,Religious people (general terms),Religion
241728,supporters of same-sex marriage,Homosexuality,LGBTQIA+
241828,individuals with drug addiction,Addiction disorders,Disability
241834,different sexual orientations,Queer (general/other),LGBTQIA+
241916,men in religious institutions,Men; Religious people (general terms),Gender; Religion
241975,religious granters,Religious people (general terms),Religion
241988,religious denominations,Religious people (general terms),Religion
242164,People who believe in religion,Religious people (general terms),Religion
242220,state and organized religions,Religious people (general terms),Religion
242255,institutional religion,Religious people (general terms),Religion
242353,LGBTQ advocates,Queer (general/other),LGBTQIA+
242401,strict religions,Religious people (general terms),Religion
242450,samkynhneigður,Homosexuality,LGBTQIA+
242457,people against LGBTQ+ rights,Queer (general/other),LGBTQIA+
242651,fötlunar,Physical disabilities and general disability terms,Disability
242775,hinir trúlausu,Atheism,Religion
242886,Afghan citizens,Middle East (nationalities),Nationality
242989,homosexual people,Homosexuality,LGBTQIA+
243075,immigrants from Arab descent,Middle Eastern/Arab (ethnicities),Ethnicity
243102,polish immigrants,Eastern Europe (nationalities),Nationality
243153,Rússneska rétttrúnaðarkirkjan,Christianity,Religion
243162,people identifying with different gender identities,Transgender identities,LGBTQIA+
243233,Danish fanatics,Nordic countries (nationalities),Nationality
243542,Norwegian healthcare workers,Nordic countries (nationalities),Nationality
243543,Norwegian nurses,Nordic countries (nationalities),Nationality
243572,Polish doctors,Eastern Europe (nationalities),Nationality
243574,Slovakian doctors,Eastern Europe (nationalities),Nationality
243604,Religious fanatics,Religious people (general terms),Religion
243806,European religious people,Religious people (general terms),Religion
243906,Estonian Jews,Judaism,Religion
244015,Sómalísvertingjar,Africa (nationalities); Black/African (ethnicities),Ethnicity; Nationality
244040,people with mixed gender characteristics,Intersex/Gender minorities,LGBTQIA+
244148,Múslima/ Múslimar,Islam,Religion
244153,Muslimar,Islam,Religion
244350,Ethiopian people,Africa (nationalities),Nationality
244470,white southerners,White/European (ethnicities),Ethnicity
244512,Luxemburg,Western Europe (nationalities),Nationality
244515,blonde women,Women,Gender
244537,blond women,Women,Gender
244541,Icelanders who enjoy entertainment,Icelanders,Nationality
244642,geðklofinn,Mental illnesses/disorders,Disability
244684,gervigyðingar,Judaism,Religion
244720,Jews in Iceland,Judaism,Religion
244743,Israeli State,Middle East (nationalities),Nationality
244972,samfélagið í Kína,East Asia (nationalities),Nationality
244989,Eistar,Eastern Europe (nationalities),Nationality
245029,kryppukarlar,Men,Gender
245047,feminine men,Men,Gender
245053,religious individuals (specifically the Catholic Church),Christianity,Religion
245103,danish merchants,Nordic countries (nationalities),Nationality
245164,people of different races and religions,Religious people (general terms),Religion
245282,Egyptian voters,Middle East (nationalities),Nationality
245396,people of indigenous descent,Indigenous peoples (ethnicities),Ethnicity
245399,gyðingar (Jews),Judaism,Religion
245441,women in Iran,Middle East (nationalities); Women,Gender; Nationality
245484,snobbish men,Men,Gender
245500,Austfirskar konur,Women,Gender
245546,Haredi Jews,Judaism,Religion
245553,extremist Islamists,Islam,Religion
245702,kynthystra karla,Men,Gender
245784,women from rural areas,Women,Gender
245786,people with Tourette syndrome,Intellectual/Developmental disabilities,Disability
245831,Croatians and Latvians,Eastern Europe (nationalities),Nationality
245858,Bandaríkin (Americans),North America (nationalities),Nationality
245882,Uzbeks,South and Central Asia (nationalities),Nationality
245884,Uzbekistanis,South and Central Asia (nationalities),Nationality
246080,Islamist communities,Islam,Religion
246157,fundamentalist religions,Religious people (general terms),Religion
246158,followers of dominant religions,Religious people (general terms),Religion
246192,South American Jews,Judaism,Religion
246231,people from Qatar,Middle East (nationalities),Nationality
246292,Arab families,Middle Eastern/Arab (ethnicities),Ethnicity
246293,Jewish settlers,Judaism,Religion
246323,Basques,White/European (ethnicities),Ethnicity
246418,those in Denmark,Nordic countries (nationalities),Nationality
246421,German Jews,Judaism,Religion
246436,Surinamese,South America (nationalities),Nationality
246587,individuals in Denmark,Nordic countries (nationalities),Nationality
246625,gay,Homosexuality,LGBTQIA+
246788,people with religious differences,Religious people (general terms),Religion
246831,Middle Eastern extremists,Middle Eastern/Arab (ethnicities),Ethnicity
247160,young atheists,Atheism,Religion
247202,Israelites/Palestinians,Middle East (nationalities),Nationality
247207,Iranian athletes,Middle East (nationalities),Nationality
247298,negroes,Black/African (ethnicities),Ethnicity
247300,svart fólk (Black people),Black/African (ethnicities),Ethnicity
247317,Kenyan immigrants,Africa (nationalities),Nationality
247384,people of Arabic descent,Middle Eastern/Arab (ethnicities),Ethnicity
247385,people of Arabic origin,Middle Eastern/Arab (ethnicities),Ethnicity
247387,people of Arab origin,Middle Eastern/Arab (ethnicities),Ethnicity
247453,Latino culture,Latino/Latin Americans (ethnicities),Ethnicity
247466,Italian women,Southern Europe (nationalities); Women,Gender; Nationality
247470,strangtrúaðra gyðinga,Judaism,Religion
247471,Jewish men,Judaism; Men,Gender; Religion
247472,Jewish women,Judaism; Women,Gender; Religion
247473,Haredim Jews,Judaism,Religion
247530,people living in Greenland,"Foreigners, asylum seekers, refugees (general); Nordic countries (nationalities)",Nationality
247549,greenlanders,Nordic countries (nationalities),Nationality
247582,residents of West Greenland,Nordic countries (nationalities),Nationality
248026,people with mental issues,Mental illnesses/disorders,Disability
248072,people in Zimbabwe,Africa (nationalities),Nationality
248198,unmarried women,Women,Gender
248238,black girls,Black/African (ethnicities),Ethnicity
248271,Rúmenarnir,Eastern Europe (nationalities),Nationality
248528,Múhammeds fylgjendur,Islam,Religion
248600,útland þjóð,"Foreigners, asylum seekers, refugees (general)",Nationality
248641,refugees from Muslim countries,Islam,Religion
248719,MUSLIM,Islam,Religion
248720,ISRAELI,Middle East (nationalities),Nationality
248741,Jewish critics of Israel,Judaism,Religion
248991,asatru,Non-Abrahamic religions,Religion
249142,people in religious communities,Religious people (general terms),Religion
249588,Swedish,Nordic countries (nationalities),Nationality
249626,Czechoslovakians,Eastern Europe (nationalities),Nationality
249647,Norwegian fishermen,Nordic countries (nationalities),Nationality
249687,russian minorities,Eastern Europe (nationalities),Nationality
250188,people perceived as intellectually deficient,Intellectual/Developmental disabilities,Disability
250387,Noregs,Nordic countries (nationalities),Nationality
250528,"Czech Republic, Poland, Slovenia, Slovakia and the Baltic States",Eastern Europe (nationalities),Nationality
250717,the British public,Western Europe (nationalities),Nationality
250879,Chinese immigrants,East Asia (nationalities),Nationality
250909,Chilean conservatives,South America (nationalities),Nationality
250959,white settlers,White/European (ethnicities),Ethnicity
251103,Lithuanian speakers,Eastern Europe (nationalities),Nationality
251111,Karaite Jews,Judaism,Religion
251173,breskar konur,Women,Gender
251223,Syrians and Muslim countries,Islam,Religion
251249,People with African ancestry,Black/African (ethnicities),Ethnicity
251269,Islams,Islam,Religion
251271,dóphaus,Addiction disorders,Disability
251544,fellow Icelanders,Icelanders,Nationality
251576,arab-speaking nations,Middle Eastern/Arab (ethnicities),Ethnicity
251577,Russian-speaking nations,Eastern Europe (nationalities),Nationality
251588,Faroese women,Women,Gender
251626,women from Greenland,Nordic countries (nationalities); Women,Gender; Nationality
251656,low-income Americans,North America (nationalities),Nationality
251735,people from the Faroe Islands,Nordic countries (nationalities),Nationality
251760,Foresters and Greenlanders,Nordic countries (nationalities),Nationality
251947,kvefaðar konur,Women,Gender
252111,Indjánar,Indigenous peoples (ethnicities),Ethnicity
252271,people who travel to Islamic countries,Islam,Religion
252352,overweight men,Men,Gender
252353,people with African ancestry,Black/African (ethnicities),Ethnicity
252354,people with white ancestry,White/European (ethnicities),Ethnicity
252357,small men,Men,Gender
252360,færeyskur menning,Nordic countries (nationalities),Nationality
252404,the elderly or individuals with mental health issues,Mental illnesses/disorders,Disability
252437,woman,Women,Gender
252483,individuals with syndromes,Physical disabilities and general disability terms,Disability
252495,English middle class,Western Europe (nationalities),Nationality
252511,Færeyingarnir,Nordic countries (nationalities),Nationality
252520,lítilla karla,Men,Gender
252558,people with foreign surnames,"Foreigners, asylum seekers, refugees (general)",Nationality
252560,Vietnamese immigrants,East Asia (nationalities),Nationality
252577,Greek men,Men; Southern Europe (nationalities),Gender; Nationality
252590,Víetnamar,East Asia (nationalities),Nationality
252623,debates on sexual orientation,Queer (general/other),LGBTQIA+
252806,those who use drugs,Addiction disorders,Disability
252812,Burmans,East Asia (nationalities),Nationality
252867,people diagnosed with mental health disorders,Mental illnesses/disorders,Disability
252991,Lebanese men,Men; Middle East (nationalities),Gender; Nationality
253317,fishermen and Icelanders,Icelanders,Nationality
253441,Middle Eastern People,Middle Eastern/Arab (ethnicities),Ethnicity
253516,individuals with eating disorders,Mental illnesses/disorders,Disability
253572,Geðsjúka fólkið,Mental illnesses/disorders,Disability
253581,uneducated white individuals,White/European (ethnicities),Ethnicity
253681,Western Christians,Christianity,Religion
253881,people who compare religious texts,Religious people (general terms),Religion
253910,Shia and Sunni Muslims,Islam,Religion
253933,Finnish professors,Nordic countries (nationalities),Nationality
253966,Afghan politicians,Middle East (nationalities),Nationality
254017,Ugandan citizens,Africa (nationalities),Nationality
254040,Drug users,Addiction disorders,Disability
254044,drug users in general,Addiction disorders,Disability
254078,believers in religious doctrines,Religious people (general terms),Religion
254384,Nepali,South and Central Asia (nationalities),Nationality
254410,Svissarar,Western Europe (nationalities),Nationality
254429,homeworking women,Women,Gender
254443,samkynja fólk,Homosexuality,LGBTQIA+
254490,the elderly and the disabled,Physical disabilities and general disability terms,Disability
254491,individuals with disabilities or the elderly,Physical disabilities and general disability terms,Disability
254635,flóttakonur,"Foreigners, asylum seekers, refugees (general); Women",Gender; Nationality
254642,Colombian women,South America (nationalities); Women,Gender; Nationality
254652,middle easterners,Middle Eastern/Arab (ethnicities),Ethnicity
254658,people in wheelchairs,Physical disabilities and general disability terms,Disability
254689,samkynhneigðir (LGBT),Homosexuality; Queer (general/other),LGBTQIA+
254696,tvíkynhneigðir sjallar,Bisexuality,LGBTQIA+
254748,individuals with mental health concerns,Mental illnesses/disorders,Disability
254790,depressed individuals,Mental illnesses/disorders,Disability
254809,women in Saudi Arabia,Middle East (nationalities); Women,Gender; Nationality
254920,people involved in religious organizations,Religious people (general terms),Religion
254943,those who interpret religion,Religious people (general terms),Religion
255076,people with speech disabilities,Intellectual/Developmental disabilities,Disability
255769,eastern European nations,Eastern Europe (nationalities),Nationality
255792,Spanish guides,Southern Europe (nationalities),Nationality
255793,Eastern European workers,Eastern Europe (nationalities),Nationality
255794,individuals from Eastern Europe and Asia,Eastern Europe (nationalities),Nationality
255901,people with disabilities or psychiatric disorders,Physical disabilities and general disability terms,Disability
256038,religiously marginalized groups,Religious people (general terms),Religion
256111,Jewish society,Judaism,Religion
256116,indigenous Americans,Indigenous peoples (ethnicities),Ethnicity
256133,individuals involved in religious discussions,Religious people (general terms),Religion
256179,people with religions,Religious people (general terms),Religion
256470,primitivist religions,Non-Abrahamic religions,Religion
256513,follower of religions,Religious people (general terms),Religion
256648,followers of a specific religion,Religious people (general terms),Religion
256716,the agnostic/atheist,Atheism,Religion
256728,people with religious belief,Religious people (general terms),Religion
257133,people who use religious texts to justify slavery and violence,Religious people (general terms),Religion
257134,religious individuals who overlook the morality of their texts,Religious people (general terms),Religion
257350,íslendingar (Icelanders),Icelanders,Nationality
257358,foreigners seeking asylum,"Foreigners, asylum seekers, refugees (general)",Nationality
257399,foreign couples with children,"Foreigners, asylum seekers, refugees (general)",Nationality
257489,parents of disabled children,Physical disabilities and general disability terms,Disability
257503,einstæðar íslenskar konur,Women,Gender
257533,refugee women,Women,Gender
257535,Islamic people,Islam,Religion
257538,working-class Icelanders,Icelanders,Nationality
257611,women who engage with multiple partners,Women,Gender
257633,Latvian women,Eastern Europe (nationalities); Women,Gender; Nationality
257641,women from rural Iceland,Women,Gender
257649,those involved in drug trafficking and prostitution,Addiction disorders,Disability
257720,people who sing in foreign languages,"Foreigners, asylum seekers, refugees (general)",Nationality
257818,people undergoing treatment for alcoholism,Addiction disorders,Disability
257880,LGBTQ+ groups,Queer (general/other),LGBTQIA+
257881,immigrant women,Women,Gender
258031,pregnant women/ mothers,Women,Gender
258207,samkynhneigðu fólki,Homosexuality,LGBTQIA+
258293,bisexual individuals,Bisexuality,LGBTQIA+
258454,people without religious affiliation,Atheism,Religion
258585,Icelanders with prejudices,Icelanders,Nationality
259054,people in Portugal,Southern Europe (nationalities),Nationality
259141,Færeyinga,Nordic countries (nationalities),Nationality
259877,hvítir Ameríkanskar byssuglaðrar,White/European (ethnicities),Ethnicity
260019,England and Holland,Western Europe (nationalities),Nationality
260101,intersex individuals,Intersex/Gender minorities,LGBTQIA+
260306,Holland and England,Western Europe (nationalities),Nationality
260379,Norður Kórea,East Asia (nationalities),Nationality
260612,people with certain religious beliefs,Religious people (general terms),Religion
260653,Samfylkingarkonur,Women,Gender
261059,Central American ethnic groups,Latino/Latin Americans (ethnicities),Ethnicity
261271,Bleiku konurnar,Women,Gender
261568,people who follow religious rules,Religious people (general terms),Religion
261590,certain groups of religious individuals,Religious people (general terms),Religion
261936,women in adult entertainment,Women,Gender
261939,women with a past in pornography or sex work,Women,Gender
261943,mothers with past in adult entertainment,Women,Gender
261945,women in adult film industry,Women,Gender
262003,women in pornography,Women,Gender
262022,chinese,East Asia (nationalities),Nationality
262023,indigenous australians,Indigenous peoples (ethnicities),Ethnicity
262160,followers of certain religious traditions,Religious people (general terms),Religion
262497,white girls,White/European (ethnicities),Ethnicity
262599,hasshausar,Addiction disorders,Disability
262656,Lettland and Litháen,Eastern Europe (nationalities),Nationality
262689,Buddhists and Hindus,Non-Abrahamic religions,Religion
263008,Spænskumælandi Bandaríkjamenn,North America (nationalities),Nationality
263318,people of Israel,Middle East (nationalities),Nationality
263725,British women,Western Europe (nationalities); Women,Gender; Nationality
263819,children of different religions,Religious people (general terms),Religion
263874,foreigners seeking refuge,"Foreigners, asylum seekers, refugees (general)",Nationality
263881,Papúar á Nýju-Gíneu,Oceania (nationalities),Nationality
264005,older men with younger women,Men,Gender
264170,religious apologetics,Religious people (general terms),Religion
264199,people of the Middle East,Middle Eastern/Arab (ethnicities),Ethnicity
264248,Twiggy types (thin women),Women,Gender
264257,Indigenous people of the Americas,Indigenous peoples (ethnicities),Ethnicity
264301,Asatru practitioners,Non-Abrahamic religions,Religion
264317,older women selling firewood,Women,Gender
264379,Kanar (Americans),North America (nationalities),Nationality
264389,Foreign Nations,"Foreigners, asylum seekers, refugees (general)",Nationality
264428,Jordanian people,Middle East (nationalities),Nationality
264475,believers in organized religions,Religious people (general terms),Religion
264477,members of organized religion,Religious people (general terms),Religion
264479,supporters of organized religions,Religious people (general terms),Religion
264499,followers of organized religions,Religious people (general terms),Religion
264508,people who believe in religions,Religious people (general terms),Religion
264560,Mexican drug cartels,North America (nationalities),Nationality
264590,different religious practitioners,Religious people (general terms),Religion
264614,non-Christian religious groups,Non-Abrahamic religions,Religion
264698,people of foreign origin,"Foreigners, asylum seekers, refugees (general)",Nationality
264888,believers (religious people),Religious people (general terms),Religion
265159,women in the adult entertainment industry,Women,Gender
265266,Puerto Ricans,North America (nationalities),Nationality
265461,Afghan youth,Middle East (nationalities),Nationality
265628,Mongólum,East Asia (nationalities),Nationality
265629,Austur- Asíu,Asians (ethnicities),Ethnicity
265676,people from the Nordic countries,Nordic countries (nationalities),Nationality
265896,Arab-Muslims,Islam; Middle Eastern/Arab (ethnicities),Ethnicity; Religion
266131,Mongóla kynsins,East Asia (nationalities),Nationality
266696,women in Kuwait,Middle East (nationalities); Women,Gender; Nationality
266709,people who buy books about Islam,Islam,Religion
266902,Múhameðstrúar einstaklingar,Islam,Religion
267086,General Muslim Population,Islam,Religion
267166,Arab population,Middle Eastern/Arab (ethnicities),Ethnicity
267380,White Christians,Christianity; White/European (ethnicities),Ethnicity; Religion
267536,Arabs in Israel,Middle Eastern/Arab (ethnicities),Ethnicity
267599,Múhameðska fólk,Islam,Religion
267791,fyllibittur,Addiction disorders,Disability
267925,Múhameðskur fólks,Islam,Religion
267928,Shintóistar,Non-Abrahamic religions,Religion
268060,eastern European criminals,Eastern Europe (nationalities),Nationality
268225,women seeking partners,Women,Gender
268362,m Muslims,Islam,Religion
268787,followers of religious practices,Religious people (general terms),Religion
268968,Disability community,Physical disabilities and general disability terms,Disability
269009,Atheist individuals,Atheism,Religion
269137,intellectually disadvantaged,Intellectual/Developmental disabilities,Disability
269264,religious characters,Religious people (general terms),Religion
269309,geðsveikja fólk,Mental illnesses/disorders,Disability
269310,Indverja,South and Central Asia (nationalities),Nationality
269312,Japani,East Asia (nationalities),Nationality
269318,Búddatrúar,Non-Abrahamic religions,Religion
269446,believers of various religious creation myths,Religious people (general terms),Religion
269593,Israelite society,Middle East (nationalities),Nationality
269600,those who interpret religious texts,Religious people (general terms),Religion
269636,colored races,Multiethnic/General (ethnicities),Ethnicity
269940,believers in different religious concepts,Religious people (general terms),Religion
270009,Bhuddists,Non-Abrahamic religions,Religion
270244,kvenréttindakonur,Women,Gender
270267,Tékki,Eastern Europe (nationalities),Nationality
270515,Russian minority groups,Eastern Europe (nationalities),Nationality
271108,women priests,Women,Gender
271137,Svíaríki,Nordic countries (nationalities),Nationality
271317,slim women,Women,Gender
271576,Júðar,Judaism,Religion
271880,people with suicidal thoughts,Mental illnesses/disorders,Disability
271901,people in neighboring countries to Cuba,North America (nationalities),Nationality
272118,the Cuban people,North America (nationalities),Nationality
272179,Eldri konur,Women,Gender
272281,vinstrisinnaðar konur,Women,Gender
272326,frumbyggjar (indigenous people),Indigenous peoples (ethnicities),Ethnicity
272440,Lúxemborgarar,Western Europe (nationalities),Nationality
272478,framsóknarkonur,Women,Gender
272480,people in Central and South America,Latino/Latin Americans (ethnicities),Ethnicity
272833,Sýrlendinga,Middle East (nationalities),Nationality
272856,Kínverskir ferðamenn,East Asia (nationalities),Nationality
272863,Kínverska millistétt,East Asia (nationalities),Nationality
272864,kínversk millistétt,East Asia (nationalities),Nationality
273366,islamic individuals,Islam,Religion
273445,Albanar,Eastern Europe (nationalities),Nationality
273479,religious politicians,Religious people (general terms),Religion
273497,nicotine addicts,Addiction disorders,Disability
273769,wealthy white people,White/European (ethnicities),Ethnicity
273770,black people from ghettos,Black/African (ethnicities),Ethnicity
273789,people associated with alcohol and drugs,Addiction disorders,Disability
273800,palestínska þjóðin,Middle East (nationalities),Nationality
273966,Polish authorities,Eastern Europe (nationalities),Nationality
273969,rightist women,Women,Gender
274082,people with Islamic names,Islam,Religion
274117,Israeli and Palestinian people,Middle East (nationalities),Nationality
274193,Lithárnir,Eastern Europe (nationalities),Nationality
274270,dökkir menn,Black/African (ethnicities); Men,Ethnicity; Gender
274277,people from South America,Latino/Latin Americans (ethnicities),Ethnicity
274388,people who express religious beliefs,Religious people (general terms),Religion
274659,newly rich Icelanders,Icelanders,Nationality
274731,individuals with strong religious beliefs,Religious people (general terms),Religion
274738,black candidates,Black/African (ethnicities),Ethnicity
274809,small Turkish people,Middle East (nationalities),Nationality
274919,black students,Black/African (ethnicities),Ethnicity
274920,white students,White/European (ethnicities),Ethnicity
274938,English parents,Western Europe (nationalities),Nationality
275073,individuals with addiction issues,Addiction disorders,Disability
275151,samkynhneigðu,Homosexuality,LGBTQIA+
275543,Middle-aged men,Men,Gender
275560,women in their 20s,Women,Gender
275643,foreigners in Iceland,"Foreigners, asylum seekers, refugees (general)",Nationality
276059,múslimsku landanna,Islam,Religion
276091,Tibet,South and Central Asia (nationalities),Nationality
276163,people suffering from alcoholism,Addiction disorders,Disability
276401,Swedish youth,Nordic countries (nationalities),Nationality
276447,Finnish and Swedish people,Nordic countries (nationalities),Nationality
276494,the regime of Bahrain,Middle East (nationalities),Nationality
276517,Icelanders employed in heavy industry,Icelanders,Nationality
276537,Northern Ireland,Western Europe (nationalities),Nationality
276602,influential Icelanders,Icelanders,Nationality
276730,people who speak Danish,Nordic countries (nationalities),Nationality
276731,Danish criminals,Nordic countries (nationalities),Nationality
276845,white Europeans,White/European (ethnicities),Ethnicity
277034,Hellenized Jews,Judaism,Religion
277081,Hellenistic Jews,Judaism,Religion
277124,múslimi,Islam,Religion
277265,hardline atheists,Atheism,Religion
277456,the sick and disabled,Physical disabilities and general disability terms,Disability
277493,Asian factory workers,Asians (ethnicities),Ethnicity
277506,hvíta mannsins,White/European (ethnicities),Ethnicity
277526,Israeli Workers,Middle East (nationalities),Nationality
277545,people in Israel,Middle East (nationalities),Nationality
277604,Frumbyggjar Ameríku,Indigenous peoples (ethnicities),Ethnicity
277635,people who support religions,Religious people (general terms),Religion
277944,particular religions,Religious people (general terms),Religion
278138,Bandaríkjamönnum,North America (nationalities),Nationality
278246,Swedish doctors,Nordic countries (nationalities),Nationality
278303,gender non-conformity,Transgender identities,LGBTQIA+
278404,russian speakers,Eastern Europe (nationalities),Nationality
278664,working women,Women,Gender
278679,white Christian Russians,Eastern Europe (nationalities); White/European (ethnicities),Ethnicity; Nationality
279054,Breiðavíkurstelpur,Women,Gender
279103,foreign Muslims,Islam,Religion
279544,the British and Dutch,Western Europe (nationalities),Nationality
279936,people in Denmark and Sweden,Nordic countries (nationalities),Nationality
280539,muslimaríkjum,Islam,Religion
280546,People with different sexual orientations,Queer (general/other),LGBTQIA+
280729,men in charge,Men,Gender
281190,Kenyan citizens,Africa (nationalities),Nationality
281213,Eastern European crime organizations,Eastern Europe (nationalities),Nationality
281546,israeli,Middle East (nationalities),Nationality
281767,landflótta fólk,"Foreigners, asylum seekers, refugees (general)",Nationality
282193,Svartfjallaland,Eastern Europe (nationalities),Nationality
282209,útrásarhúskarlar,Men,Gender
282933,nöldrara og tuðkerlinga,Women,Gender
283181,men over fifty,Men,Gender
283301,Lúxemborg,Western Europe (nationalities),Nationality
283442,Breskar menn,Men,Gender
283680,nations in Eastern Europe,Eastern Europe (nationalities),Nationality
283762,Icelander workers,Icelanders,Nationality
283790,Danish traders,Nordic countries (nationalities),Nationality
284029,workers in Spain,Southern Europe (nationalities),Nationality
284154,hörundsdökkum,Black/African (ethnicities),Ethnicity
284164,young Icelandic men,Men,Gender
284165,young Icelandic women,Women,Gender
284295,New Icelanders,Icelanders,Nationality
284517,citizens of El Salvador,North America (nationalities),Nationality
284522,Ethiopia,Africa (nationalities),Nationality
284974,Israeli children,Middle East (nationalities),Nationality
284997,Iraqi and Iranian people,Middle East (nationalities),Nationality
284998,Shiite Muslims,Islam,Religion
285441,Black children,Black/African (ethnicities),Ethnicity
285455,samkynhneigð pör,Homosexuality,LGBTQIA+
285500,newly wealthy Icelanders,Icelanders,Nationality
285987,people who have died by suicide,Mental illnesses/disorders,Disability
285993,people suffering from self-harm or suicide,Mental illnesses/disorders,Disability
286098,Tælendingar,East Asia (nationalities),Nationality
286308,barstelpurnar (women in Thailand),East Asia (nationalities); Women,Gender; Nationality
286328,certain nationalities (Muslims),Islam,Religion
286402,Danish specialists,Nordic countries (nationalities),Nationality
286481,men in nursing,Men,Gender
286483,men in professional roles,Men,Gender
286514,karlkyns samkynhneigðir,Homosexuality,LGBTQIA+
286698,people who follow religion,Religious people (general terms),Religion
286952,self-identified independent women,Women,Gender
287358,people with Irish heritage,Western Europe (nationalities),Nationality
288053,múslimarnir,Islam,Religion
288303,Danish pensioners,Nordic countries (nationalities),Nationality
288404,disability recipients,Physical disabilities and general disability terms,Disability
288558,people from the Middle East and Africa,Middle Eastern/Arab (ethnicities),Ethnicity
288796,people from Canada,North America (nationalities),Nationality
288931,Serbs and Croats,Eastern Europe (nationalities),Nationality
289034,Spanish job applicants,Southern Europe (nationalities),Nationality
289158,people of Danish descent,Nordic countries (nationalities),Nationality
289173,Spanish population,Southern Europe (nationalities),Nationality
289723,marginalized sexual minorities,Queer (general/other),LGBTQIA+
289727,white right-wing individuals,White/European (ethnicities),Ethnicity
289746,church/religious leaders,Religious people (general terms),Religion
289866,hassi,Addiction disorders,Disability
289909,people who support state-funded religious institutions,Religious people (general terms),Religion
289978,orthodox Jews,Judaism,Religion
290085,white community,White/European (ethnicities),Ethnicity
290096,hvíta menn,Men; White/European (ethnicities),Ethnicity; Gender
290116,large black women,Black/African (ethnicities); Women,Ethnicity; Gender
290338,same-sex attracted,Homosexuality,LGBTQIA+
290413,Öfgahægrikarlar,Men,Gender
290418,Kines (Chinese),East Asia (nationalities),Nationality
290448,mörlensku öfgahægrikarlarnir,Men,Gender
290506,Central Asian countries,Asians (ethnicities),Ethnicity
291032,women in Islamic countries,Islam; Middle Eastern/Arab (ethnicities); Women,Ethnicity; Gender; Religion
291140,íbúar Venesúela,South America (nationalities),Nationality
291414,LGBTQ+ activists,Queer (general/other),LGBTQIA+
291605,Chinese engineers,East Asia (nationalities),Nationality
291769,people in South Africa,Africa (nationalities),Nationality
291781,íbúar Singapora,East Asia (nationalities),Nationality
291888,Filipino nursing staff,East Asia (nationalities),Nationality
291889,Indian healthcare staff,South and Central Asia (nationalities),Nationality
292188,individuals with chronic illnesses,Physical disabilities and general disability terms,Disability
292291,people in Nordic countries,Nordic countries (nationalities),Nationality
292420,people from USA,North America (nationalities),Nationality
292566,Danish students,Nordic countries (nationalities),Nationality
292844,Hvítir,White/European (ethnicities),Ethnicity
292955,Portugalska,Southern Europe (nationalities),Nationality
293019,tall men,Men,Gender
293299,heyrna- og sjónskertir,Physical disabilities and general disability terms,Disability
293684,people in Liberia,Africa (nationalities),Nationality
293799,young white men,Men; White/European (ethnicities),Ethnicity; Gender
293835,Colombian farmers,South America (nationalities),Nationality
294077,people in Kína,East Asia (nationalities),Nationality
294133,aumingja menn,Men,Gender
294401,religious leaders/rainbow priests,Religious people (general terms),Religion
294455,Ástralíufrumbyggja,Indigenous peoples (ethnicities),Ethnicity
294456,hvít kynstofn,White/European (ethnicities),Ethnicity
294459,women athletes,Women,Gender
294509,Palestínuarabinn,Middle East (nationalities); Middle Eastern/Arab (ethnicities),Ethnicity; Nationality
294688,people supporting LGBTQ+ rights,Queer (general/other),LGBTQIA+
294725,non-binary people,Transgender identities,LGBTQIA+
294743,LGBTQ+ organizations,Queer (general/other),LGBTQIA+
294746,hinsegin fólki,Queer (general/other),LGBTQIA+
294786,gaypride supporters,Homosexuality,LGBTQIA+
294788,people who are transgender or non-binary,Transgender identities,LGBTQIA+
294792,hinsegin samfélagið,Queer (general/other),LGBTQIA+
294795,old religions,Non-Abrahamic religions,Religion
294821,people of Kosovo,Eastern Europe (nationalities),Nationality
294884,individuals questioning gender identity,Transgender identities,LGBTQIA+
295171,Brettar and Hollendingar,Western Europe (nationalities),Nationality
295281,nationality of Islamic countries,Islam,Religion
295413,Arabs and Muslims,Islam; Middle Eastern/Arab (ethnicities),Ethnicity; Religion
295441,people from foreign descent,"Foreigners, asylum seekers, refugees (general)",Nationality
295589,Islamic organizations,Islam,Religion
295630,þýskaar,Western Europe (nationalities),Nationality
295637,European Jews,Judaism,Religion
295704,Islamic men,Islam; Men,Gender; Religion
295747,heathen Icelanders,Non-Abrahamic religions,Religion
296170,fermigarstelpurnar,Women,Gender
296724,muslim people,Islam,Religion
296737,Moldovan workers,Eastern Europe (nationalities),Nationality
296922,French tourists,Western Europe (nationalities),Nationality
296945,white extremists,White/European (ethnicities),Ethnicity
296978,people with chronic fatigue syndrome,Physical disabilities and general disability terms,Disability
297080,somali refugees,Africa (nationalities),Nationality
297146,Romanian criminals,Eastern Europe (nationalities),Nationality
297272,hvítingjarnir,White/European (ethnicities),Ethnicity
297409,Muslim Arabs,Islam; Middle Eastern/Arab (ethnicities),Ethnicity; Religion
297444,milliardar íslendingar,Icelanders,Nationality
297498,Iranians/Persians,Middle East (nationalities),Nationality
297666,píratastúlkur,Women,Gender
297989,Bretum (Britain),Western Europe (nationalities),Nationality
297990,Rússum (Russians),Eastern Europe (nationalities),Nationality
298242,indigenous criminals,Indigenous peoples (ethnicities),Ethnicity
298243,Mongólakyn,East Asia (nationalities),Nationality
298350,mongólsku kyni,East Asia (nationalities),Nationality
298516,Ethiopian men,Africa (nationalities); Men,Gender; Nationality
298699,Nicaraguan freedom fighters,North America (nationalities),Nationality
298872,dóphákum,Addiction disorders,Disability
299031,lesblindir,Intellectual/Developmental disabilities,Disability
299034,women buying utilitarian cars,Women,Gender
299044,those struggling with addiction,Addiction disorders,Disability
299065,lesbía,Homosexuality,LGBTQIA+
299297,women (as a group),Women,Gender
299347,women in aviation,Women,Gender
299432,"foreign nations (e.g., Great Britain)",Western Europe (nationalities),Nationality
299512,fullorðnir karlar,Men,Gender
299587,spikfeitu hvítingjar,White/European (ethnicities),Ethnicity
299756,men in authority,Men,Gender
300129,French children,Western Europe (nationalities),Nationality
300225,followers of Zoroastrianism,Non-Abrahamic religions,Religion
300274,samkynhneygðir,Homosexuality,LGBTQIA+
300361,people from Yemen,Middle East (nationalities),Nationality
300364,Bulgarian and Romanian nationals,Eastern Europe (nationalities),Nationality
300373,svörtum,Black/African (ethnicities),Ethnicity
300403,individuals practicing literal interpretations of religion,Religious people (general terms),Religion
300405,believers in literal interpretation of religious texts,Religious people (general terms),Religion
300446,stelpur,Women,Gender
300479,children with Down Syndrome,Intellectual/Developmental disabilities,Disability
300704,póstburðarkonur,Women,Gender
300725,interpreters of religious texts,Religious people (general terms),Religion
300728,those who misinterpret Islam,Islam,Religion
300754,religious women,Women,Gender
300803,Pakistani Muslims,Islam,Religion
300804,Iranian Muslims,Islam,Religion
300805,Kosovar Albanians,Eastern Europe (nationalities),Nationality
300953,proponents of Islam,Islam,Religion
301010,foreign invaders,"Foreigners, asylum seekers, refugees (general)",Nationality
301293,British culture,Western Europe (nationalities),Nationality
301396,Buddisman,Non-Abrahamic religions,Religion
301401,israelíta,Middle East (nationalities),Nationality
301501,women who have given birth,Women,Gender
301536,Saudi arabians,Middle East (nationalities),Nationality
301657,danska konur,Women,Gender
301939,women from certain countries,Women,Gender
301980,foreigneers,"Foreigners, asylum seekers, refugees (general)",Nationality
302041,children of educated Poles,Eastern Europe (nationalities),Nationality
302256,innocent women,Women,Gender
302319,Northeastern Icelanders,Nordic countries (nationalities),Nationality
302320,Irish and Scots,Western Europe (nationalities),Nationality
302469,individuals with alcohol dependence,Addiction disorders,Disability
302474,vangefnum,Intellectual/Developmental disabilities,Disability
302565,women with academic qualifications,Women,Gender
302734,Finnish agricultural producers,Nordic countries (nationalities),Nationality
302735,Swedish agricultural producers,Nordic countries (nationalities),Nationality
303146,ólaglegur útlendingar (illegal immigrants),"Foreigners, asylum seekers, refugees (general)",Nationality
303223,leftist men,Men,Gender
303362,people in Nigeria,Africa (nationalities),Nationality
303580,People in China,East Asia (nationalities),Nationality
303651,Bretar/British,Western Europe (nationalities),Nationality
303858,young self-determined men,Men,Gender
303902,Italian mob,Southern Europe (nationalities),Nationality
304092,Svart fólk,Black/African (ethnicities),Ethnicity
