figure,group,month,mention_share,hate_share,toxicity_share
3,"Foreigners, asylum seekers, refugees (general)",2008-01-01,0.0009391274652095962,0.00042687612054981646,0.0008537522410996329
3,"Foreigners, asylum seekers, refugees (general)",2008-02-01,0.0033848290227391077,0.002256552681826072,0.003124457559451484
3,"Foreigners, asylum seekers, refugees (general)",2008-03-01,0.002743598270701696,0.0013302294645826404,0.002244762221483206
3,"Foreigners, asylum seekers, refugees (general)",2008-04-01,0.0004622496147919877,0.00023112480739599384,0.0003852080123266564
3,"Foreigners, asylum seekers, refugees (general)",2008-05-01,0.008383331963507849,0.0032875811621599408,0.00723267855675187
3,"Foreigners, asylum seekers, refugees (general)",2008-06-01,0.0018554596901382318,0.0005566379070414695,0.0012060487985898506
3,"Foreigners, asylum seekers, refugees (general)",2008-07-01,0.002032895952688967,0.0007392348918868971,0.0019404915912031048
3,"Foreigners, asylum seekers, refugees (general)",2008-08-01,0.0004920452681646711,8.200754469411185e-05,0.0004100377234705593
3,"Foreigners, asylum seekers, refugees (general)",2008-09-01,0.005419821059876118,0.0014624913971094287,0.004989676531314522
3,"Foreigners, asylum seekers, refugees (general)",2008-10-01,0.00075041272699985,0.00030016509079993996,0.00045024763619990995
3,"Foreigners, asylum seekers, refugees (general)",2008-11-01,0.0004780114722753346,0.0,0.0003983428935627788
3,"Foreigners, asylum seekers, refugees (general)",2008-12-01,0.000521331132157442,8.688852202624034e-05,0.00034755408810496134
3,"Foreigners, asylum seekers, refugees (general)",2009-01-01,0.0009763718023823472,0.0003905487209529389,0.0005858230814294083
3,"Foreigners, asylum seekers, refugees (general)",2009-02-01,0.0007550018875047187,0.00018875047187617969,0.0005662514156285391
3,"Foreigners, asylum seekers, refugees (general)",2009-03-01,0.0021569603451136554,0.001327360212377634,0.0019080803052928489
3,"Foreigners, asylum seekers, refugees (general)",2009-04-01,0.0010381728158441145,0.0004791566842357451,0.0009583133684714902
3,"Foreigners, asylum seekers, refugees (general)",2009-05-01,0.0013091641490433031,0.0002014098690835851,0.001107754279959718
3,"Foreigners, asylum seekers, refugees (general)",2009-06-01,0.0003399048266485384,0.00011330160888284614,0.00022660321776569228
3,"Foreigners, asylum seekers, refugees (general)",2009-07-01,0.0004526935264825713,0.0,0.00022634676324128565
3,"Foreigners, asylum seekers, refugees (general)",2009-08-01,0.0011302918207973696,0.0004110152075626798,0.0010275380189066995
3,"Foreigners, asylum seekers, refugees (general)",2009-09-01,0.0013712718546451835,0.0002571134727459719,0.0010284538909838875
3,"Foreigners, asylum seekers, refugees (general)",2009-10-01,0.0015473887814313346,0.0002901353965183752,0.0013539651837524177
3,"Foreigners, asylum seekers, refugees (general)",2009-11-01,0.0009246417013407304,0.00034674063800277393,0.0005779010633379565
3,"Foreigners, asylum seekers, refugees (general)",2009-12-01,0.0005433306166802499,0.0,0.00013583265417006248
3,"Foreigners, asylum seekers, refugees (general)",2010-01-01,0.0013183125599232981,0.00023969319271332693,0.0009587727708533077
3,"Foreigners, asylum seekers, refugees (general)",2010-02-01,0.000314070351758794,0.0,0.000157035175879397
3,"Foreigners, asylum seekers, refugees (general)",2010-03-01,0.0011737089201877935,0.00044014084507042255,0.0010269953051643193
3,"Foreigners, asylum seekers, refugees (general)",2010-04-01,0.001,0.00028571428571428574,0.0007142857142857143
3,"Foreigners, asylum seekers, refugees (general)",2010-05-01,0.000911715544750038,0.000303905181583346,0.000911715544750038
3,"Foreigners, asylum seekers, refugees (general)",2010-06-01,0.0007406310176270182,0.0,0.0005925048141016146
3,"Foreigners, asylum seekers, refugees (general)",2010-07-01,0.00041191816559110257,0.0002746121103940684,0.0002746121103940684
3,"Foreigners, asylum seekers, refugees (general)",2010-08-01,0.0008144269924374636,0.0,0.0004653868528214078
3,"Foreigners, asylum seekers, refugees (general)",2010-09-01,0.002188465499485067,0.0010298661174047373,0.0018022657054582905
3,"Foreigners, asylum seekers, refugees (general)",2010-10-01,0.0019729054320662895,0.0011837432592397739,0.0019729054320662895
3,"Foreigners, asylum seekers, refugees (general)",2010-11-01,0.0016037503084135208,0.000616827041697508,0.001233654083395016
3,"Foreigners, asylum seekers, refugees (general)",2010-12-01,0.001829673985362608,0.00016633399866932801,0.0014970059880239522
3,"Foreigners, asylum seekers, refugees (general)",2011-01-01,0.000662361318099023,0.0003311806590495115,0.000662361318099023
3,"Foreigners, asylum seekers, refugees (general)",2011-02-01,0.0010334137099552187,0.0003444712366517396,0.000861178091629349
3,"Foreigners, asylum seekers, refugees (general)",2011-03-01,0.0008195377806916899,0.0,0.000491722668415014
3,"Foreigners, asylum seekers, refugees (general)",2011-04-01,0.0004512635379061372,0.0,0.00030084235860409147
3,"Foreigners, asylum seekers, refugees (general)",2011-05-01,0.006648005598320504,0.004198740377886634,0.006298110566829951
3,"Foreigners, asylum seekers, refugees (general)",2011-06-01,0.001323918799646955,0.0002206531332744925,0.0011032656663724624
3,"Foreigners, asylum seekers, refugees (general)",2011-07-01,0.0032306698255438293,0.0015076459185871204,0.0030152918371742408
3,"Foreigners, asylum seekers, refugees (general)",2011-08-01,0.0027477245406148034,0.0012021294865189765,0.002404258973037953
3,"Foreigners, asylum seekers, refugees (general)",2011-09-01,0.0014414414414414415,0.00036036036036036037,0.0012612612612612612
3,"Foreigners, asylum seekers, refugees (general)",2011-10-01,0.0004740085321535788,0.0,0.00031600568810238584
3,"Foreigners, asylum seekers, refugees (general)",2011-11-01,0.003718048024786987,0.0010844306738962044,0.0032532920216886137
3,"Foreigners, asylum seekers, refugees (general)",2011-12-01,0.0003879728419010669,0.00019398642095053346,0.0003879728419010669
3,"Foreigners, asylum seekers, refugees (general)",2012-01-01,0.0007763975155279503,0.00019409937888198756,0.0005822981366459627
3,"Foreigners, asylum seekers, refugees (general)",2012-02-01,0.0008405127127547804,0.0,0.0006303845345660853
3,"Foreigners, asylum seekers, refugees (general)",2012-03-01,0.0009600614439324117,0.0,0.000576036866359447
3,"Foreigners, asylum seekers, refugees (general)",2012-04-01,0.0012889366272824919,0.00021482277121374866,0.0010741138560687433
3,"Foreigners, asylum seekers, refugees (general)",2012-05-01,0.009468474284484614,0.0032278889606197547,0.008177318700236712
3,"Foreigners, asylum seekers, refugees (general)",2012-06-01,0.0006883891693437356,0.0002294630564479119,0.0004589261128958238
3,"Foreigners, asylum seekers, refugees (general)",2012-07-01,0.005761696243374049,0.0036874855957593914,0.004839824844434202
3,"Foreigners, asylum seekers, refugees (general)",2012-08-01,0.0011043622308117063,0.0002760905577029266,0.0005521811154058532
3,"Foreigners, asylum seekers, refugees (general)",2012-09-01,0.002529898804047838,0.0011499540018399263,0.002529898804047838
3,"Foreigners, asylum seekers, refugees (general)",2012-10-01,0.002583979328165375,0.0014094432699083862,0.0018792576932111817
3,"Foreigners, asylum seekers, refugees (general)",2012-11-01,0.0015,0.0005,0.00125
3,"Foreigners, asylum seekers, refugees (general)",2012-12-01,0.0005640157924421884,0.0,0.0002820078962210942
3,"Foreigners, asylum seekers, refugees (general)",2013-01-01,0.0011394712853236098,0.00045578851412944393,0.0006836827711941659
3,"Foreigners, asylum seekers, refugees (general)",2013-02-01,0.0005417118093174431,0.0005417118093174431,0.0005417118093174431
3,"Foreigners, asylum seekers, refugees (general)",2013-03-01,0.002461706783369803,0.0016411378555798686,0.002461706783369803
3,"Foreigners, asylum seekers, refugees (general)",2013-04-01,0.00026925148088314486,0.0,0.00026925148088314486
3,"Foreigners, asylum seekers, refugees (general)",2013-05-01,0.0037606837606837607,0.002393162393162393,0.0037606837606837607
3,"Foreigners, asylum seekers, refugees (general)",2013-06-01,0.00038491147036181676,0.0,0.00038491147036181676
3,"Foreigners, asylum seekers, refugees (general)",2013-07-01,0.0006927606511950121,0.00034638032559750607,0.0006927606511950121
3,"Foreigners, asylum seekers, refugees (general)",2013-08-01,0.0017152658662092624,0.00034305317324185246,0.0010291595197255575
3,"Foreigners, asylum seekers, refugees (general)",2013-09-01,0.0053533190578158455,0.0024982155603140615,0.004282655246252677
3,"Foreigners, asylum seekers, refugees (general)",2013-10-01,0.001004352192835621,0.00033478406427854036,0.0006695681285570807
3,"Foreigners, asylum seekers, refugees (general)",2013-11-01,0.002641135688345989,0.0009904258831297458,0.00231099372730274
3,"Foreigners, asylum seekers, refugees (general)",2013-12-01,0.0007627765064836003,0.00038138825324180017,0.0007627765064836003
3,"Foreigners, asylum seekers, refugees (general)",2014-01-01,0.001986754966887417,0.00033112582781456954,0.0016556291390728477
3,"Foreigners, asylum seekers, refugees (general)",2014-02-01,0.0010968921389396709,0.0,0.0010968921389396709
3,"Foreigners, asylum seekers, refugees (general)",2014-03-01,0.0003050640634533252,0.0003050640634533252,0.0003050640634533252
3,"Foreigners, asylum seekers, refugees (general)",2014-04-01,0.001466275659824047,0.0007331378299120235,0.001466275659824047
3,"Foreigners, asylum seekers, refugees (general)",2014-05-01,0.007194244604316547,0.0041650889814464215,0.006436955698599016
3,"Foreigners, asylum seekers, refugees (general)",2014-06-01,0.013972055888223553,0.009580838323353293,0.013173652694610778
3,"Foreigners, asylum seekers, refugees (general)",2014-07-01,0.0016909029421711193,0.0010145417653026716,0.0016909029421711193
3,"Foreigners, asylum seekers, refugees (general)",2014-08-01,0.0047602856171370285,0.002040122407344441,0.003060183611016661
3,"Foreigners, asylum seekers, refugees (general)",2014-09-01,0.005784526391901663,0.0018076644974692696,0.004699927693420101
3,"Foreigners, asylum seekers, refugees (general)",2014-10-01,0.0013761467889908258,0.00045871559633027525,0.00045871559633027525
3,"Foreigners, asylum seekers, refugees (general)",2014-11-01,0.003231597845601436,0.0017953321364452424,0.002872531418312388
3,"Foreigners, asylum seekers, refugees (general)",2014-12-01,0.003227107704719645,0.002016942315449778,0.0024203307785397336
3,"Foreigners, asylum seekers, refugees (general)",2015-01-01,0.0031337047353760445,0.0006963788300835655,0.001392757660167131
3,"Foreigners, asylum seekers, refugees (general)",2015-02-01,0.007803355442840421,0.0031213421771361686,0.006242684354272337
3,"Foreigners, asylum seekers, refugees (general)",2015-03-01,0.0015119443604475356,0.0009071666162685213,0.0015119443604475356
3,"Foreigners, asylum seekers, refugees (general)",2015-04-01,0.0027210884353741495,0.0022675736961451248,0.0027210884353741495
3,"Foreigners, asylum seekers, refugees (general)",2015-05-01,0.0009153318077803204,0.0,0.0009153318077803204
3,"Foreigners, asylum seekers, refugees (general)",2015-06-01,0.0004786979415988511,0.0,0.0004786979415988511
3,"Foreigners, asylum seekers, refugees (general)",2015-07-01,0.006611570247933884,0.005509641873278237,0.006611570247933884
3,"Foreigners, asylum seekers, refugees (general)",2015-08-01,0.005649717514124294,0.002054442732408834,0.005649717514124294
3,"Foreigners, asylum seekers, refugees (general)",2015-09-01,0.011881947106170947,0.006899195093905711,0.011881947106170947
3,"Foreigners, asylum seekers, refugees (general)",2015-10-01,0.007744874715261959,0.004100227790432802,0.00683371298405467
3,"Foreigners, asylum seekers, refugees (general)",2015-11-01,0.004414125200642055,0.0016051364365971107,0.0032102728731942215
3,"Foreigners, asylum seekers, refugees (general)",2015-12-01,0.008896797153024912,0.002224199288256228,0.007562277580071174
3,"Foreigners, asylum seekers, refugees (general)",2016-01-01,0.012195121951219513,0.00672834314550042,0.010513036164844407
3,"Foreigners, asylum seekers, refugees (general)",2016-02-01,0.004585052728106373,0.002751031636863824,0.0032095369096744614
3,"Foreigners, asylum seekers, refugees (general)",2016-03-01,0.008547008547008548,0.0038461538461538464,0.007692307692307693
3,"Foreigners, asylum seekers, refugees (general)",2016-04-01,0.002150537634408602,0.001228878648233487,0.0015360983102918587
3,"Foreigners, asylum seekers, refugees (general)",2016-05-01,0.004578405188859214,0.0015261350629530714,0.004196871423120946
3,"Foreigners, asylum seekers, refugees (general)",2016-06-01,0.003264417845484222,0.002176278563656148,0.003264417845484222
3,"Foreigners, asylum seekers, refugees (general)",2016-07-01,0.016483516483516484,0.008547008547008548,0.01282051282051282
3,"Foreigners, asylum seekers, refugees (general)",2016-08-01,0.007733204446592557,0.005316578057032383,0.006766553890768487
3,"Foreigners, asylum seekers, refugees (general)",2016-09-01,0.014465702286514233,0.0055996266915538965,0.011665888940737284
3,"Foreigners, asylum seekers, refugees (general)",2016-10-01,0.00478885502829778,0.0017414018284719198,0.0043535045711798
3,"Foreigners, asylum seekers, refugees (general)",2016-11-01,0.006687472135532769,0.004458314757021846,0.0057958091841284
3,"Foreigners, asylum seekers, refugees (general)",2016-12-01,0.004422604422604423,0.0019656019656019656,0.003931203931203931
3,"Foreigners, asylum seekers, refugees (general)",2017-01-01,0.0056179775280898875,0.0025929127052722557,0.004753673292999135
3,"Foreigners, asylum seekers, refugees (general)",2017-02-01,0.008849557522123894,0.00471976401179941,0.008259587020648967
3,"Foreigners, asylum seekers, refugees (general)",2017-03-01,0.004366812227074236,0.0037429819089207735,0.004366812227074236
3,"Foreigners, asylum seekers, refugees (general)",2017-04-01,0.008533747090768037,0.003878975950349108,0.005430566330488751
3,"Foreigners, asylum seekers, refugees (general)",2017-05-01,0.0017133066818960593,0.001142204454597373,0.001142204454597373
3,"Foreigners, asylum seekers, refugees (general)",2017-06-01,0.010889292196007259,0.006654567453115548,0.010889292196007259
3,"Foreigners, asylum seekers, refugees (general)",2017-07-01,0.004335260115606936,0.002167630057803468,0.004335260115606936
3,"Foreigners, asylum seekers, refugees (general)",2017-08-01,0.013734812466983624,0.009508716323296355,0.012150026413100899
3,"Foreigners, asylum seekers, refugees (general)",2017-09-01,0.014430785676109033,0.005879208979155532,0.013361838588989846
3,"Foreigners, asylum seekers, refugees (general)",2017-10-01,0.007394519356241845,0.0017398869073510222,0.005654632448890822
3,"Foreigners, asylum seekers, refugees (general)",2017-11-01,0.0066344993968636915,0.005428226779252111,0.006031363088057901
3,"Foreigners, asylum seekers, refugees (general)",2017-12-01,0.0036231884057971015,0.002173913043478261,0.0036231884057971015
3,"Foreigners, asylum seekers, refugees (general)",2018-01-01,0.002307692307692308,0.0015384615384615385,0.002307692307692308
3,"Foreigners, asylum seekers, refugees (general)",2018-02-01,0.004135079255685734,0.0027567195037904893,0.0034458993797381117
3,"Foreigners, asylum seekers, refugees (general)",2018-03-01,0.0024737167594310453,0.0012368583797155227,0.0024737167594310453
3,"Foreigners, asylum seekers, refugees (general)",2018-04-01,0.0018552875695732839,0.0009276437847866419,0.0018552875695732839
3,"Foreigners, asylum seekers, refugees (general)",2018-05-01,0.0040032025620496394,0.0016012810248198558,0.0040032025620496394
3,"Foreigners, asylum seekers, refugees (general)",2018-06-01,0.014925373134328358,0.009328358208955223,0.013992537313432836
3,"Foreigners, asylum seekers, refugees (general)",2018-07-01,0.010542168674698794,0.0037650602409638554,0.009036144578313253
3,"Foreigners, asylum seekers, refugees (general)",2018-08-01,0.008390541571319604,0.006864988558352402,0.007627765064836003
3,"Foreigners, asylum seekers, refugees (general)",2018-09-01,0.0031605562579013905,0.0,0.0018963337547408343
3,"Foreigners, asylum seekers, refugees (general)",2018-10-01,0.002250562640660165,0.0007501875468867217,0.0015003750937734434
3,"Foreigners, asylum seekers, refugees (general)",2018-11-01,0.005822416302765648,0.001455604075691412,0.004366812227074236
3,"Foreigners, asylum seekers, refugees (general)",2018-12-01,0.008114856429463172,0.0018726591760299626,0.00686641697877653
3,"Foreigners, asylum seekers, refugees (general)",2019-01-01,0.003414911781445646,0.0022766078542970974,0.003414911781445646
3,"Foreigners, asylum seekers, refugees (general)",2019-02-01,0.004888268156424581,0.0013966480446927375,0.004888268156424581
3,"Foreigners, asylum seekers, refugees (general)",2019-03-01,0.012970969734403953,0.008647313156269302,0.012353304508956145
3,"Foreigners, asylum seekers, refugees (general)",2019-04-01,0.0022123893805309734,0.0005530973451327434,0.0022123893805309734
3,"Foreigners, asylum seekers, refugees (general)",2019-05-01,0.0028708133971291866,0.0,0.0028708133971291866
3,"Foreigners, asylum seekers, refugees (general)",2019-06-01,0.004370629370629371,0.0026223776223776225,0.004370629370629371
3,"Foreigners, asylum seekers, refugees (general)",2019-07-01,0.007332722273143905,0.002749770852428964,0.005499541704857928
3,"Foreigners, asylum seekers, refugees (general)",2019-08-01,0.0024154589371980675,0.0,0.001610305958132045
3,"Foreigners, asylum seekers, refugees (general)",2019-09-01,0.0017241379310344827,0.0,0.0017241379310344827
3,"Foreigners, asylum seekers, refugees (general)",2019-10-01,0.004830917874396135,0.002898550724637681,0.003864734299516908
3,"Foreigners, asylum seekers, refugees (general)",2019-11-01,0.007846556233653008,0.0026155187445510027,0.006974716652136007
3,"Foreigners, asylum seekers, refugees (general)",2019-12-01,0.0043782837127845885,0.0008756567425569177,0.0035026269702276708
3,"Foreigners, asylum seekers, refugees (general)",2020-01-01,0.004374453193350831,0.0026246719160104987,0.003499562554680665
3,"Foreigners, asylum seekers, refugees (general)",2020-02-01,0.004149377593360996,0.001037344398340249,0.0031120331950207467
3,"Foreigners, asylum seekers, refugees (general)",2020-03-01,0.0043559427504667085,0.0,0.0043559427504667085
3,"Foreigners, asylum seekers, refugees (general)",2020-04-01,0.004827031375703942,0.0008045052292839903,0.003218020917135961
3,"Foreigners, asylum seekers, refugees (general)",2020-05-01,0.004780114722753346,0.0019120458891013384,0.004780114722753346
3,"Foreigners, asylum seekers, refugees (general)",2020-06-01,0.006688963210702341,0.005016722408026756,0.005852842809364548
3,"Foreigners, asylum seekers, refugees (general)",2020-07-01,0.006944444444444444,0.0030864197530864196,0.005401234567901234
3,"Foreigners, asylum seekers, refugees (general)",2020-08-01,0.006618531889290012,0.0018050541516245488,0.006618531889290012
3,"Foreigners, asylum seekers, refugees (general)",2020-09-01,0.016270337922403004,0.004380475594493116,0.01376720901126408
3,"Foreigners, asylum seekers, refugees (general)",2020-10-01,0.00641025641025641,0.004273504273504274,0.005876068376068376
3,"Foreigners, asylum seekers, refugees (general)",2020-11-01,0.009966777408637873,0.007308970099667774,0.009966777408637873
3,"Foreigners, asylum seekers, refugees (general)",2020-12-01,0.003424657534246575,0.0006849315068493151,0.002054794520547945
3,"Foreigners, asylum seekers, refugees (general)",2021-01-01,0.0015723270440251573,0.0,0.0015723270440251573
3,"Foreigners, asylum seekers, refugees (general)",2021-02-01,0.006194690265486726,0.0017699115044247787,0.006194690265486726
3,"Foreigners, asylum seekers, refugees (general)",2021-03-01,0.008130081300813009,0.0016260162601626016,0.004878048780487805
3,"Foreigners, asylum seekers, refugees (general)",2021-04-01,0.000689655172413793,0.000689655172413793,0.000689655172413793
3,"Foreigners, asylum seekers, refugees (general)",2021-05-01,0.0024019215372297837,0.0024019215372297837,0.0024019215372297837
3,"Foreigners, asylum seekers, refugees (general)",2021-06-01,0.004694835680751174,0.0009389671361502347,0.0028169014084507044
3,"Foreigners, asylum seekers, refugees (general)",2021-07-01,0.002523128679562658,0.001682085786375105,0.002523128679562658
3,"Foreigners, asylum seekers, refugees (general)",2021-08-01,0.0043859649122807015,0.0017543859649122807,0.0043859649122807015
3,"Foreigners, asylum seekers, refugees (general)",2021-09-01,0.0035285815102328866,0.0007057163020465773,0.0028228652081863093
3,"Foreigners, asylum seekers, refugees (general)",2021-10-01,0.0020491803278688526,0.001366120218579235,0.0020491803278688526
3,"Foreigners, asylum seekers, refugees (general)",2021-11-01,0.0023847376788553257,0.000794912559618442,0.0023847376788553257
3,"Foreigners, asylum seekers, refugees (general)",2021-12-01,0.0,0.0,0.0
3,"Foreigners, asylum seekers, refugees (general)",2022-01-01,0.0023492560689115116,0.0007830853563038371,0.0023492560689115116
3,"Foreigners, asylum seekers, refugees (general)",2022-02-01,0.009422850412249705,0.004711425206124852,0.009422850412249705
3,"Foreigners, asylum seekers, refugees (general)",2022-03-01,0.0009746588693957114,0.0009746588693957114,0.0009746588693957114
3,"Foreigners, asylum seekers, refugees (general)",2022-04-01,0.0,0.0,0.0
3,"Foreigners, asylum seekers, refugees (general)",2022-05-01,0.001321003963011889,0.0,0.001321003963011889
3,"Foreigners, asylum seekers, refugees (general)",2022-06-01,0.005681818181818182,0.0014204545454545455,0.005681818181818182
3,"Foreigners, asylum seekers, refugees (general)",2022-07-01,0.0015105740181268882,0.0,0.0
3,"Foreigners, asylum seekers, refugees (general)",2022-08-01,0.0013422818791946308,0.0,0.0013422818791946308
3,"Foreigners, asylum seekers, refugees (general)",2022-09-01,0.003816793893129771,0.001272264631043257,0.002544529262086514
3,"Foreigners, asylum seekers, refugees (general)",2022-10-01,0.011004126547455296,0.001375515818431912,0.0068775790921595595
3,"Foreigners, asylum seekers, refugees (general)",2022-11-01,0.0037267080745341614,0.0,0.0037267080745341614
3,"Foreigners, asylum seekers, refugees (general)",2022-12-01,0.0027434842249657062,0.0013717421124828531,0.0027434842249657062
3,"Foreigners, asylum seekers, refugees (general)",2023-01-01,0.004166666666666667,0.0,0.0020833333333333333
3,"Foreigners, asylum seekers, refugees (general)",2023-02-01,0.0020100502512562816,0.0,0.0020100502512562816
3,"Foreigners, asylum seekers, refugees (general)",2023-03-01,0.006729475100942127,0.0026917900403768506,0.006729475100942127
3,"Foreigners, asylum seekers, refugees (general)",2023-04-01,0.007481296758104738,0.0024937655860349127,0.004987531172069825
3,"Foreigners, asylum seekers, refugees (general)",2023-05-01,0.0034602076124567475,0.0011534025374855825,0.0011534025374855825
3,"Foreigners, asylum seekers, refugees (general)",2023-06-01,0.007462686567164179,0.0012437810945273632,0.007462686567164179
3,"Foreigners, asylum seekers, refugees (general)",2023-07-01,0.015068493150684932,0.00821917808219178,0.0136986301369863
3,"Foreigners, asylum seekers, refugees (general)",2023-08-01,0.007462686567164179,0.0,0.0029850746268656717
3,"Foreigners, asylum seekers, refugees (general)",2023-09-01,0.005698005698005698,0.0014245014245014246,0.005698005698005698
3,"Foreigners, asylum seekers, refugees (general)",2023-10-01,0.0035169988276670576,0.0011723329425556857,0.0035169988276670576
3,"Foreigners, asylum seekers, refugees (general)",2023-11-01,0.01032258064516129,0.003870967741935484,0.00903225806451613
3,"Foreigners, asylum seekers, refugees (general)",2023-12-01,0.007653061224489796,0.00510204081632653,0.007653061224489796
3,"Foreigners, asylum seekers, refugees (general)",2024-01-01,0.008298755186721992,0.005532503457814661,0.008298755186721992
3,"Foreigners, asylum seekers, refugees (general)",2024-02-01,0.014204545454545454,0.004261363636363636,0.008522727272727272
3,"Foreigners, asylum seekers, refugees (general)",2024-03-01,0.015256588072122053,0.005547850208044383,0.015256588072122053
3,"Foreigners, asylum seekers, refugees (general)",2024-04-01,0.005249343832020997,0.0026246719160104987,0.003937007874015748
3,"Foreigners, asylum seekers, refugees (general)",2024-05-01,0.0,0.0,0.0
3,"Foreigners, asylum seekers, refugees (general)",2024-06-01,0.01694915254237288,0.01694915254237288,0.01694915254237288
3,Middle East (nationalities),2008-01-01,0.0015367540339793393,0.000597626568769743,0.001195253137539486
3,Middle East (nationalities),2008-02-01,0.0005207429265752473,8.679048776254123e-05,0.0003471619510501649
3,Middle East (nationalities),2008-03-01,0.0013302294645826404,0.0009145327569005654,0.0012470901230462255
3,Middle East (nationalities),2008-04-01,0.0,0.0,0.0
3,Middle East (nationalities),2008-05-01,0.0009040848195939837,0.00016437905810799704,0.0005753267033779897
3,Middle East (nationalities),2008-06-01,0.0007421838760552926,9.277298450691158e-05,0.0006494108915483811
3,Middle East (nationalities),2008-07-01,0.00129366106080207,0.00046202180742931065,0.0010164479763444835
3,Middle East (nationalities),2008-08-01,0.000574052812858783,0.00024602263408233556,0.0004920452681646711
3,Middle East (nationalities),2008-09-01,8.602890571231934e-05,0.0,0.0
3,Middle East (nationalities),2008-10-01,7.504127269998499e-05,0.0,0.0
3,Middle East (nationalities),2008-11-01,0.0,0.0,0.0
3,Middle East (nationalities),2008-12-01,0.0027804327048396907,0.0014771048744460858,0.00260665566078721
3,Middle East (nationalities),2009-01-01,0.003254572674607824,0.001627286337303912,0.0029291154071470417
3,Middle East (nationalities),2009-02-01,0.0007550018875047187,0.0005662514156285391,0.0006606266515666289
3,Middle East (nationalities),2009-03-01,0.0007466401194624191,0.0004977600796416127,0.0005807200929152149
3,Middle East (nationalities),2009-04-01,0.00015971889474524837,7.985944737262418e-05,7.985944737262418e-05
3,Middle East (nationalities),2009-05-01,0.00010070493454179255,0.0,0.0
3,Middle East (nationalities),2009-06-01,0.00011330160888284614,0.0,0.00011330160888284614
3,Middle East (nationalities),2009-07-01,0.0005658669081032141,0.0003395201448619285,0.0005658669081032141
3,Middle East (nationalities),2009-08-01,0.00010275380189066995,0.00010275380189066995,0.00010275380189066995
3,Middle East (nationalities),2009-09-01,0.00017140898183064793,0.0,0.00017140898183064793
3,Middle East (nationalities),2009-10-01,0.0002901353965183752,9.671179883945841e-05,0.00019342359767891682
3,Middle East (nationalities),2009-11-01,0.0,0.0,0.0
3,Middle East (nationalities),2009-12-01,0.0008149959250203749,0.0006791632708503124,0.0008149959250203749
3,Middle East (nationalities),2010-01-01,0.0013183125599232981,0.0010786193672099713,0.0013183125599232981
3,Middle East (nationalities),2010-02-01,0.0,0.0,0.0
3,Middle East (nationalities),2010-03-01,0.0005868544600938967,0.00014671361502347418,0.00014671361502347418
3,Middle East (nationalities),2010-04-01,0.00028571428571428574,0.0,0.00028571428571428574
3,Middle East (nationalities),2010-05-01,0.000759762953958365,0.000303905181583346,0.000607810363166692
3,Middle East (nationalities),2010-06-01,0.006221300548066953,0.003406902681084284,0.005332543326914531
3,Middle East (nationalities),2010-07-01,0.0002746121103940684,0.0002746121103940684,0.0002746121103940684
3,Middle East (nationalities),2010-08-01,0.0002326934264107039,0.0002326934264107039,0.0002326934264107039
3,Middle East (nationalities),2010-09-01,0.0,0.0,0.0
3,Middle East (nationalities),2010-10-01,0.0005261081152176773,0.00026305405760883863,0.0003945810864132579
3,Middle East (nationalities),2010-11-01,0.0002467308166790032,0.0001233654083395016,0.0001233654083395016
3,Middle East (nationalities),2010-12-01,0.001829673985362608,0.0013306719893546241,0.001829673985362608
3,Middle East (nationalities),2011-01-01,0.0008279516476237788,0.0004967709885742673,0.000662361318099023
3,Middle East (nationalities),2011-02-01,0.0013778849466069584,0.0006889424733034792,0.0013778849466069584
3,Middle East (nationalities),2011-03-01,0.00032781511227667593,0.00016390755613833797,0.00032781511227667593
3,Middle East (nationalities),2011-04-01,0.0,0.0,0.0
3,Middle East (nationalities),2011-05-01,0.0006997900629811056,0.0003498950314905528,0.0006997900629811056
3,Middle East (nationalities),2011-06-01,0.0011032656663724624,0.00088261253309797,0.0011032656663724624
3,Middle East (nationalities),2011-07-01,0.001076889941847943,0.0004307559767391773,0.001076889941847943
3,Middle East (nationalities),2011-08-01,0.0013738622703074017,0.0006869311351537008,0.0010303967027305513
3,Middle East (nationalities),2011-09-01,0.0016216216216216215,0.001081081081081081,0.0016216216216216215
3,Middle East (nationalities),2011-10-01,0.00031600568810238584,0.0,0.00015800284405119292
3,Middle East (nationalities),2011-11-01,0.0013942680092951202,0.0009295120061967467,0.0012393493415956622
3,Middle East (nationalities),2011-12-01,0.002909796314258002,0.0023278370514064014,0.0027158098933074684
3,Middle East (nationalities),2012-01-01,0.00038819875776397513,0.00038819875776397513,0.00038819875776397513
3,Middle East (nationalities),2012-02-01,0.0010506408909434755,0.0006303845345660853,0.0010506408909434755
3,Middle East (nationalities),2012-03-01,0.00019201228878648233,0.0,0.00019201228878648233
3,Middle East (nationalities),2012-04-01,0.0,0.0,0.0
3,Middle East (nationalities),2012-05-01,0.00043038519474930065,0.00043038519474930065,0.00043038519474930065
3,Middle East (nationalities),2012-06-01,0.0006883891693437356,0.0,0.0002294630564479119
3,Middle East (nationalities),2012-07-01,0.00115233924867481,0.0004609356994699239,0.0009218713989398478
3,Middle East (nationalities),2012-08-01,0.0,0.0,0.0
3,Middle East (nationalities),2012-09-01,0.00022999080036798528,0.0,0.00022999080036798528
3,Middle East (nationalities),2012-10-01,0.0004698144233027954,0.0002349072116513977,0.0004698144233027954
3,Middle East (nationalities),2012-11-01,0.00475,0.002,0.00425
3,Middle East (nationalities),2012-12-01,0.0002820078962210942,0.0,0.0002820078962210942
3,Middle East (nationalities),2013-01-01,0.00045578851412944393,0.00045578851412944393,0.00045578851412944393
3,Middle East (nationalities),2013-02-01,0.0,0.0,0.0
3,Middle East (nationalities),2013-03-01,0.0,0.0,0.0
3,Middle East (nationalities),2013-04-01,0.0,0.0,0.0
3,Middle East (nationalities),2013-05-01,0.0006837606837606838,0.0,0.0
3,Middle East (nationalities),2013-06-01,0.0,0.0,0.0
3,Middle East (nationalities),2013-07-01,0.00034638032559750607,0.0,0.00034638032559750607
3,Middle East (nationalities),2013-08-01,0.0013722126929674098,0.0006861063464837049,0.0010291595197255575
3,Middle East (nationalities),2013-09-01,0.0014275517487508922,0.0007137758743754461,0.0014275517487508922
3,Middle East (nationalities),2013-10-01,0.0006695681285570807,0.00033478406427854036,0.0006695681285570807
3,Middle East (nationalities),2013-11-01,0.0009904258831297458,0.0,0.0009904258831297458
3,Middle East (nationalities),2013-12-01,0.0,0.0,0.0
3,Middle East (nationalities),2014-01-01,0.0006622516556291391,0.0,0.00033112582781456954
3,Middle East (nationalities),2014-02-01,0.00036563071297989033,0.00036563071297989033,0.00036563071297989033
3,Middle East (nationalities),2014-03-01,0.0003050640634533252,0.0,0.0003050640634533252
3,Middle East (nationalities),2014-04-01,0.0,0.0,0.0
3,Middle East (nationalities),2014-05-01,0.0007572889057175312,0.0,0.0007572889057175312
3,Middle East (nationalities),2014-06-01,0.0023952095808383233,0.0003992015968063872,0.0015968063872255488
3,Middle East (nationalities),2014-07-01,0.018599932363882313,0.007101792357118702,0.01657084883327697
3,Middle East (nationalities),2014-08-01,0.007820469228153689,0.003740224413464808,0.007480448826929616
3,Middle East (nationalities),2014-09-01,0.0010845986984815619,0.0,0.0010845986984815619
3,Middle East (nationalities),2014-10-01,0.00045871559633027525,0.00045871559633027525,0.00045871559633027525
3,Middle East (nationalities),2014-11-01,0.0,0.0,0.0
3,Middle East (nationalities),2014-12-01,0.0012101653892698668,0.0004033884630899556,0.0012101653892698668
3,Middle East (nationalities),2015-01-01,0.001392757660167131,0.0010445682451253482,0.001392757660167131
3,Middle East (nationalities),2015-02-01,0.0003901677721420211,0.0003901677721420211,0.0003901677721420211
3,Middle East (nationalities),2015-03-01,0.0009071666162685213,0.0006047777441790142,0.0009071666162685213
3,Middle East (nationalities),2015-04-01,0.0018140589569160999,0.0009070294784580499,0.0013605442176870747
3,Middle East (nationalities),2015-05-01,0.0004576659038901602,0.0004576659038901602,0.0004576659038901602
3,Middle East (nationalities),2015-06-01,0.0014360938247965534,0.0,0.0009573958831977022
3,Middle East (nationalities),2015-07-01,0.0,0.0,0.0
3,Middle East (nationalities),2015-08-01,0.0005136106831022085,0.0005136106831022085,0.0005136106831022085
3,Middle East (nationalities),2015-09-01,0.013031812955155231,0.006132617861249521,0.011881947106170947
3,Middle East (nationalities),2015-10-01,0.005011389521640091,0.0031890660592255125,0.005011389521640091
3,Middle East (nationalities),2015-11-01,0.0036115569823434992,0.001203852327447833,0.0028089887640449437
3,Middle East (nationalities),2015-12-01,0.004893238434163701,0.0008896797153024911,0.0035587188612099642
3,Middle East (nationalities),2016-01-01,0.001682085786375105,0.00042052144659377626,0.001261564339781329
3,Middle East (nationalities),2016-02-01,0.001375515818431912,0.0004585052728106373,0.0009170105456212746
3,Middle East (nationalities),2016-03-01,0.0017094017094017094,0.0,0.0008547008547008547
3,Middle East (nationalities),2016-04-01,0.0015360983102918587,0.0009216589861751152,0.0015360983102918587
3,Middle East (nationalities),2016-05-01,0.0019076688286913392,0.0007630675314765357,0.0015261350629530714
3,Middle East (nationalities),2016-06-01,0.0,0.0,0.0
3,Middle East (nationalities),2016-07-01,0.001221001221001221,0.0006105006105006105,0.001221001221001221
3,Middle East (nationalities),2016-08-01,0.0004833252779120348,0.0004833252779120348,0.0004833252779120348
3,Middle East (nationalities),2016-09-01,0.0004666355576294914,0.0004666355576294914,0.0004666355576294914
3,Middle East (nationalities),2016-10-01,0.0,0.0,0.0
3,Middle East (nationalities),2016-11-01,0.0,0.0,0.0
3,Middle East (nationalities),2016-12-01,0.0034398034398034397,0.0014742014742014742,0.0019656019656019656
3,Middle East (nationalities),2017-01-01,0.00216076058772688,0.0012964563526361278,0.001728608470181504
3,Middle East (nationalities),2017-02-01,0.0017699115044247787,0.0011799410029498525,0.0017699115044247787
3,Middle East (nationalities),2017-03-01,0.002495321272613849,0.0018714909544603868,0.002495321272613849
3,Middle East (nationalities),2017-04-01,0.004654771140418929,0.0023273855702094647,0.004654771140418929
3,Middle East (nationalities),2017-05-01,0.0034266133637921186,0.0028555111364934323,0.0034266133637921186
3,Middle East (nationalities),2017-06-01,0.0018148820326678765,0.0006049606775559589,0.0018148820326678765
3,Middle East (nationalities),2017-07-01,0.0036127167630057803,0.002167630057803468,0.0036127167630057803
3,Middle East (nationalities),2017-08-01,0.003169572107765452,0.0010565240359218173,0.0021130480718436345
3,Middle East (nationalities),2017-09-01,0.0010689470871191875,0.0005344735435595938,0.0010689470871191875
3,Middle East (nationalities),2017-10-01,0.0008699434536755111,0.0,0.0008699434536755111
3,Middle East (nationalities),2017-11-01,0.0018094089264173703,0.0012062726176115801,0.0018094089264173703
3,Middle East (nationalities),2017-12-01,0.020289855072463767,0.011594202898550725,0.01956521739130435
3,Middle East (nationalities),2018-01-01,0.0007692307692307692,0.0007692307692307692,0.0007692307692307692
3,Middle East (nationalities),2018-02-01,0.0006891798759476223,0.0006891798759476223,0.0006891798759476223
3,Middle East (nationalities),2018-03-01,0.0,0.0,0.0
3,Middle East (nationalities),2018-04-01,0.0018552875695732839,0.0009276437847866419,0.0018552875695732839
3,Middle East (nationalities),2018-05-01,0.009607686148919135,0.006405124099279423,0.008006405124099279
3,Middle East (nationalities),2018-06-01,0.0018656716417910447,0.0009328358208955224,0.0018656716417910447
3,Middle East (nationalities),2018-07-01,0.0037650602409638554,0.0015060240963855422,0.002259036144578313
3,Middle East (nationalities),2018-08-01,0.0015255530129672007,0.0,0.0007627765064836003
3,Middle East (nationalities),2018-09-01,0.0018963337547408343,0.0006321112515802782,0.0012642225031605564
3,Middle East (nationalities),2018-10-01,0.0,0.0,0.0
3,Middle East (nationalities),2018-11-01,0.0,0.0,0.0
3,Middle East (nationalities),2018-12-01,0.0,0.0,0.0
3,Middle East (nationalities),2019-01-01,0.0,0.0,0.0
3,Middle East (nationalities),2019-02-01,0.0,0.0,0.0
3,Middle East (nationalities),2019-03-01,0.0018529956763434219,0.0012353304508956147,0.0012353304508956147
3,Middle East (nationalities),2019-04-01,0.0011061946902654867,0.0005530973451327434,0.0005530973451327434
3,Middle East (nationalities),2019-05-01,0.004784688995215311,0.0014354066985645933,0.0033492822966507177
3,Middle East (nationalities),2019-06-01,0.005244755244755245,0.0034965034965034965,0.004370629370629371
3,Middle East (nationalities),2019-07-01,0.0018331805682859762,0.0009165902841429881,0.0018331805682859762
3,Middle East (nationalities),2019-08-01,0.0,0.0,0.0
3,Middle East (nationalities),2019-09-01,0.0008620689655172414,0.0008620689655172414,0.0008620689655172414
3,Middle East (nationalities),2019-10-01,0.001932367149758454,0.000966183574879227,0.001932367149758454
3,Middle East (nationalities),2019-11-01,0.004359197907585004,0.0026155187445510027,0.004359197907585004
3,Middle East (nationalities),2019-12-01,0.0008756567425569177,0.0008756567425569177,0.0008756567425569177
3,Middle East (nationalities),2020-01-01,0.004374453193350831,0.0008748906386701663,0.003499562554680665
3,Middle East (nationalities),2020-02-01,0.002074688796680498,0.0,0.001037344398340249
3,Middle East (nationalities),2020-03-01,0.002489110143123833,0.0006222775357809583,0.0012445550715619166
3,Middle East (nationalities),2020-04-01,0.0008045052292839903,0.0008045052292839903,0.0008045052292839903
3,Middle East (nationalities),2020-05-01,0.0,0.0,0.0
3,Middle East (nationalities),2020-06-01,0.0033444816053511705,0.0008361204013377926,0.002508361204013378
3,Middle East (nationalities),2020-07-01,0.0,0.0,0.0
3,Middle East (nationalities),2020-08-01,0.0,0.0,0.0
3,Middle East (nationalities),2020-09-01,0.0012515644555694619,0.0012515644555694619,0.0012515644555694619
3,Middle East (nationalities),2020-10-01,0.0,0.0,0.0
3,Middle East (nationalities),2020-11-01,0.0,0.0,0.0
3,Middle East (nationalities),2020-12-01,0.0,0.0,0.0
3,Middle East (nationalities),2021-01-01,0.0007861635220125787,0.0,0.0
3,Middle East (nationalities),2021-02-01,0.0,0.0,0.0
3,Middle East (nationalities),2021-03-01,0.0,0.0,0.0
3,Middle East (nationalities),2021-04-01,0.000689655172413793,0.0,0.000689655172413793
3,Middle East (nationalities),2021-05-01,0.008006405124099279,0.0040032025620496394,0.008006405124099279
3,Middle East (nationalities),2021-06-01,0.0009389671361502347,0.0009389671361502347,0.0009389671361502347
3,Middle East (nationalities),2021-07-01,0.0,0.0,0.0
3,Middle East (nationalities),2021-08-01,0.0061403508771929825,0.0035087719298245615,0.005263157894736842
3,Middle East (nationalities),2021-09-01,0.0,0.0,0.0
3,Middle East (nationalities),2021-10-01,0.0,0.0,0.0
3,Middle East (nationalities),2021-11-01,0.0,0.0,0.0
3,Middle East (nationalities),2021-12-01,0.0,0.0,0.0
3,Middle East (nationalities),2022-01-01,0.0,0.0,0.0
3,Middle East (nationalities),2022-02-01,0.0,0.0,0.0
3,Middle East (nationalities),2022-03-01,0.0,0.0,0.0
3,Middle East (nationalities),2022-04-01,0.0,0.0,0.0
3,Middle East (nationalities),2022-05-01,0.0,0.0,0.0
3,Middle East (nationalities),2022-06-01,0.0014204545454545455,0.0,0.0014204545454545455
3,Middle East (nationalities),2022-07-01,0.0,0.0,0.0
3,Middle East (nationalities),2022-08-01,0.0,0.0,0.0
3,Middle East (nationalities),2022-09-01,0.001272264631043257,0.0,0.0
3,Middle East (nationalities),2022-10-01,0.0,0.0,0.0
3,Middle East (nationalities),2022-11-01,0.0,0.0,0.0
3,Middle East (nationalities),2022-12-01,0.0,0.0,0.0
3,Middle East (nationalities),2023-01-01,0.0010416666666666667,0.0010416666666666667,0.0010416666666666667
3,Middle East (nationalities),2023-02-01,0.0,0.0,0.0
3,Middle East (nationalities),2023-03-01,0.0,0.0,0.0
3,Middle East (nationalities),2023-04-01,0.0,0.0,0.0
3,Middle East (nationalities),2023-05-01,0.0,0.0,0.0
3,Middle East (nationalities),2023-06-01,0.0,0.0,0.0
3,Middle East (nationalities),2023-07-01,0.0,0.0,0.0
3,Middle East (nationalities),2023-08-01,0.0,0.0,0.0
3,Middle East (nationalities),2023-09-01,0.0,0.0,0.0
3,Middle East (nationalities),2023-10-01,0.008206330597889801,0.0011723329425556857,0.005861664712778429
3,Middle East (nationalities),2023-11-01,0.007741935483870968,0.0025806451612903226,0.007741935483870968
3,Middle East (nationalities),2023-12-01,0.016581632653061226,0.008928571428571428,0.01403061224489796
3,Middle East (nationalities),2024-01-01,0.008298755186721992,0.005532503457814661,0.008298755186721992
3,Middle East (nationalities),2024-02-01,0.014204545454545454,0.005681818181818182,0.01278409090909091
3,Middle East (nationalities),2024-03-01,0.005547850208044383,0.0027739251040221915,0.005547850208044383
3,Middle East (nationalities),2024-04-01,0.0013123359580052493,0.0013123359580052493,0.0013123359580052493
3,Middle East (nationalities),2024-05-01,0.01854974704890388,0.008431703204047217,0.01517706576728499
3,Middle East (nationalities),2024-06-01,0.0,0.0,0.0
3,Eastern Europe (nationalities),2008-01-01,0.0005122513446597797,0.00025612567232988985,0.0005122513446597797
3,Eastern Europe (nationalities),2008-02-01,0.0013886478042006596,0.000781114389862871,0.0010414858531504947
3,Eastern Europe (nationalities),2008-03-01,0.0004988360492184902,0.0004988360492184902,0.00041569670768207517
3,Eastern Europe (nationalities),2008-04-01,0.0006933744221879815,0.0003081664098613251,0.0006163328197226503
3,Eastern Europe (nationalities),2008-05-01,0.00016437905810799704,8.218952905399852e-05,0.00016437905810799704
3,Eastern Europe (nationalities),2008-06-01,0.00046386492253455794,9.277298450691158e-05,0.00027831895352073476
3,Eastern Europe (nationalities),2008-07-01,0.0007392348918868971,0.00036961744594344855,0.000646830530401035
3,Eastern Europe (nationalities),2008-08-01,0.0003280301787764474,8.200754469411185e-05,0.0003280301787764474
3,Eastern Europe (nationalities),2008-09-01,0.0004301445285615967,8.602890571231934e-05,0.0004301445285615967
3,Eastern Europe (nationalities),2008-10-01,0.00022512381809995497,7.504127269998499e-05,7.504127269998499e-05
3,Eastern Europe (nationalities),2008-11-01,0.0002390057361376673,0.0,7.966857871255577e-05
3,Eastern Europe (nationalities),2008-12-01,0.000781996698236163,0.000260665566078721,0.000521331132157442
3,Eastern Europe (nationalities),2009-01-01,0.00045564017444509535,0.00019527436047646945,0.0003254572674607824
3,Eastern Europe (nationalities),2009-02-01,0.00037750094375235937,0.00037750094375235937,0.00037750094375235937
3,Eastern Europe (nationalities),2009-03-01,0.0004977600796416127,8.296001327360213e-05,0.00041480006636801064
3,Eastern Europe (nationalities),2009-04-01,7.985944737262418e-05,0.0,0.0
3,Eastern Europe (nationalities),2009-05-01,0.00030211480362537764,0.0,0.00010070493454179255
3,Eastern Europe (nationalities),2009-06-01,0.00011330160888284614,0.0,0.00011330160888284614
3,Eastern Europe (nationalities),2009-07-01,0.0005658669081032141,0.00011317338162064282,0.0004526935264825713
3,Eastern Europe (nationalities),2009-08-01,0.00030826140567200987,0.0,0.0002055076037813399
3,Eastern Europe (nationalities),2009-09-01,0.0007713404182379157,0.0002571134727459719,0.0005999314364072677
3,Eastern Europe (nationalities),2009-10-01,0.0006769825918762089,0.0002901353965183752,0.0006769825918762089
3,Eastern Europe (nationalities),2009-11-01,0.0002311604253351826,0.0,0.0002311604253351826
3,Eastern Europe (nationalities),2009-12-01,0.0,0.0,0.0
3,Eastern Europe (nationalities),2010-01-01,0.00023969319271332693,0.00011984659635666346,0.00023969319271332693
3,Eastern Europe (nationalities),2010-02-01,0.000314070351758794,0.0,0.0
3,Eastern Europe (nationalities),2010-03-01,0.00029342723004694836,0.00014671361502347418,0.00029342723004694836
3,Eastern Europe (nationalities),2010-04-01,0.00014285714285714287,0.0,0.0
3,Eastern Europe (nationalities),2010-05-01,0.000303905181583346,0.0,0.000303905181583346
3,Eastern Europe (nationalities),2010-06-01,0.0005925048141016146,0.0,0.0002962524070508073
3,Eastern Europe (nationalities),2010-07-01,0.0,0.0,0.0
3,Eastern Europe (nationalities),2010-08-01,0.00034904013961605586,0.0,0.0002326934264107039
3,Eastern Europe (nationalities),2010-09-01,0.00025746652935118434,0.00012873326467559217,0.00025746652935118434
3,Eastern Europe (nationalities),2010-10-01,0.0003945810864132579,0.00026305405760883863,0.00026305405760883863
3,Eastern Europe (nationalities),2010-11-01,0.0003700962250185048,0.0001233654083395016,0.0001233654083395016
3,Eastern Europe (nationalities),2010-12-01,0.00016633399866932801,0.0,0.00016633399866932801
3,Eastern Europe (nationalities),2011-01-01,0.0004967709885742673,0.0003311806590495115,0.0003311806590495115
3,Eastern Europe (nationalities),2011-02-01,0.0001722356183258698,0.0,0.0001722356183258698
3,Eastern Europe (nationalities),2011-03-01,0.0,0.0,0.0
3,Eastern Europe (nationalities),2011-04-01,0.00030084235860409147,0.0,0.00030084235860409147
3,Eastern Europe (nationalities),2011-05-01,0.0006997900629811056,0.0001749475157452764,0.0003498950314905528
3,Eastern Europe (nationalities),2011-06-01,0.000441306266548985,0.0,0.000441306266548985
3,Eastern Europe (nationalities),2011-07-01,0.0006461339651087659,0.0,0.0004307559767391773
3,Eastern Europe (nationalities),2011-08-01,0.0005151983513652757,0.0,0.0005151983513652757
3,Eastern Europe (nationalities),2011-09-01,0.00036036036036036037,0.00018018018018018018,0.00036036036036036037
3,Eastern Europe (nationalities),2011-10-01,0.00015800284405119292,0.0,0.00015800284405119292
3,Eastern Europe (nationalities),2011-11-01,0.0010844306738962044,0.000774593338497289,0.0010844306738962044
3,Eastern Europe (nationalities),2011-12-01,0.0005819592628516004,0.00019398642095053346,0.0005819592628516004
3,Eastern Europe (nationalities),2012-01-01,0.0007763975155279503,0.00019409937888198756,0.0007763975155279503
3,Eastern Europe (nationalities),2012-02-01,0.0002101281781886951,0.0,0.0002101281781886951
3,Eastern Europe (nationalities),2012-03-01,0.00019201228878648233,0.0,0.00019201228878648233
3,Eastern Europe (nationalities),2012-04-01,0.0006444683136412459,0.00021482277121374866,0.0004296455424274973
3,Eastern Europe (nationalities),2012-05-01,0.00021519259737465033,0.00021519259737465033,0.00021519259737465033
3,Eastern Europe (nationalities),2012-06-01,0.0006883891693437356,0.0002294630564479119,0.0004589261128958238
3,Eastern Europe (nationalities),2012-07-01,0.0,0.0,0.0
3,Eastern Europe (nationalities),2012-08-01,0.0002760905577029266,0.0,0.0002760905577029266
3,Eastern Europe (nationalities),2012-09-01,0.0,0.0,0.0
3,Eastern Europe (nationalities),2012-10-01,0.001644350481559784,0.0007047216349541931,0.0014094432699083862
3,Eastern Europe (nationalities),2012-11-01,0.00025,0.0,0.0
3,Eastern Europe (nationalities),2012-12-01,0.0005640157924421884,0.0002820078962210942,0.0002820078962210942
3,Eastern Europe (nationalities),2013-01-01,0.0006836827711941659,0.00022789425706472196,0.0006836827711941659
3,Eastern Europe (nationalities),2013-02-01,0.0,0.0,0.0
3,Eastern Europe (nationalities),2013-03-01,0.0005470459518599562,0.0,0.0002735229759299781
3,Eastern Europe (nationalities),2013-04-01,0.00026925148088314486,0.0,0.00026925148088314486
3,Eastern Europe (nationalities),2013-05-01,0.0003418803418803419,0.0,0.0
3,Eastern Europe (nationalities),2013-06-01,0.0,0.0,0.0
3,Eastern Europe (nationalities),2013-07-01,0.00034638032559750607,0.0,0.0
3,Eastern Europe (nationalities),2013-08-01,0.0013722126929674098,0.0010291595197255575,0.0010291595197255575
3,Eastern Europe (nationalities),2013-09-01,0.0010706638115631692,0.00035688793718772306,0.0010706638115631692
3,Eastern Europe (nationalities),2013-10-01,0.0013391362571141614,0.0,0.00033478406427854036
3,Eastern Europe (nationalities),2013-11-01,0.0006602839220864972,0.0006602839220864972,0.0006602839220864972
3,Eastern Europe (nationalities),2013-12-01,0.0007627765064836003,0.00038138825324180017,0.00038138825324180017
3,Eastern Europe (nationalities),2014-01-01,0.0009933774834437086,0.00033112582781456954,0.00033112582781456954
3,Eastern Europe (nationalities),2014-02-01,0.0007312614259597807,0.0,0.00036563071297989033
3,Eastern Europe (nationalities),2014-03-01,0.0036607687614399025,0.0003050640634533252,0.0024405125076266015
3,Eastern Europe (nationalities),2014-04-01,0.002932551319648094,0.001466275659824047,0.0021994134897360706
3,Eastern Europe (nationalities),2014-05-01,0.004543733434305188,0.001135933358576297,0.003029155622870125
3,Eastern Europe (nationalities),2014-06-01,0.0027944111776447107,0.0,0.0023952095808383233
3,Eastern Europe (nationalities),2014-07-01,0.00439634764964491,0.0016909029421711193,0.0033818058843422386
3,Eastern Europe (nationalities),2014-08-01,0.0051003060183611015,0.002040122407344441,0.004420265215912955
3,Eastern Europe (nationalities),2014-09-01,0.0010845986984815619,0.0,0.00036153289949385393
3,Eastern Europe (nationalities),2014-10-01,0.0013761467889908258,0.00045871559633027525,0.0009174311926605505
3,Eastern Europe (nationalities),2014-11-01,0.0010771992818671453,0.0,0.000718132854578097
3,Eastern Europe (nationalities),2014-12-01,0.0008067769261799112,0.0,0.0004033884630899556
3,Eastern Europe (nationalities),2015-01-01,0.0010445682451253482,0.0006963788300835655,0.0010445682451253482
3,Eastern Europe (nationalities),2015-02-01,0.0027311744049941474,0.0,0.0015606710885680843
3,Eastern Europe (nationalities),2015-03-01,0.0006047777441790142,0.0,0.0003023888720895071
3,Eastern Europe (nationalities),2015-04-01,0.0022675736961451248,0.0009070294784580499,0.0018140589569160999
3,Eastern Europe (nationalities),2015-05-01,0.0009153318077803204,0.0004576659038901602,0.0004576659038901602
3,Eastern Europe (nationalities),2015-06-01,0.0004786979415988511,0.0,0.0004786979415988511
3,Eastern Europe (nationalities),2015-07-01,0.0,0.0,0.0
3,Eastern Europe (nationalities),2015-08-01,0.00667693888032871,0.0005136106831022085,0.0061633281972265025
3,Eastern Europe (nationalities),2015-09-01,0.0019164430816404753,0.0011498658489842851,0.0019164430816404753
3,Eastern Europe (nationalities),2015-10-01,0.0018223234624145787,0.0009111617312072893,0.001366742596810934
3,Eastern Europe (nationalities),2015-11-01,0.0016051364365971107,0.0,0.0016051364365971107
3,Eastern Europe (nationalities),2015-12-01,0.00400355871886121,0.00044483985765124553,0.0017793594306049821
3,Eastern Europe (nationalities),2016-01-01,0.001682085786375105,0.001261564339781329,0.0008410428931875525
3,Eastern Europe (nationalities),2016-02-01,0.0032095369096744614,0.0009170105456212746,0.0032095369096744614
3,Eastern Europe (nationalities),2016-03-01,0.001282051282051282,0.0008547008547008547,0.001282051282051282
3,Eastern Europe (nationalities),2016-04-01,0.00030721966205837174,0.00030721966205837174,0.00030721966205837174
3,Eastern Europe (nationalities),2016-05-01,0.0011446012972148034,0.0007630675314765357,0.0011446012972148034
3,Eastern Europe (nationalities),2016-06-01,0.001088139281828074,0.000544069640914037,0.001088139281828074
3,Eastern Europe (nationalities),2016-07-01,0.0006105006105006105,0.0006105006105006105,0.0006105006105006105
3,Eastern Europe (nationalities),2016-08-01,0.0004833252779120348,0.0004833252779120348,0.0004833252779120348
3,Eastern Europe (nationalities),2016-09-01,0.0009332711152589828,0.0004666355576294914,0.0009332711152589828
3,Eastern Europe (nationalities),2016-10-01,0.0008707009142359599,0.0,0.0008707009142359599
3,Eastern Europe (nationalities),2016-11-01,0.002229157378510923,0.00044583147570218456,0.0013374944271065537
3,Eastern Europe (nationalities),2016-12-01,0.0014742014742014742,0.0,0.0009828009828009828
3,Eastern Europe (nationalities),2017-01-01,0.0025929127052722557,0.000432152117545376,0.00216076058772688
3,Eastern Europe (nationalities),2017-02-01,0.0017699115044247787,0.0,0.0017699115044247787
3,Eastern Europe (nationalities),2017-03-01,0.002495321272613849,0.0012476606363069245,0.002495321272613849
3,Eastern Europe (nationalities),2017-04-01,0.0023273855702094647,0.0007757951900698216,0.0023273855702094647
3,Eastern Europe (nationalities),2017-05-01,0.0005711022272986865,0.0,0.0005711022272986865
3,Eastern Europe (nationalities),2017-06-01,0.0018148820326678765,0.0012099213551119178,0.0012099213551119178
3,Eastern Europe (nationalities),2017-07-01,0.0050578034682080926,0.002167630057803468,0.004335260115606936
3,Eastern Europe (nationalities),2017-08-01,0.003169572107765452,0.0005282620179609086,0.0021130480718436345
3,Eastern Europe (nationalities),2017-09-01,0.0010689470871191875,0.0,0.0010689470871191875
3,Eastern Europe (nationalities),2017-10-01,0.0013049151805132667,0.0,0.0013049151805132667
3,Eastern Europe (nationalities),2017-11-01,0.0006031363088057901,0.0,0.0006031363088057901
3,Eastern Europe (nationalities),2017-12-01,0.0007246376811594203,0.0,0.0
3,Eastern Europe (nationalities),2018-01-01,0.0007692307692307692,0.0,0.0007692307692307692
3,Eastern Europe (nationalities),2018-02-01,0.0013783597518952446,0.0,0.0006891798759476223
3,Eastern Europe (nationalities),2018-03-01,0.006184291898577613,0.0018552875695732839,0.004947433518862091
3,Eastern Europe (nationalities),2018-04-01,0.0027829313543599257,0.0,0.0027829313543599257
3,Eastern Europe (nationalities),2018-05-01,0.0032025620496397116,0.0,0.0032025620496397116
3,Eastern Europe (nationalities),2018-06-01,0.002798507462686567,0.0,0.0009328358208955224
3,Eastern Europe (nationalities),2018-07-01,0.002259036144578313,0.0007530120481927711,0.0007530120481927711
3,Eastern Europe (nationalities),2018-08-01,0.0038138825324180014,0.0,0.0030511060259344014
3,Eastern Europe (nationalities),2018-09-01,0.0025284450063211127,0.0006321112515802782,0.0018963337547408343
3,Eastern Europe (nationalities),2018-10-01,0.002250562640660165,0.0,0.0
3,Eastern Europe (nationalities),2018-11-01,0.002911208151382824,0.001455604075691412,0.002183406113537118
3,Eastern Europe (nationalities),2018-12-01,0.0012484394506866417,0.0006242197253433209,0.0012484394506866417
3,Eastern Europe (nationalities),2019-01-01,0.0011383039271485487,0.0,0.0005691519635742744
3,Eastern Europe (nationalities),2019-02-01,0.0006983240223463687,0.0,0.0006983240223463687
3,Eastern Europe (nationalities),2019-03-01,0.0037059913526868438,0.0024706609017912293,0.0030883261272390363
3,Eastern Europe (nationalities),2019-04-01,0.0011061946902654867,0.0005530973451327434,0.0011061946902654867
3,Eastern Europe (nationalities),2019-05-01,0.0019138755980861245,0.0009569377990430622,0.0019138755980861245
3,Eastern Europe (nationalities),2019-06-01,0.0008741258741258741,0.0,0.0
3,Eastern Europe (nationalities),2019-07-01,0.0018331805682859762,0.0009165902841429881,0.0018331805682859762
3,Eastern Europe (nationalities),2019-08-01,0.00322061191626409,0.0,0.001610305958132045
3,Eastern Europe (nationalities),2019-09-01,0.0008620689655172414,0.0008620689655172414,0.0008620689655172414
3,Eastern Europe (nationalities),2019-10-01,0.001932367149758454,0.000966183574879227,0.001932367149758454
3,Eastern Europe (nationalities),2019-11-01,0.0026155187445510027,0.0008718395815170009,0.0026155187445510027
3,Eastern Europe (nationalities),2019-12-01,0.0043782837127845885,0.0,0.002626970227670753
3,Eastern Europe (nationalities),2020-01-01,0.0026246719160104987,0.0017497812773403325,0.0026246719160104987
3,Eastern Europe (nationalities),2020-02-01,0.001037344398340249,0.001037344398340249,0.001037344398340249
3,Eastern Europe (nationalities),2020-03-01,0.001866832607342875,0.0,0.0012445550715619166
3,Eastern Europe (nationalities),2020-04-01,0.0,0.0,0.0
3,Eastern Europe (nationalities),2020-05-01,0.0028680688336520078,0.0009560229445506692,0.0019120458891013384
3,Eastern Europe (nationalities),2020-06-01,0.002508361204013378,0.0008361204013377926,0.002508361204013378
3,Eastern Europe (nationalities),2020-07-01,0.0023148148148148147,0.0007716049382716049,0.0015432098765432098
3,Eastern Europe (nationalities),2020-08-01,0.0012033694344163659,0.0,0.0012033694344163659
3,Eastern Europe (nationalities),2020-09-01,0.0012515644555694619,0.0,0.0012515644555694619
3,Eastern Europe (nationalities),2020-10-01,0.0010683760683760685,0.0005341880341880342,0.0010683760683760685
3,Eastern Europe (nationalities),2020-11-01,0.0026578073089701,0.00132890365448505,0.0026578073089701
3,Eastern Europe (nationalities),2020-12-01,0.0006849315068493151,0.0,0.0006849315068493151
3,Eastern Europe (nationalities),2021-01-01,0.0,0.0,0.0
3,Eastern Europe (nationalities),2021-02-01,0.0008849557522123894,0.0,0.0
3,Eastern Europe (nationalities),2021-03-01,0.0008130081300813008,0.0,0.0
3,Eastern Europe (nationalities),2021-04-01,0.001379310344827586,0.0,0.001379310344827586
3,Eastern Europe (nationalities),2021-05-01,0.0,0.0,0.0
3,Eastern Europe (nationalities),2021-06-01,0.0,0.0,0.0
3,Eastern Europe (nationalities),2021-07-01,0.001682085786375105,0.0,0.001682085786375105
3,Eastern Europe (nationalities),2021-08-01,0.0017543859649122807,0.0017543859649122807,0.0017543859649122807
3,Eastern Europe (nationalities),2021-09-01,0.0007057163020465773,0.0007057163020465773,0.0007057163020465773
3,Eastern Europe (nationalities),2021-10-01,0.0,0.0,0.0
3,Eastern Europe (nationalities),2021-11-01,0.0,0.0,0.0
3,Eastern Europe (nationalities),2021-12-01,0.0,0.0,0.0
3,Eastern Europe (nationalities),2022-01-01,0.0031323414252153485,0.0023492560689115116,0.0031323414252153485
3,Eastern Europe (nationalities),2022-02-01,0.012956419316843345,0.0035335689045936395,0.009422850412249705
3,Eastern Europe (nationalities),2022-03-01,0.015594541910331383,0.009746588693957114,0.011695906432748537
3,Eastern Europe (nationalities),2022-04-01,0.02247191011235955,0.0033707865168539327,0.019101123595505618
3,Eastern Europe (nationalities),2022-05-01,0.007926023778071334,0.001321003963011889,0.005284015852047556
3,Eastern Europe (nationalities),2022-06-01,0.005681818181818182,0.0,0.005681818181818182
3,Eastern Europe (nationalities),2022-07-01,0.006042296072507553,0.004531722054380665,0.006042296072507553
3,Eastern Europe (nationalities),2022-08-01,0.005369127516778523,0.0013422818791946308,0.005369127516778523
3,Eastern Europe (nationalities),2022-09-01,0.007633587786259542,0.003816793893129771,0.005089058524173028
3,Eastern Europe (nationalities),2022-10-01,0.011004126547455296,0.0,0.0068775790921595595
3,Eastern Europe (nationalities),2022-11-01,0.0012422360248447205,0.0,0.0
3,Eastern Europe (nationalities),2022-12-01,0.0,0.0,0.0
3,Eastern Europe (nationalities),2023-01-01,0.0020833333333333333,0.0,0.0010416666666666667
3,Eastern Europe (nationalities),2023-02-01,0.004020100502512563,0.0010050251256281408,0.003015075376884422
3,Eastern Europe (nationalities),2023-03-01,0.005383580080753701,0.0013458950201884253,0.0026917900403768506
3,Eastern Europe (nationalities),2023-04-01,0.0,0.0,0.0
3,Eastern Europe (nationalities),2023-05-01,0.006920415224913495,0.0011534025374855825,0.0057670126874279125
3,Eastern Europe (nationalities),2023-06-01,0.008706467661691543,0.0012437810945273632,0.007462686567164179
3,Eastern Europe (nationalities),2023-07-01,0.0013698630136986301,0.0,0.0013698630136986301
3,Eastern Europe (nationalities),2023-08-01,0.005970149253731343,0.0029850746268656717,0.004477611940298508
3,Eastern Europe (nationalities),2023-09-01,0.002849002849002849,0.0014245014245014246,0.0014245014245014246
3,Eastern Europe (nationalities),2023-10-01,0.0035169988276670576,0.0011723329425556857,0.0023446658851113715
3,Eastern Europe (nationalities),2023-11-01,0.0,0.0,0.0
3,Eastern Europe (nationalities),2023-12-01,0.0012755102040816326,0.0012755102040816326,0.0012755102040816326
3,Eastern Europe (nationalities),2024-01-01,0.0013831258644536654,0.0,0.0013831258644536654
3,Eastern Europe (nationalities),2024-02-01,0.007102272727272727,0.004261363636363636,0.007102272727272727
3,Eastern Europe (nationalities),2024-03-01,0.006934812760055479,0.0027739251040221915,0.006934812760055479
3,Eastern Europe (nationalities),2024-04-01,0.0013123359580052493,0.0,0.0013123359580052493
3,Eastern Europe (nationalities),2024-05-01,0.0016863406408094434,0.0016863406408094434,0.0016863406408094434
3,Eastern Europe (nationalities),2024-06-01,0.0,0.0,0.0
3,Icelanders,2008-01-01,0.0008537522410996329,0.00017075044821992656,0.000597626568769743
3,Icelanders,2008-02-01,0.0013018573164381183,0.0006943239021003298,0.001128276340913036
3,Icelanders,2008-03-01,0.0014133688061190555,0.0005819753907549052,0.0009976720984369804
3,Icelanders,2008-04-01,0.0006933744221879815,0.0,0.0003852080123266564
3,Icelanders,2008-05-01,0.0013150324648639764,0.0004109476452699926,0.0009862743486479823
3,Icelanders,2008-06-01,0.0012060487985898506,9.277298450691158e-05,0.0007421838760552926
3,Icelanders,2008-07-01,0.001386065422287932,0.0008316392533727592,0.0012012566993162077
3,Icelanders,2008-08-01,0.0006560603575528948,0.0,0.000574052812858783
3,Icelanders,2008-09-01,0.0009463179628355127,0.00017205781142463867,0.0006882312456985547
3,Icelanders,2008-10-01,0.0019510730901996097,0.00015008254539996998,0.0011256190904997748
3,Icelanders,2008-11-01,0.0015137029955385596,0.00015933715742511153,0.0007170172084130019
3,Icelanders,2008-12-01,0.0008688852202624034,0.0,0.0006951081762099227
3,Icelanders,2009-01-01,0.0011716461628588166,0.0003254572674607824,0.0007810974419058778
3,Icelanders,2009-02-01,0.0019818799546998866,0.0005662514156285391,0.0016987542468856172
3,Icelanders,2009-03-01,0.0014932802389248383,0.00016592002654720425,0.0009125601460096233
3,Icelanders,2009-04-01,0.0011180322632167385,7.985944737262418e-05,0.0005590161316083692
3,Icelanders,2009-05-01,0.002014098690835851,0.00010070493454179255,0.001107754279959718
3,Icelanders,2009-06-01,0.0018128257421255382,0.0,0.0006798096532970768
3,Icelanders,2009-07-01,0.0023766410140334993,0.00011317338162064282,0.0014712539610683567
3,Icelanders,2009-08-01,0.002055076037813399,0.00010275380189066995,0.0017468146321413893
3,Icelanders,2009-09-01,0.0011141583818992115,0.00017140898183064793,0.0006856359273225917
3,Icelanders,2009-10-01,0.0016441005802707931,0.00019342359767891682,0.0010638297872340426
3,Icelanders,2009-11-01,0.0009246417013407304,0.0001155802126675913,0.0005779010633379565
3,Icelanders,2009-12-01,0.0021733224667209996,0.0,0.0010866612333604998
3,Icelanders,2010-01-01,0.002037392138063279,0.00011984659635666346,0.0009587727708533077
3,Icelanders,2010-02-01,0.0023555276381909546,0.000157035175879397,0.002041457286432161
3,Icelanders,2010-03-01,0.0020539906103286387,0.0,0.0013204225352112676
3,Icelanders,2010-04-01,0.0015714285714285715,0.0,0.001
3,Icelanders,2010-05-01,0.001975383680291749,0.0,0.000607810363166692
3,Icelanders,2010-06-01,0.003406902681084284,0.0002962524070508073,0.0023700192564064583
3,Icelanders,2010-07-01,0.0012357544967733078,0.0001373060551970342,0.0009611423863792394
3,Icelanders,2010-08-01,0.002326934264107039,0.0002326934264107039,0.0011634671320535194
3,Icelanders,2010-09-01,0.003089598352214212,0.0005149330587023687,0.002317198764160659
3,Icelanders,2010-10-01,0.0027620676048928055,0.0,0.002104432460870709
3,Icelanders,2010-11-01,0.0013570194917345176,0.0001233654083395016,0.001233654083395016
3,Icelanders,2010-12-01,0.0028276779773785763,0.00016633399866932801,0.002328675981370592
3,Icelanders,2011-01-01,0.001324722636198046,0.0,0.0011591323066732903
3,Icelanders,2011-02-01,0.0012056493282810886,0.0,0.000861178091629349
3,Icelanders,2011-03-01,0.0027864284543517455,0.00016390755613833797,0.001966890673660056
3,Icelanders,2011-04-01,0.0012033694344163659,0.00015042117930204573,0.0009025270758122744
3,Icelanders,2011-05-01,0.005073477956613016,0.001224632610216935,0.003848845346396081
3,Icelanders,2011-06-01,0.0015445719329214476,0.0,0.00088261253309797
3,Icelanders,2011-07-01,0.0015076459185871204,0.0,0.0012922679302175318
3,Icelanders,2011-08-01,0.0027477245406148034,0.0003434655675768504,0.0015455950540958269
3,Icelanders,2011-09-01,0.0023423423423423423,0.0,0.0018018018018018018
3,Icelanders,2011-10-01,0.0018960341286143152,0.0,0.0009480170643071576
3,Icelanders,2011-11-01,0.0024786986831913244,0.00015491866769945777,0.0013942680092951202
3,Icelanders,2011-12-01,0.0027158098933074684,0.0017458777885548012,0.002521823472356935
3,Icelanders,2012-01-01,0.0011645962732919255,0.00019409937888198756,0.0007763975155279503
3,Icelanders,2012-02-01,0.003782307207396512,0.0008405127127547804,0.0027316663164530363
3,Icelanders,2012-03-01,0.002304147465437788,0.0,0.0015360983102918587
3,Icelanders,2012-04-01,0.001933404940923738,0.00021482277121374866,0.0012889366272824919
3,Icelanders,2012-05-01,0.0032278889606197547,0.0008607703894986013,0.0025823111684958036
3,Icelanders,2012-06-01,0.0009178522257916476,0.0002294630564479119,0.0009178522257916476
3,Icelanders,2012-07-01,0.0034570177460244295,0.00023046784973496196,0.0020742106476146576
3,Icelanders,2012-08-01,0.0005521811154058532,0.0002760905577029266,0.0005521811154058532
3,Icelanders,2012-09-01,0.0022999080036798527,0.00022999080036798528,0.0018399264029438822
3,Icelanders,2012-10-01,0.002349072116513977,0.0002349072116513977,0.0011745360582569885
3,Icelanders,2012-11-01,0.002,0.0005,0.00175
3,Icelanders,2012-12-01,0.001692047377326565,0.0005640157924421884,0.0014100394811054709
3,Icelanders,2013-01-01,0.0013673655423883319,0.00022789425706472196,0.0011394712853236098
3,Icelanders,2013-02-01,0.0013542795232936078,0.0005417118093174431,0.0013542795232936078
3,Icelanders,2013-03-01,0.0016411378555798686,0.0002735229759299781,0.0008205689277899343
3,Icelanders,2013-04-01,0.0013462574044157242,0.0,0.0008077544426494346
3,Icelanders,2013-05-01,0.002735042735042735,0.0,0.0013675213675213675
3,Icelanders,2013-06-01,0.001539645881447267,0.00038491147036181676,0.0011547344110854503
3,Icelanders,2013-07-01,0.0017319016279875303,0.00034638032559750607,0.0010391409767925182
3,Icelanders,2013-08-01,0.0010291595197255575,0.00034305317324185246,0.0006861063464837049
3,Icelanders,2013-09-01,0.0017844396859386152,0.0,0.0010706638115631692
3,Icelanders,2013-10-01,0.002343488449949782,0.0,0.0013391362571141614
3,Icelanders,2013-11-01,0.005282271376691978,0.0013205678441729944,0.003961703532518983
3,Icelanders,2013-12-01,0.003432494279176201,0.00038138825324180017,0.002288329519450801
3,Icelanders,2014-01-01,0.003642384105960265,0.00033112582781456954,0.001986754966887417
3,Icelanders,2014-02-01,0.0010968921389396709,0.0,0.0
3,Icelanders,2014-03-01,0.002745576571079927,0.0003050640634533252,0.0018303843807199512
3,Icelanders,2014-04-01,0.0010997067448680353,0.0,0.0007331378299120235
3,Icelanders,2014-05-01,0.001135933358576297,0.0003786444528587656,0.001135933358576297
3,Icelanders,2014-06-01,0.0027944111776447107,0.0003992015968063872,0.0023952095808383233
3,Icelanders,2014-07-01,0.003043625295908015,0.0006763611768684477,0.002029083530605343
3,Icelanders,2014-08-01,0.0017001020061203672,0.0006800408024481469,0.0013600816048962938
3,Icelanders,2014-09-01,0.0036153289949385392,0.0007230657989877079,0.0021691973969631237
3,Icelanders,2014-10-01,0.004128440366972477,0.0013761467889908258,0.003211009174311927
3,Icelanders,2014-11-01,0.001436265709156194,0.0003590664272890485,0.0010771992818671453
3,Icelanders,2014-12-01,0.0024203307785397336,0.0004033884630899556,0.0016135538523598225
3,Icelanders,2015-01-01,0.0006963788300835655,0.0,0.0
3,Icelanders,2015-02-01,0.0027311744049941474,0.0003901677721420211,0.0015606710885680843
3,Icelanders,2015-03-01,0.0006047777441790142,0.0,0.0
3,Icelanders,2015-04-01,0.0009070294784580499,0.00045351473922902497,0.00045351473922902497
3,Icelanders,2015-05-01,0.0018306636155606408,0.0004576659038901602,0.0018306636155606408
3,Icelanders,2015-06-01,0.0004786979415988511,0.0004786979415988511,0.0004786979415988511
3,Icelanders,2015-07-01,0.003305785123966942,0.001652892561983471,0.0022038567493112946
3,Icelanders,2015-08-01,0.0025680534155110425,0.0005136106831022085,0.002054442732408834
3,Icelanders,2015-09-01,0.0030663089306247606,0.0022997316979685703,0.0026830203142966655
3,Icelanders,2015-10-01,0.001366742596810934,0.00045558086560364467,0.001366742596810934
3,Icelanders,2015-11-01,0.0028089887640449437,0.0008025682182985554,0.0016051364365971107
3,Icelanders,2015-12-01,0.0026690391459074734,0.00044483985765124553,0.0017793594306049821
3,Icelanders,2016-01-01,0.001261564339781329,0.00042052144659377626,0.00042052144659377626
3,Icelanders,2016-02-01,0.002751031636863824,0.0009170105456212746,0.002751031636863824
3,Icelanders,2016-03-01,0.002564102564102564,0.00042735042735042735,0.0017094017094017094
3,Icelanders,2016-04-01,0.001228878648233487,0.0,0.001228878648233487
3,Icelanders,2016-05-01,0.00038153376573826786,0.0,0.00038153376573826786
3,Icelanders,2016-06-01,0.002720348204570185,0.001088139281828074,0.002720348204570185
3,Icelanders,2016-07-01,0.0018315018315018315,0.0006105006105006105,0.0018315018315018315
3,Icelanders,2016-08-01,0.0019333011116481392,0.0004833252779120348,0.0014499758337361043
3,Icelanders,2016-09-01,0.0027998133457769483,0.0018665422305179655,0.0027998133457769483
3,Icelanders,2016-10-01,0.0021767522855899,0.0,0.0008707009142359599
3,Icelanders,2016-11-01,0.0,0.0,0.0
3,Icelanders,2016-12-01,0.0029484029484029483,0.0019656019656019656,0.002457002457002457
3,Icelanders,2017-01-01,0.0012964563526361278,0.0,0.0
3,Icelanders,2017-02-01,0.002359882005899705,0.0005899705014749262,0.0017699115044247787
3,Icelanders,2017-03-01,0.0012476606363069245,0.0,0.0006238303181534623
3,Icelanders,2017-04-01,0.003878975950349108,0.0007757951900698216,0.003878975950349108
3,Icelanders,2017-05-01,0.001142204454597373,0.0,0.001142204454597373
3,Icelanders,2017-06-01,0.0018148820326678765,0.0,0.0012099213551119178
3,Icelanders,2017-07-01,0.002890173410404624,0.0,0.002890173410404624
3,Icelanders,2017-08-01,0.0021130480718436345,0.0005282620179609086,0.001584786053882726
3,Icelanders,2017-09-01,0.004810261892036344,0.0010689470871191875,0.0037413148049171567
3,Icelanders,2017-10-01,0.0013049151805132667,0.0,0.00043497172683775554
3,Icelanders,2017-11-01,0.0012062726176115801,0.0,0.0012062726176115801
3,Icelanders,2017-12-01,0.002173913043478261,0.0,0.0007246376811594203
3,Icelanders,2018-01-01,0.0007692307692307692,0.0007692307692307692,0.0007692307692307692
3,Icelanders,2018-02-01,0.0027567195037904893,0.0,0.0027567195037904893
3,Icelanders,2018-03-01,0.0018552875695732839,0.0012368583797155227,0.0018552875695732839
3,Icelanders,2018-04-01,0.0027829313543599257,0.0009276437847866419,0.0018552875695732839
3,Icelanders,2018-05-01,0.0,0.0,0.0
3,Icelanders,2018-06-01,0.0037313432835820895,0.0,0.002798507462686567
3,Icelanders,2018-07-01,0.0007530120481927711,0.0,0.0007530120481927711
3,Icelanders,2018-08-01,0.0030511060259344014,0.0,0.0015255530129672007
3,Icelanders,2018-09-01,0.0037926675094816687,0.0006321112515802782,0.0037926675094816687
3,Icelanders,2018-10-01,0.002250562640660165,0.0007501875468867217,0.0015003750937734434
3,Icelanders,2018-11-01,0.002183406113537118,0.0,0.001455604075691412
3,Icelanders,2018-12-01,0.0012484394506866417,0.0006242197253433209,0.0012484394506866417
3,Icelanders,2019-01-01,0.0011383039271485487,0.0,0.0011383039271485487
3,Icelanders,2019-02-01,0.0,0.0,0.0
3,Icelanders,2019-03-01,0.0006176652254478073,0.0,0.0
3,Icelanders,2019-04-01,0.0011061946902654867,0.0,0.0011061946902654867
3,Icelanders,2019-05-01,0.0028708133971291866,0.0,0.0014354066985645933
3,Icelanders,2019-06-01,0.0017482517482517483,0.0,0.0
3,Icelanders,2019-07-01,0.002749770852428964,0.0009165902841429881,0.0009165902841429881
3,Icelanders,2019-08-01,0.00322061191626409,0.0,0.0024154589371980675
3,Icelanders,2019-09-01,0.0034482758620689655,0.0,0.002586206896551724
3,Icelanders,2019-10-01,0.002898550724637681,0.000966183574879227,0.002898550724637681
3,Icelanders,2019-11-01,0.0034873583260680036,0.0008718395815170009,0.0017436791630340018
3,Icelanders,2019-12-01,0.0008756567425569177,0.0,0.0008756567425569177
3,Icelanders,2020-01-01,0.004374453193350831,0.0008748906386701663,0.0017497812773403325
3,Icelanders,2020-02-01,0.008298755186721992,0.0031120331950207467,0.007261410788381743
3,Icelanders,2020-03-01,0.0031113876789047915,0.0,0.001866832607342875
3,Icelanders,2020-04-01,0.002413515687851971,0.0008045052292839903,0.002413515687851971
3,Icelanders,2020-05-01,0.004780114722753346,0.0009560229445506692,0.0038240917782026767
3,Icelanders,2020-06-01,0.004180602006688963,0.0008361204013377926,0.004180602006688963
3,Icelanders,2020-07-01,0.0023148148148148147,0.0,0.0007716049382716049
3,Icelanders,2020-08-01,0.0006016847172081829,0.0,0.0006016847172081829
3,Icelanders,2020-09-01,0.0012515644555694619,0.0,0.0012515644555694619
3,Icelanders,2020-10-01,0.0,0.0,0.0
3,Icelanders,2020-11-01,0.00132890365448505,0.0,0.00132890365448505
3,Icelanders,2020-12-01,0.0006849315068493151,0.0,0.0
3,Icelanders,2021-01-01,0.0015723270440251573,0.0,0.0007861635220125787
3,Icelanders,2021-02-01,0.0017699115044247787,0.0008849557522123894,0.0017699115044247787
3,Icelanders,2021-03-01,0.0008130081300813008,0.0,0.0
3,Icelanders,2021-04-01,0.001379310344827586,0.0,0.000689655172413793
3,Icelanders,2021-05-01,0.0032025620496397116,0.0008006405124099279,0.0032025620496397116
3,Icelanders,2021-06-01,0.0,0.0,0.0
3,Icelanders,2021-07-01,0.0008410428931875525,0.0008410428931875525,0.0008410428931875525
3,Icelanders,2021-08-01,0.0008771929824561404,0.0,0.0008771929824561404
3,Icelanders,2021-09-01,0.0014114326040931546,0.0,0.0007057163020465773
3,Icelanders,2021-10-01,0.0020491803278688526,0.0,0.0020491803278688526
3,Icelanders,2021-11-01,0.003179650238473768,0.0,0.001589825119236884
3,Icelanders,2021-12-01,0.00211864406779661,0.0,0.0014124293785310734
3,Icelanders,2022-01-01,0.0,0.0,0.0
3,Icelanders,2022-02-01,0.001177856301531213,0.001177856301531213,0.001177856301531213
3,Icelanders,2022-03-01,0.0009746588693957114,0.0,0.0009746588693957114
3,Icelanders,2022-04-01,0.0022471910112359553,0.0,0.0011235955056179776
3,Icelanders,2022-05-01,0.0,0.0,0.0
3,Icelanders,2022-06-01,0.0014204545454545455,0.0,0.0014204545454545455
3,Icelanders,2022-07-01,0.0030211480362537764,0.0,0.0
3,Icelanders,2022-08-01,0.0,0.0,0.0
3,Icelanders,2022-09-01,0.001272264631043257,0.0,0.001272264631043257
3,Icelanders,2022-10-01,0.0,0.0,0.0
3,Icelanders,2022-11-01,0.002484472049689441,0.0012422360248447205,0.0012422360248447205
3,Icelanders,2022-12-01,0.0013717421124828531,0.0,0.0
3,Icelanders,2023-01-01,0.0020833333333333333,0.0010416666666666667,0.0020833333333333333
3,Icelanders,2023-02-01,0.0010050251256281408,0.0,0.0010050251256281408
3,Icelanders,2023-03-01,0.004037685060565276,0.0,0.0013458950201884253
3,Icelanders,2023-04-01,0.004987531172069825,0.0,0.004987531172069825
3,Icelanders,2023-05-01,0.00461361014994233,0.0011534025374855825,0.0034602076124567475
3,Icelanders,2023-06-01,0.0037313432835820895,0.0,0.0024875621890547263
3,Icelanders,2023-07-01,0.0,0.0,0.0
3,Icelanders,2023-08-01,0.0,0.0,0.0
3,Icelanders,2023-09-01,0.002849002849002849,0.0,0.002849002849002849
3,Icelanders,2023-10-01,0.004689331770222743,0.0011723329425556857,0.0035169988276670576
3,Icelanders,2023-11-01,0.003870967741935484,0.0012903225806451613,0.003870967741935484
3,Icelanders,2023-12-01,0.00510204081632653,0.0012755102040816326,0.003826530612244898
3,Icelanders,2024-01-01,0.0027662517289073307,0.0013831258644536654,0.0027662517289073307
3,Icelanders,2024-02-01,0.0,0.0,0.0
3,Icelanders,2024-03-01,0.006934812760055479,0.0027739251040221915,0.005547850208044383
3,Icelanders,2024-04-01,0.005249343832020997,0.0,0.003937007874015748
3,Icelanders,2024-05-01,0.003372681281618887,0.003372681281618887,0.003372681281618887
3,Icelanders,2024-06-01,0.01694915254237288,0.01694915254237288,0.01694915254237288
3,Nationalities (other),2008-01-01,0.0005122513446597797,0.00017075044821992656,0.0005122513446597797
3,Nationalities (other),2008-02-01,0.0013886478042006596,0.0006075334143377885,0.0009546953653879535
3,Nationalities (other),2008-03-01,0.0014965081476554707,0.0004988360492184902,0.0009976720984369804
3,Nationalities (other),2008-04-01,0.0003081664098613251,0.0,0.00015408320493066256
3,Nationalities (other),2008-05-01,0.0005753267033779897,8.218952905399852e-05,0.0004931371743239912
3,Nationalities (other),2008-06-01,0.0024120975971797013,0.00046386492253455794,0.0014843677521105853
3,Nationalities (other),2008-07-01,0.0011088523378303455,0.0002772130844575864,0.0008316392533727592
3,Nationalities (other),2008-08-01,0.0007380679022470067,8.200754469411185e-05,0.0006560603575528948
3,Nationalities (other),2008-09-01,0.0009463179628355127,0.00034411562284927734,0.0008602890571231934
3,Nationalities (other),2008-10-01,0.0013507429085997298,0.00022512381809995497,0.0009004952723998199
3,Nationalities (other),2008-11-01,0.0014340344168260039,0.00031867431485022306,0.0009560229445506692
3,Nationalities (other),2008-12-01,0.0012164393083673648,0.00017377704405248067,0.0009557737422886437
3,Nationalities (other),2009-01-01,0.00110655470936666,0.00013018290698431297,0.0005207316279372519
3,Nationalities (other),2009-02-01,0.0013212533031332577,0.00037750094375235937,0.0008493771234428086
3,Nationalities (other),2009-03-01,0.0012444001991040318,0.0003318400530944085,0.0011614401858304297
3,Nationalities (other),2009-04-01,0.0007985944737262418,0.00031943778949049674,0.0006388755789809935
3,Nationalities (other),2009-05-01,0.0015105740181268882,0.00010070493454179255,0.0005035246727089627
3,Nationalities (other),2009-06-01,0.0011330160888284614,0.0,0.0007931112621799229
3,Nationalities (other),2009-07-01,0.0016976007243096423,0.00022634676324128565,0.0015844273426889996
3,Nationalities (other),2009-08-01,0.0015413070283600493,0.0005137690094533497,0.0008220304151253596
3,Nationalities (other),2009-09-01,0.0016283853273911552,0.0007713404182379157,0.0014569763455605073
3,Nationalities (other),2009-10-01,0.0010638297872340426,0.00019342359767891682,0.0007736943907156673
3,Nationalities (other),2009-11-01,0.0016181229773462784,0.0002311604253351826,0.001155802126675913
3,Nationalities (other),2009-12-01,0.0009508285791904374,0.0,0.0005433306166802499
3,Nationalities (other),2010-01-01,0.0019175455417066154,0.0003595397890699904,0.0016778523489932886
3,Nationalities (other),2010-02-01,0.002041457286432161,0.000157035175879397,0.0010992462311557789
3,Nationalities (other),2010-03-01,0.0014671361502347417,0.0,0.0005868544600938967
3,Nationalities (other),2010-04-01,0.001,0.0,0.0005714285714285715
3,Nationalities (other),2010-05-01,0.000759762953958365,0.0,0.000303905181583346
3,Nationalities (other),2010-06-01,0.0023700192564064583,0.0008887572211524219,0.0019256406458302473
3,Nationalities (other),2010-07-01,0.001510366607167376,0.0002746121103940684,0.0009611423863792394
3,Nationalities (other),2010-08-01,0.0017452006980802793,0.00011634671320535195,0.0006980802792321117
3,Nationalities (other),2010-09-01,0.0033470648815653965,0.0012873326467559218,0.002317198764160659
3,Nationalities (other),2010-10-01,0.002104432460870709,0.0007891621728265158,0.0014467973168486123
3,Nationalities (other),2010-11-01,0.0020972119417715274,0.0009869232667160128,0.0016037503084135208
3,Nationalities (other),2010-12-01,0.0028276779773785763,0.00033266799733865603,0.001829673985362608
3,Nationalities (other),2011-01-01,0.0018214936247723133,0.0004967709885742673,0.001324722636198046
3,Nationalities (other),2011-02-01,0.0020668274199104374,0.0003444712366517396,0.001550120564932828
3,Nationalities (other),2011-03-01,0.0024586133420750698,0.00032781511227667593,0.0016390755613833797
3,Nationalities (other),2011-04-01,0.0024067388688327317,0.00105294825511432,0.0019554753309265946
3,Nationalities (other),2011-05-01,0.005598320503848845,0.0006997900629811056,0.00437368789363191
3,Nationalities (other),2011-06-01,0.0048543689320388345,0.0006619593998234775,0.0028684907325684027
3,Nationalities (other),2011-07-01,0.0034460478139134183,0.0006461339651087659,0.0027999138488046522
3,Nationalities (other),2011-08-01,0.005151983513652756,0.002232526189249528,0.004121586810922205
3,Nationalities (other),2011-09-01,0.002702702702702703,0.00018018018018018018,0.001981981981981982
3,Nationalities (other),2011-10-01,0.002212039816716701,0.0004740085321535788,0.0015800284405119293
3,Nationalities (other),2011-11-01,0.004802478698683191,0.0012393493415956622,0.0038729666924864447
3,Nationalities (other),2011-12-01,0.0038797284190106693,0.0013579049466537342,0.002909796314258002
3,Nationalities (other),2012-01-01,0.002329192546583851,0.0007763975155279503,0.0017468944099378882
3,Nationalities (other),2012-02-01,0.005673460811094768,0.0010506408909434755,0.005043076276528682
3,Nationalities (other),2012-03-01,0.0019201228878648233,0.00019201228878648233,0.0017281105990783411
3,Nationalities (other),2012-04-01,0.0025778732545649837,0.0010741138560687433,0.0021482277121374865
3,Nationalities (other),2012-05-01,0.004949429739616957,0.002151925973746503,0.0036582741553690553
3,Nationalities (other),2012-06-01,0.0011473152822395595,0.0,0.0004589261128958238
3,Nationalities (other),2012-07-01,0.004148421295229315,0.0013828070984097719,0.0032265498962894676
3,Nationalities (other),2012-08-01,0.0022087244616234127,0.0005521811154058532,0.0013804527885146328
3,Nationalities (other),2012-09-01,0.003219871205151794,0.00022999080036798528,0.0022999080036798527
3,Nationalities (other),2012-10-01,0.0035236081747709656,0.0011745360582569885,0.002349072116513977
3,Nationalities (other),2012-11-01,0.003,0.00075,0.00175
3,Nationalities (other),2012-12-01,0.00338409475465313,0.0011280315848843769,0.0022560631697687537
3,Nationalities (other),2013-01-01,0.002051048313582498,0.00022789425706472196,0.0011394712853236098
3,Nationalities (other),2013-02-01,0.0010834236186348862,0.0,0.00027085590465872155
3,Nationalities (other),2013-03-01,0.002188183807439825,0.0,0.0016411378555798686
3,Nationalities (other),2013-04-01,0.0013462574044157242,0.0,0.0005385029617662897
3,Nationalities (other),2013-05-01,0.003418803418803419,0.0010256410256410256,0.0020512820512820513
3,Nationalities (other),2013-06-01,0.0007698229407236335,0.0,0.00038491147036181676
3,Nationalities (other),2013-07-01,0.0034638032559750607,0.00034638032559750607,0.0024246622791825423
3,Nationalities (other),2013-08-01,0.0030874785591766723,0.0006861063464837049,0.0017152658662092624
3,Nationalities (other),2013-09-01,0.0035688793718772305,0.00035688793718772306,0.0024982155603140615
3,Nationalities (other),2013-10-01,0.003013056578506863,0.0006695681285570807,0.002008704385671242
3,Nationalities (other),2013-11-01,0.005942555298778475,0.00231099372730274,0.004291845493562232
3,Nationalities (other),2013-12-01,0.0015255530129672007,0.0007627765064836003,0.0011441647597254005
3,Nationalities (other),2014-01-01,0.0026490066225165563,0.0,0.0013245033112582781
3,Nationalities (other),2014-02-01,0.003656307129798903,0.0007312614259597807,0.002559414990859232
3,Nationalities (other),2014-03-01,0.0018303843807199512,0.0006101281269066504,0.001525320317266626
3,Nationalities (other),2014-04-01,0.004398826979472141,0.0018328445747800588,0.0036656891495601175
3,Nationalities (other),2014-05-01,0.0041650889814464215,0.0015145778114350624,0.003029155622870125
3,Nationalities (other),2014-06-01,0.004391217564870259,0.0015968063872255488,0.003592814371257485
3,Nationalities (other),2014-07-01,0.006425431180250254,0.004058167061210686,0.00608725059181603
3,Nationalities (other),2014-08-01,0.00884053043182591,0.003740224413464808,0.007820469228153689
3,Nationalities (other),2014-09-01,0.005422993492407809,0.0025307302964569776,0.004338394793926247
3,Nationalities (other),2014-10-01,0.0027522935779816515,0.00045871559633027525,0.0027522935779816515
3,Nationalities (other),2014-11-01,0.0010771992818671453,0.0003590664272890485,0.0010771992818671453
3,Nationalities (other),2014-12-01,0.003227107704719645,0.0008067769261799112,0.002016942315449778
3,Nationalities (other),2015-01-01,0.004874651810584958,0.0017409470752089136,0.00383008356545961
3,Nationalities (other),2015-02-01,0.006632852126414358,0.0007803355442840422,0.0046820132657042525
3,Nationalities (other),2015-03-01,0.0021167221046265497,0.0006047777441790142,0.0015119443604475356
3,Nationalities (other),2015-04-01,0.004988662131519274,0.0027210884353741495,0.0036281179138321997
3,Nationalities (other),2015-05-01,0.0013729977116704805,0.0009153318077803204,0.0009153318077803204
3,Nationalities (other),2015-06-01,0.004786979415988511,0.0004786979415988511,0.00430828147438966
3,Nationalities (other),2015-07-01,0.007713498622589532,0.0027548209366391185,0.005509641873278237
3,Nationalities (other),2015-08-01,0.005649717514124294,0.002054442732408834,0.004622496147919877
3,Nationalities (other),2015-09-01,0.008049060942889995,0.0030663089306247606,0.007282483710233806
3,Nationalities (other),2015-10-01,0.005466970387243736,0.002277904328018223,0.0036446469248291574
3,Nationalities (other),2015-11-01,0.006821829855537721,0.0020064205457463883,0.0056179775280898875
3,Nationalities (other),2015-12-01,0.005338078291814947,0.0013345195729537367,0.00400355871886121
3,Nationalities (other),2016-01-01,0.0054667788057190915,0.0021026072329688814,0.004205214465937763
3,Nationalities (other),2016-02-01,0.0009170105456212746,0.0,0.0009170105456212746
3,Nationalities (other),2016-03-01,0.003418803418803419,0.002136752136752137,0.002136752136752137
3,Nationalities (other),2016-04-01,0.0009216589861751152,0.0,0.0006144393241167435
3,Nationalities (other),2016-05-01,0.0015261350629530714,0.0007630675314765357,0.0007630675314765357
3,Nationalities (other),2016-06-01,0.001632208922742111,0.0,0.001088139281828074
3,Nationalities (other),2016-07-01,0.0030525030525030525,0.0018315018315018315,0.0018315018315018315
3,Nationalities (other),2016-08-01,0.0019333011116481392,0.0014499758337361043,0.0014499758337361043
3,Nationalities (other),2016-09-01,0.0027998133457769483,0.0009332711152589828,0.0027998133457769483
3,Nationalities (other),2016-10-01,0.0034828036569438396,0.0008707009142359599,0.00261210274270788
3,Nationalities (other),2016-11-01,0.0026749888542131075,0.00044583147570218456,0.002229157378510923
3,Nationalities (other),2016-12-01,0.0063882063882063885,0.004422604422604423,0.005405405405405406
3,Nationalities (other),2017-01-01,0.005185825410544511,0.00216076058772688,0.003457216940363008
3,Nationalities (other),2017-02-01,0.011209439528023599,0.004129793510324484,0.010029498525073746
3,Nationalities (other),2017-03-01,0.006238303181534623,0.004990642545227698,0.0056144728633811605
3,Nationalities (other),2017-04-01,0.01008533747090768,0.005430566330488751,0.007757951900698216
3,Nationalities (other),2017-05-01,0.0074243289548829245,0.003997715591090805,0.006282124500285551
3,Nationalities (other),2017-06-01,0.012704174228675136,0.009074410163339383,0.011494252873563218
3,Nationalities (other),2017-07-01,0.011560693641618497,0.005780346820809248,0.00939306358381503
3,Nationalities (other),2017-08-01,0.009508716323296355,0.0036978341257263604,0.006867406233491812
3,Nationalities (other),2017-09-01,0.004810261892036344,0.0016034206306787815,0.003206841261357563
3,Nationalities (other),2017-10-01,0.0017398869073510222,0.0,0.00043497172683775554
3,Nationalities (other),2017-11-01,0.004221954161640531,0.0012062726176115801,0.0030156815440289505
3,Nationalities (other),2017-12-01,0.004347826086956522,0.0036231884057971015,0.004347826086956522
3,Nationalities (other),2018-01-01,0.009230769230769232,0.005384615384615384,0.009230769230769232
3,Nationalities (other),2018-02-01,0.005513439007580979,0.002067539627842867,0.0034458993797381117
3,Nationalities (other),2018-03-01,0.0055658627087198514,0.0024737167594310453,0.0037105751391465678
3,Nationalities (other),2018-04-01,0.0074211502782931356,0.0,0.0037105751391465678
3,Nationalities (other),2018-05-01,0.013610888710968775,0.004803843074459567,0.01200960768614892
3,Nationalities (other),2018-06-01,0.012126865671641791,0.002798507462686567,0.008395522388059701
3,Nationalities (other),2018-07-01,0.01430722891566265,0.005271084337349397,0.010542168674698794
3,Nationalities (other),2018-08-01,0.015255530129672006,0.006102212051868803,0.012967200610221205
3,Nationalities (other),2018-09-01,0.0050568900126422255,0.0006321112515802782,0.0037926675094816687
3,Nationalities (other),2018-10-01,0.0037509377344336083,0.0007501875468867217,0.0015003750937734434
3,Nationalities (other),2018-11-01,0.004366812227074236,0.001455604075691412,0.004366812227074236
3,Nationalities (other),2018-12-01,0.003121098626716604,0.0006242197253433209,0.003121098626716604
3,Nationalities (other),2019-01-01,0.007398975526465566,0.001707455890722823,0.005691519635742743
3,Nationalities (other),2019-02-01,0.00558659217877095,0.002793296089385475,0.004189944134078212
3,Nationalities (other),2019-03-01,0.0012353304508956147,0.0006176652254478073,0.0006176652254478073
3,Nationalities (other),2019-04-01,0.0027654867256637168,0.0005530973451327434,0.0022123893805309734
3,Nationalities (other),2019-05-01,0.005741626794258373,0.0014354066985645933,0.003827751196172249
3,Nationalities (other),2019-06-01,0.0017482517482517483,0.0,0.0008741258741258741
3,Nationalities (other),2019-07-01,0.0036663611365719525,0.0018331805682859762,0.0018331805682859762
3,Nationalities (other),2019-08-01,0.005636070853462158,0.0008051529790660225,0.004025764895330112
3,Nationalities (other),2019-09-01,0.0034482758620689655,0.0008620689655172414,0.002586206896551724
3,Nationalities (other),2019-10-01,0.004830917874396135,0.0,0.003864734299516908
3,Nationalities (other),2019-11-01,0.0052310374891020054,0.0017436791630340018,0.004359197907585004
3,Nationalities (other),2019-12-01,0.002626970227670753,0.0,0.0008756567425569177
3,Nationalities (other),2020-01-01,0.012248468941382326,0.003499562554680665,0.009623797025371828
3,Nationalities (other),2020-02-01,0.01970954356846473,0.007261410788381743,0.012448132780082987
3,Nationalities (other),2020-03-01,0.01804604853764779,0.0074673304293715,0.01120099564405725
3,Nationalities (other),2020-04-01,0.01850362027353178,0.006436041834271922,0.014481094127111826
3,Nationalities (other),2020-05-01,0.014340344168260038,0.0028680688336520078,0.0124282982791587
3,Nationalities (other),2020-06-01,0.005016722408026756,0.0008361204013377926,0.0033444816053511705
3,Nationalities (other),2020-07-01,0.011574074074074073,0.004629629629629629,0.010030864197530864
3,Nationalities (other),2020-08-01,0.0030084235860409147,0.0012033694344163659,0.0018050541516245488
3,Nationalities (other),2020-09-01,0.006257822277847309,0.0031289111389236545,0.004380475594493116
3,Nationalities (other),2020-10-01,0.005341880341880342,0.0005341880341880342,0.0037393162393162395
3,Nationalities (other),2020-11-01,0.0033222591362126247,0.000664451827242525,0.0026578073089701
3,Nationalities (other),2020-12-01,0.003424657534246575,0.0013698630136986301,0.002054794520547945
3,Nationalities (other),2021-01-01,0.006289308176100629,0.0015723270440251573,0.0047169811320754715
3,Nationalities (other),2021-02-01,0.005309734513274336,0.0017699115044247787,0.004424778761061947
3,Nationalities (other),2021-03-01,0.0040650406504065045,0.0,0.0008130081300813008
3,Nationalities (other),2021-04-01,0.0020689655172413794,0.0,0.001379310344827586
3,Nationalities (other),2021-05-01,0.005604483586869495,0.0040032025620496394,0.004803843074459567
3,Nationalities (other),2021-06-01,0.003755868544600939,0.0,0.0028169014084507044
3,Nationalities (other),2021-07-01,0.001682085786375105,0.0,0.0
3,Nationalities (other),2021-08-01,0.0061403508771929825,0.0008771929824561404,0.0035087719298245615
3,Nationalities (other),2021-09-01,0.0028228652081863093,0.0007057163020465773,0.002117148906139732
3,Nationalities (other),2021-10-01,0.001366120218579235,0.0006830601092896175,0.001366120218579235
3,Nationalities (other),2021-11-01,0.0047694753577106515,0.000794912559618442,0.00397456279809221
3,Nationalities (other),2021-12-01,0.0014124293785310734,0.0,0.0007062146892655367
3,Nationalities (other),2022-01-01,0.0031323414252153485,0.0023492560689115116,0.0031323414252153485
3,Nationalities (other),2022-02-01,0.0035335689045936395,0.002355712603062426,0.0035335689045936395
3,Nationalities (other),2022-03-01,0.004873294346978557,0.003898635477582846,0.004873294346978557
3,Nationalities (other),2022-04-01,0.006741573033707865,0.0011235955056179776,0.0056179775280898875
3,Nationalities (other),2022-05-01,0.001321003963011889,0.001321003963011889,0.001321003963011889
3,Nationalities (other),2022-06-01,0.004261363636363636,0.0014204545454545455,0.002840909090909091
3,Nationalities (other),2022-07-01,0.0015105740181268882,0.0015105740181268882,0.0015105740181268882
3,Nationalities (other),2022-08-01,0.0013422818791946308,0.0,0.0013422818791946308
3,Nationalities (other),2022-09-01,0.005089058524173028,0.001272264631043257,0.003816793893129771
3,Nationalities (other),2022-10-01,0.008253094910591471,0.0041265474552957355,0.0068775790921595595
3,Nationalities (other),2022-11-01,0.002484472049689441,0.002484472049689441,0.002484472049689441
3,Nationalities (other),2022-12-01,0.0027434842249657062,0.0013717421124828531,0.0027434842249657062
3,Nationalities (other),2023-01-01,0.003125,0.0,0.0010416666666666667
3,Nationalities (other),2023-02-01,0.003015075376884422,0.0,0.0020100502512562816
3,Nationalities (other),2023-03-01,0.0026917900403768506,0.0,0.0
3,Nationalities (other),2023-04-01,0.0024937655860349127,0.0012468827930174563,0.0024937655860349127
3,Nationalities (other),2023-05-01,0.0034602076124567475,0.0,0.0034602076124567475
3,Nationalities (other),2023-06-01,0.0037313432835820895,0.0,0.0024875621890547263
3,Nationalities (other),2023-07-01,0.0027397260273972603,0.0027397260273972603,0.0027397260273972603
3,Nationalities (other),2023-08-01,0.004477611940298508,0.0014925373134328358,0.004477611940298508
3,Nationalities (other),2023-09-01,0.0014245014245014246,0.0,0.0
3,Nationalities (other),2023-10-01,0.0035169988276670576,0.0023446658851113715,0.0035169988276670576
3,Nationalities (other),2023-11-01,0.0012903225806451613,0.0012903225806451613,0.0012903225806451613
3,Nationalities (other),2023-12-01,0.0012755102040816326,0.0,0.0
3,Nationalities (other),2024-01-01,0.0027662517289073307,0.0013831258644536654,0.0013831258644536654
3,Nationalities (other),2024-02-01,0.005681818181818182,0.002840909090909091,0.004261363636363636
3,Nationalities (other),2024-03-01,0.004160887656033287,0.0027739251040221915,0.004160887656033287
3,Nationalities (other),2024-04-01,0.0013123359580052493,0.0013123359580052493,0.0013123359580052493
3,Nationalities (other),2024-05-01,0.0016863406408094434,0.0,0.0
3,Nationalities (other),2024-06-01,0.0,0.0,0.0
3,Ethnicities,2008-01-01,0.0017075044821992659,0.0006830017928797063,0.0012806283616494493
3,Ethnicities,2008-02-01,0.001909390730775907,0.0009546953653879535,0.001562228779725742
3,Ethnicities,2008-03-01,0.0005819753907549052,0.0003325573661456601,0.0005819753907549052
3,Ethnicities,2008-04-01,0.0009244992295839754,0.0006933744221879815,0.0007704160246533128
3,Ethnicities,2008-05-01,0.0024656858716199555,0.0018081696391879674,0.00221911728445796
3,Ethnicities,2008-06-01,0.002041005659152055,0.0006494108915483811,0.0012988217830967623
3,Ethnicities,2008-07-01,0.0024949177601182775,0.002032895952688967,0.002217704675660691
3,Ethnicities,2008-08-01,0.0009840905363293422,0.0001640150893882237,0.0007380679022470067
3,Ethnicities,2008-09-01,0.0009463179628355127,0.00034411562284927734,0.0008602890571231934
3,Ethnicities,2008-10-01,0.00030016509079993996,0.00015008254539996998,0.00022512381809995497
3,Ethnicities,2008-11-01,0.0004780114722753346,0.00031867431485022306,0.0004780114722753346
3,Ethnicities,2008-12-01,0.0008688852202624034,0.00034755408810496134,0.0006951081762099227
3,Ethnicities,2009-01-01,0.0017574692442882249,0.0009763718023823472,0.001497103430319599
3,Ethnicities,2009-02-01,0.00037750094375235937,0.00037750094375235937,0.00037750094375235937
3,Ethnicities,2009-03-01,0.00041480006636801064,0.0003318400530944085,0.0003318400530944085
3,Ethnicities,2009-04-01,0.0007187350263536176,0.0003992972368631209,0.0005590161316083692
3,Ethnicities,2009-05-01,0.0004028197381671702,0.00010070493454179255,0.0002014098690835851
3,Ethnicities,2009-06-01,0.00022660321776569228,0.00011330160888284614,0.00011330160888284614
3,Ethnicities,2009-07-01,0.0007922136713444998,0.0004526935264825713,0.0007922136713444998
3,Ethnicities,2009-08-01,0.00030826140567200987,0.00010275380189066995,0.00030826140567200987
3,Ethnicities,2009-09-01,0.0012855673637298594,0.0008570449091532396,0.0010284538909838875
3,Ethnicities,2009-10-01,0.00048355899419729207,0.0002901353965183752,0.00048355899419729207
3,Ethnicities,2009-11-01,0.0012713823393435044,0.0005779010633379565,0.001155802126675913
3,Ethnicities,2009-12-01,0.00027166530834012495,0.0,0.00013583265417006248
3,Ethnicities,2010-01-01,0.0011984659635666348,0.0005992329817833174,0.0010786193672099713
3,Ethnicities,2010-02-01,0.000314070351758794,0.0,0.000314070351758794
3,Ethnicities,2010-03-01,0.00014671361502347418,0.0,0.00014671361502347418
3,Ethnicities,2010-04-01,0.0,0.0,0.0
3,Ethnicities,2010-05-01,0.000303905181583346,0.000151952590791673,0.000303905181583346
3,Ethnicities,2010-06-01,0.0011850096282032291,0.0005925048141016146,0.0007406310176270182
3,Ethnicities,2010-07-01,0.0005492242207881368,0.00041191816559110257,0.00041191816559110257
3,Ethnicities,2010-08-01,0.00034904013961605586,0.0002326934264107039,0.00034904013961605586
3,Ethnicities,2010-09-01,0.0016735324407826982,0.0009011328527291452,0.0011585993820803296
3,Ethnicities,2010-10-01,0.00026305405760883863,0.00026305405760883863,0.00026305405760883863
3,Ethnicities,2010-11-01,0.0003700962250185048,0.0002467308166790032,0.0003700962250185048
3,Ethnicities,2010-12-01,0.0006653359946773121,0.00016633399866932801,0.000499001996007984
3,Ethnicities,2011-01-01,0.0009935419771485345,0.0004967709885742673,0.0009935419771485345
3,Ethnicities,2011-02-01,0.0020668274199104374,0.000861178091629349,0.001722356183258698
3,Ethnicities,2011-03-01,0.000491722668415014,0.00016390755613833797,0.000491722668415014
3,Ethnicities,2011-04-01,0.0007521058965102287,0.0006016847172081829,0.0007521058965102287
3,Ethnicities,2011-05-01,0.0006997900629811056,0.0005248425472358292,0.0006997900629811056
3,Ethnicities,2011-06-01,0.0006619593998234775,0.0002206531332744925,0.000441306266548985
3,Ethnicities,2011-07-01,0.002153779883695886,0.0015076459185871204,0.002153779883695886
3,Ethnicities,2011-08-01,0.00394985402713378,0.0015455950540958269,0.003262922891980079
3,Ethnicities,2011-09-01,0.0009009009009009009,0.0007207207207207207,0.0009009009009009009
3,Ethnicities,2011-10-01,0.0007900142202559646,0.0006320113762047717,0.0007900142202559646
3,Ethnicities,2011-11-01,0.0010844306738962044,0.00015491866769945777,0.0009295120061967467
3,Ethnicities,2011-12-01,0.002133850630455868,0.0015518913676042677,0.002133850630455868
3,Ethnicities,2012-01-01,0.001358695652173913,0.0009704968944099379,0.001358695652173913
3,Ethnicities,2012-02-01,0.0012607690691321706,0.0006303845345660853,0.0010506408909434755
3,Ethnicities,2012-03-01,0.000576036866359447,0.00019201228878648233,0.000576036866359447
3,Ethnicities,2012-04-01,0.00021482277121374866,0.00021482277121374866,0.00021482277121374866
3,Ethnicities,2012-05-01,0.001506348181622552,0.0006455777921239509,0.001506348181622552
3,Ethnicities,2012-06-01,0.0025240936209270305,0.0013767783386874712,0.002065167508031207
3,Ethnicities,2012-07-01,0.004839824844434202,0.0034570177460244295,0.003917953445494353
3,Ethnicities,2012-08-01,0.0002760905577029266,0.0,0.0002760905577029266
3,Ethnicities,2012-09-01,0.0009199632014719411,0.0009199632014719411,0.0009199632014719411
3,Ethnicities,2012-10-01,0.0007047216349541931,0.0007047216349541931,0.0007047216349541931
3,Ethnicities,2012-11-01,0.0035,0.00275,0.00325
3,Ethnicities,2012-12-01,0.0022560631697687537,0.0011280315848843769,0.0019740552735476595
3,Ethnicities,2013-01-01,0.0015952597994530538,0.0006836827711941659,0.0013673655423883319
3,Ethnicities,2013-02-01,0.0013542795232936078,0.0008125677139761647,0.0013542795232936078
3,Ethnicities,2013-03-01,0.0,0.0,0.0
3,Ethnicities,2013-04-01,0.00026925148088314486,0.0,0.0
3,Ethnicities,2013-05-01,0.0006837606837606838,0.0003418803418803419,0.0006837606837606838
3,Ethnicities,2013-06-01,0.00038491147036181676,0.00038491147036181676,0.00038491147036181676
3,Ethnicities,2013-07-01,0.0010391409767925182,0.0006927606511950121,0.0010391409767925182
3,Ethnicities,2013-08-01,0.0017152658662092624,0.0017152658662092624,0.0017152658662092624
3,Ethnicities,2013-09-01,0.0010706638115631692,0.0,0.00035688793718772306
3,Ethnicities,2013-10-01,0.009039169735520589,0.004017408771342484,0.006026113157013726
3,Ethnicities,2013-11-01,0.0019808517662594917,0.0009904258831297458,0.0019808517662594917
3,Ethnicities,2013-12-01,0.0007627765064836003,0.00038138825324180017,0.0007627765064836003
3,Ethnicities,2014-01-01,0.0013245033112582781,0.0009933774834437086,0.0013245033112582781
3,Ethnicities,2014-02-01,0.0010968921389396709,0.00036563071297989033,0.0007312614259597807
3,Ethnicities,2014-03-01,0.0006101281269066504,0.0003050640634533252,0.0006101281269066504
3,Ethnicities,2014-04-01,0.0021994134897360706,0.001466275659824047,0.0021994134897360706
3,Ethnicities,2014-05-01,0.0034078000757288905,0.0034078000757288905,0.0034078000757288905
3,Ethnicities,2014-06-01,0.005189620758483034,0.0027944111776447107,0.005189620758483034
3,Ethnicities,2014-07-01,0.007778153533987149,0.003043625295908015,0.006425431180250254
3,Ethnicities,2014-08-01,0.010200612036722203,0.007480448826929616,0.009520571234274057
3,Ethnicities,2014-09-01,0.0010845986984815619,0.0010845986984815619,0.0010845986984815619
3,Ethnicities,2014-10-01,0.0013761467889908258,0.0009174311926605505,0.0013761467889908258
3,Ethnicities,2014-11-01,0.002872531418312388,0.0017953321364452424,0.002872531418312388
3,Ethnicities,2014-12-01,0.0008067769261799112,0.0,0.0004033884630899556
3,Ethnicities,2015-01-01,0.002437325905292479,0.001392757660167131,0.0020891364902506965
3,Ethnicities,2015-02-01,0.0019508388607101053,0.0007803355442840422,0.0015606710885680843
3,Ethnicities,2015-03-01,0.0012095554883580285,0.0009071666162685213,0.0012095554883580285
3,Ethnicities,2015-04-01,0.0009070294784580499,0.0009070294784580499,0.0009070294784580499
3,Ethnicities,2015-05-01,0.0009153318077803204,0.0009153318077803204,0.0009153318077803204
3,Ethnicities,2015-06-01,0.0014360938247965534,0.0004786979415988511,0.0014360938247965534
3,Ethnicities,2015-07-01,0.006611570247933884,0.005509641873278237,0.006060606060606061
3,Ethnicities,2015-08-01,0.002054442732408834,0.0,0.001027221366204417
3,Ethnicities,2015-09-01,0.007665772326561901,0.005366040628593331,0.006899195093905711
3,Ethnicities,2015-10-01,0.005011389521640091,0.004555808656036446,0.004555808656036446
3,Ethnicities,2015-11-01,0.006821829855537721,0.004414125200642055,0.006420545746388443
3,Ethnicities,2015-12-01,0.005782918149466192,0.0035587188612099642,0.004893238434163701
3,Ethnicities,2016-01-01,0.002523128679562658,0.0021026072329688814,0.002523128679562658
3,Ethnicities,2016-02-01,0.0022925263640531865,0.0022925263640531865,0.0022925263640531865
3,Ethnicities,2016-03-01,0.003418803418803419,0.0029914529914529917,0.003418803418803419
3,Ethnicities,2016-04-01,0.0006144393241167435,0.00030721966205837174,0.00030721966205837174
3,Ethnicities,2016-05-01,0.0019076688286913392,0.0011446012972148034,0.0015261350629530714
3,Ethnicities,2016-06-01,0.002176278563656148,0.001632208922742111,0.002176278563656148
3,Ethnicities,2016-07-01,0.01098901098901099,0.009157509157509158,0.010378510378510378
3,Ethnicities,2016-08-01,0.0004833252779120348,0.0004833252779120348,0.0004833252779120348
3,Ethnicities,2016-09-01,0.0027998133457769483,0.0023331777881474567,0.0023331777881474567
3,Ethnicities,2016-10-01,0.00043535045711797995,0.00043535045711797995,0.00043535045711797995
3,Ethnicities,2016-11-01,0.004012483281319661,0.0026749888542131075,0.004012483281319661
3,Ethnicities,2016-12-01,0.010810810810810811,0.005896805896805897,0.009336609336609337
3,Ethnicities,2017-01-01,0.0025929127052722557,0.001728608470181504,0.0025929127052722557
3,Ethnicities,2017-02-01,0.00471976401179941,0.002359882005899705,0.00471976401179941
3,Ethnicities,2017-03-01,0.0018714909544603868,0.0012476606363069245,0.0012476606363069245
3,Ethnicities,2017-04-01,0.0069821567106283944,0.003878975950349108,0.0062063615205585725
3,Ethnicities,2017-05-01,0.003997715591090805,0.0034266133637921186,0.003997715591090805
3,Ethnicities,2017-06-01,0.008469449485783424,0.007864488808227465,0.007864488808227465
3,Ethnicities,2017-07-01,0.004335260115606936,0.002167630057803468,0.004335260115606936
3,Ethnicities,2017-08-01,0.00792393026941363,0.006339144215530904,0.00792393026941363
3,Ethnicities,2017-09-01,0.002672367717797969,0.0005344735435595938,0.0016034206306787815
3,Ethnicities,2017-10-01,0.005219660722053067,0.0017398869073510222,0.003044802087864289
3,Ethnicities,2017-11-01,0.0012062726176115801,0.0006031363088057901,0.0012062726176115801
3,Ethnicities,2017-12-01,0.013043478260869565,0.010144927536231883,0.013043478260869565
3,Ethnicities,2018-01-01,0.01,0.006923076923076923,0.009230769230769232
3,Ethnicities,2018-02-01,0.002067539627842867,0.0013783597518952446,0.002067539627842867
3,Ethnicities,2018-03-01,0.0037105751391465678,0.0030921459492888066,0.0037105751391465678
3,Ethnicities,2018-04-01,0.0,0.0,0.0
3,Ethnicities,2018-05-01,0.007205764611689352,0.0040032025620496394,0.004803843074459567
3,Ethnicities,2018-06-01,0.0018656716417910447,0.0009328358208955224,0.0009328358208955224
3,Ethnicities,2018-07-01,0.011295180722891566,0.009036144578313253,0.010542168674698794
3,Ethnicities,2018-08-01,0.009916094584286803,0.006864988558352402,0.007627765064836003
3,Ethnicities,2018-09-01,0.0006321112515802782,0.0006321112515802782,0.0006321112515802782
3,Ethnicities,2018-10-01,0.0015003750937734434,0.0015003750937734434,0.0015003750937734434
3,Ethnicities,2018-11-01,0.001455604075691412,0.000727802037845706,0.001455604075691412
3,Ethnicities,2018-12-01,0.0056179775280898875,0.003745318352059925,0.0056179775280898875
3,Ethnicities,2019-01-01,0.003414911781445646,0.0022766078542970974,0.003414911781445646
3,Ethnicities,2019-02-01,0.002793296089385475,0.0013966480446927375,0.0013966480446927375
3,Ethnicities,2019-03-01,0.0012353304508956147,0.0012353304508956147,0.0012353304508956147
3,Ethnicities,2019-04-01,0.00165929203539823,0.0005530973451327434,0.0005530973451327434
3,Ethnicities,2019-05-01,0.003827751196172249,0.0028708133971291866,0.0028708133971291866
3,Ethnicities,2019-06-01,0.005244755244755245,0.004370629370629371,0.005244755244755245
3,Ethnicities,2019-07-01,0.002749770852428964,0.0009165902841429881,0.0018331805682859762
3,Ethnicities,2019-08-01,0.0008051529790660225,0.0008051529790660225,0.0008051529790660225
3,Ethnicities,2019-09-01,0.0,0.0,0.0
3,Ethnicities,2019-10-01,0.007729468599033816,0.004830917874396135,0.00676328502415459
3,Ethnicities,2019-11-01,0.0034873583260680036,0.0017436791630340018,0.0026155187445510027
3,Ethnicities,2019-12-01,0.0,0.0,0.0
3,Ethnicities,2020-01-01,0.004374453193350831,0.0008748906386701663,0.004374453193350831
3,Ethnicities,2020-02-01,0.0031120331950207467,0.0,0.001037344398340249
3,Ethnicities,2020-03-01,0.0012445550715619166,0.0,0.0
3,Ethnicities,2020-04-01,0.0008045052292839903,0.0,0.0008045052292839903
3,Ethnicities,2020-05-01,0.0057361376673040155,0.004780114722753346,0.004780114722753346
3,Ethnicities,2020-06-01,0.028428093645484948,0.011705685618729096,0.024247491638795988
3,Ethnicities,2020-07-01,0.010030864197530864,0.0038580246913580245,0.006944444444444444
3,Ethnicities,2020-08-01,0.0018050541516245488,0.0018050541516245488,0.0018050541516245488
3,Ethnicities,2020-09-01,0.007509386733416771,0.004380475594493116,0.00688360450563204
3,Ethnicities,2020-10-01,0.0037393162393162395,0.002670940170940171,0.002670940170940171
3,Ethnicities,2020-11-01,0.0026578073089701,0.0,0.0026578073089701
3,Ethnicities,2020-12-01,0.0013698630136986301,0.0006849315068493151,0.0013698630136986301
3,Ethnicities,2021-01-01,0.0007861635220125787,0.0,0.0007861635220125787
3,Ethnicities,2021-02-01,0.0008849557522123894,0.0,0.0008849557522123894
3,Ethnicities,2021-03-01,0.0,0.0,0.0
3,Ethnicities,2021-04-01,0.000689655172413793,0.0,0.0
3,Ethnicities,2021-05-01,0.005604483586869495,0.0040032025620496394,0.005604483586869495
3,Ethnicities,2021-06-01,0.0,0.0,0.0
3,Ethnicities,2021-07-01,0.002523128679562658,0.0008410428931875525,0.002523128679562658
3,Ethnicities,2021-08-01,0.0008771929824561404,0.0008771929824561404,0.0008771929824561404
3,Ethnicities,2021-09-01,0.0,0.0,0.0
3,Ethnicities,2021-10-01,0.0006830601092896175,0.0006830601092896175,0.0006830601092896175
3,Ethnicities,2021-11-01,0.0,0.0,0.0
3,Ethnicities,2021-12-01,0.0014124293785310734,0.0,0.0014124293785310734
3,Ethnicities,2022-01-01,0.0015661707126076742,0.0007830853563038371,0.0007830853563038371
3,Ethnicities,2022-02-01,0.004711425206124852,0.001177856301531213,0.001177856301531213
3,Ethnicities,2022-03-01,0.0009746588693957114,0.0,0.0
3,Ethnicities,2022-04-01,0.0033707865168539327,0.0011235955056179776,0.0022471910112359553
3,Ethnicities,2022-05-01,0.0,0.0,0.0
3,Ethnicities,2022-06-01,0.0,0.0,0.0
3,Ethnicities,2022-07-01,0.0,0.0,0.0
3,Ethnicities,2022-08-01,0.0,0.0,0.0
3,Ethnicities,2022-09-01,0.0,0.0,0.0
3,Ethnicities,2022-10-01,0.0,0.0,0.0
3,Ethnicities,2022-11-01,0.002484472049689441,0.0,0.0
3,Ethnicities,2022-12-01,0.0013717421124828531,0.0013717421124828531,0.0013717421124828531
3,Ethnicities,2023-01-01,0.003125,0.003125,0.003125
3,Ethnicities,2023-02-01,0.0,0.0,0.0
3,Ethnicities,2023-03-01,0.005383580080753701,0.005383580080753701,0.005383580080753701
3,Ethnicities,2023-04-01,0.0012468827930174563,0.0,0.0
3,Ethnicities,2023-05-01,0.0034602076124567475,0.002306805074971165,0.0034602076124567475
3,Ethnicities,2023-06-01,0.0,0.0,0.0
3,Ethnicities,2023-07-01,0.0027397260273972603,0.0027397260273972603,0.0027397260273972603
3,Ethnicities,2023-08-01,0.0014925373134328358,0.0,0.0
3,Ethnicities,2023-09-01,0.004273504273504274,0.004273504273504274,0.004273504273504274
3,Ethnicities,2023-10-01,0.0023446658851113715,0.0,0.0023446658851113715
3,Ethnicities,2023-11-01,0.0012903225806451613,0.0,0.0012903225806451613
3,Ethnicities,2023-12-01,0.002551020408163265,0.0012755102040816326,0.002551020408163265
3,Ethnicities,2024-01-01,0.0027662517289073307,0.0027662517289073307,0.0027662517289073307
3,Ethnicities,2024-02-01,0.009943181818181818,0.009943181818181818,0.009943181818181818
3,Ethnicities,2024-03-01,0.005547850208044383,0.004160887656033287,0.004160887656033287
3,Ethnicities,2024-04-01,0.0013123359580052493,0.0013123359580052493,0.0013123359580052493
3,Ethnicities,2024-05-01,0.003372681281618887,0.0016863406408094434,0.003372681281618887
3,Ethnicities,2024-06-01,0.0,0.0,0.0
4,Islam,2008-01-01,0.0025612567232988987,0.0017075044821992659,0.0024758814991889355
4,Islam,2008-02-01,0.004599895851414685,0.003124457559451484,0.004165943412601979
4,Islam,2008-03-01,0.0075656800798137675,0.004988360492184902,0.007316262055204523
4,Islam,2008-04-01,0.002465331278890601,0.0018489984591679508,0.0023882896764252696
4,Islam,2008-05-01,0.005424508917563902,0.003041012574997945,0.005013561272293909
4,Islam,2008-06-01,0.010205028295760275,0.0052880601168939605,0.008998979497170424
4,Islam,2008-07-01,0.002679726483090002,0.002217704675660691,0.0024025133986324155
4,Islam,2008-08-01,0.0003280301787764474,0.0001640150893882237,0.0003280301787764474
4,Islam,2008-09-01,0.011527873365450792,0.007398485891259464,0.010667584308327599
4,Islam,2008-10-01,0.0009755365450998049,0.00045024763619990995,0.00075041272699985
4,Islam,2008-11-01,0.0009560229445506692,0.0005576800509878904,0.0007966857871255577
4,Islam,2008-12-01,0.0019984360066035278,0.001042662264314884,0.0019115474845772874
4,Islam,2009-01-01,0.0023432923257176333,0.0016923777907960685,0.002148017965241164
4,Islam,2009-02-01,0.0009437523593808985,0.0007550018875047187,0.0009437523593808985
4,Islam,2009-03-01,0.0009955201592832255,0.0009125601460096233,0.0009955201592832255
4,Islam,2009-04-01,0.002236064526433477,0.0013576106053346112,0.0019964861843156045
4,Islam,2009-05-01,0.0019133937562940584,0.0006042296072507553,0.0018126888217522659
4,Islam,2009-06-01,0.0010197144799456153,0.0006798096532970768,0.0010197144799456153
4,Islam,2009-07-01,0.0018107741059302852,0.0007922136713444998,0.0014712539610683567
4,Islam,2009-08-01,0.0006165228113440197,0.0005137690094533497,0.0006165228113440197
4,Islam,2009-09-01,0.004370929036681522,0.002056907781967775,0.0038567020911895785
4,Islam,2009-10-01,0.005899419729206963,0.0016441005802707931,0.005609284332688588
4,Islam,2009-11-01,0.0017337031900138697,0.0010402219140083217,0.0016181229773462784
4,Islam,2009-12-01,0.007334963325183374,0.004889975550122249,0.007334963325183374
4,Islam,2010-01-01,0.0007190795781399808,0.0007190795781399808,0.0007190795781399808
4,Islam,2010-02-01,0.0010992462311557789,0.000785175879396985,0.0009422110552763819
4,Islam,2010-03-01,0.00029342723004694836,0.00014671361502347418,0.00029342723004694836
4,Islam,2010-04-01,0.001,0.0007142857142857143,0.0008571428571428571
4,Islam,2010-05-01,0.0044066251329585165,0.001367573317125057,0.004102719951375171
4,Islam,2010-06-01,0.005332543326914531,0.004443786105762109,0.005184417123389127
4,Islam,2010-07-01,0.0019222847727584787,0.001373060551970342,0.001510366607167376
4,Islam,2010-08-01,0.0038394415357766143,0.002792321116928447,0.0036067481093659103
4,Islam,2010-09-01,0.0038619979402677654,0.0025746652935118436,0.0032183316168898045
4,Islam,2010-10-01,0.003419702748914902,0.0014467973168486123,0.002499013547283967
4,Islam,2010-11-01,0.0019738465334320256,0.0014803849000740192,0.0019738465334320256
4,Islam,2010-12-01,0.000499001996007984,0.000499001996007984,0.000499001996007984
4,Islam,2011-01-01,0.003974167908594138,0.0024838549428713363,0.0036429872495446266
4,Islam,2011-02-01,0.0029280055115397862,0.002411298656562177,0.0029280055115397862
4,Islam,2011-03-01,0.0018029831175217178,0.0011473528929683658,0.0016390755613833797
4,Islam,2011-04-01,0.002707581227436823,0.00210589651022864,0.0024067388688327317
4,Islam,2011-05-01,0.005598320503848845,0.003848845346396081,0.005248425472358292
4,Islam,2011-06-01,0.0015445719329214476,0.0006619593998234775,0.001323918799646955
4,Islam,2011-07-01,0.007538229592935602,0.005169071720870127,0.006676717639457247
4,Islam,2011-08-01,0.0037781212433453545,0.0030911901081916537,0.0036063884595569293
4,Islam,2011-09-01,0.006846846846846847,0.0045045045045045045,0.005765765765765766
4,Islam,2011-10-01,0.0011060199083583505,0.0009480170643071576,0.0009480170643071576
4,Islam,2011-11-01,0.003563129357087529,0.002168861347792409,0.0034082106893880714
4,Islam,2011-12-01,0.002909796314258002,0.0023278370514064014,0.002521823472356935
4,Islam,2012-01-01,0.00038819875776397513,0.00038819875776397513,0.00038819875776397513
4,Islam,2012-02-01,0.0031519226728304265,0.002521538138264341,0.0031519226728304265
4,Islam,2012-03-01,0.0017281105990783411,0.00038402457757296467,0.0017281105990783411
4,Islam,2012-04-01,0.0006444683136412459,0.0,0.0004296455424274973
4,Islam,2012-05-01,0.0071013557133634605,0.004303851947493006,0.006025392726490208
4,Islam,2012-06-01,0.002294630564479119,0.0009178522257916476,0.0016062413951353832
4,Islam,2012-07-01,0.010371053238073288,0.00806637474072367,0.009910117538603365
4,Islam,2012-08-01,0.0013804527885146328,0.0,0.0008282716731087797
4,Islam,2012-09-01,0.014489420423183073,0.011039558417663294,0.013569457221711132
4,Islam,2012-10-01,0.003993422598073761,0.00305379375146817,0.0035236081747709656
4,Islam,2012-11-01,0.00775,0.00575,0.00775
4,Islam,2012-12-01,0.004794134235758601,0.00338409475465313,0.004230118443316413
4,Islam,2013-01-01,0.0038742023701002735,0.0034184138559708297,0.0034184138559708297
4,Islam,2013-02-01,0.0010834236186348862,0.0008125677139761647,0.0010834236186348862
4,Islam,2013-03-01,0.0010940919037199124,0.0010940919037199124,0.0010940919037199124
4,Islam,2013-04-01,0.003769520732364028,0.0032310177705977385,0.0032310177705977385
4,Islam,2013-05-01,0.0013675213675213675,0.0010256410256410256,0.0013675213675213675
4,Islam,2013-06-01,0.0,0.0,0.0
4,Islam,2013-07-01,0.03082784897817804,0.02390024246622792,0.029442327675788017
4,Islam,2013-08-01,0.013379073756432247,0.010634648370497428,0.011320754716981131
4,Islam,2013-09-01,0.014632405424696645,0.009992862241256246,0.013561741613133477
4,Islam,2013-10-01,0.011047874121191832,0.006695681285570807,0.009708737864077669
4,Islam,2013-11-01,0.005612413337735226,0.00462198745460548,0.005282271376691978
4,Islam,2013-12-01,0.012585812356979404,0.012585812356979404,0.012204424103737605
4,Islam,2014-01-01,0.005960264900662252,0.003642384105960265,0.005629139072847682
4,Islam,2014-02-01,0.0014625228519195613,0.0010968921389396709,0.0014625228519195613
4,Islam,2014-03-01,0.0006101281269066504,0.0006101281269066504,0.0006101281269066504
4,Islam,2014-04-01,0.0018328445747800588,0.0018328445747800588,0.0018328445747800588
4,Islam,2014-05-01,0.0594471790988262,0.04051495645588792,0.05490344566452102
4,Islam,2014-06-01,0.08862275449101796,0.05069860279441118,0.08183632734530938
4,Islam,2014-07-01,0.013189042948934731,0.009130875887724045,0.011159959418329387
4,Islam,2014-08-01,0.022781366882012922,0.016320979258755527,0.0217613056783407
4,Islam,2014-09-01,0.022053506869125092,0.016630513376717282,0.02096890817064353
4,Islam,2014-10-01,0.01926605504587156,0.014678899082568808,0.01926605504587156
4,Islam,2014-11-01,0.008258527827648115,0.006463195691202872,0.00718132854578097
4,Islam,2014-12-01,0.01734570391286809,0.012505042355788625,0.016135538523598225
4,Islam,2015-01-01,0.06406685236768803,0.04456824512534819,0.057799442896935935
4,Islam,2015-02-01,0.0296527506827936,0.02145922746781116,0.02809207959422552
4,Islam,2015-03-01,0.024493498639250075,0.019352887813728455,0.02419110976716057
4,Islam,2015-04-01,0.018594104308390022,0.014512471655328799,0.017233560090702947
4,Islam,2015-05-01,0.019221967963386728,0.011899313501144164,0.016933638443935927
4,Islam,2015-06-01,0.00861656294877932,0.005265677357587362,0.007659167065581618
4,Islam,2015-07-01,0.009366391184573003,0.005509641873278237,0.008815426997245178
4,Islam,2015-08-01,0.017976373908577297,0.015408320493066256,0.01746276322547509
4,Islam,2015-09-01,0.05672671521655807,0.04101188194710617,0.05174396320429283
4,Islam,2015-10-01,0.04920273348519362,0.04236902050113895,0.04646924829157175
4,Islam,2015-11-01,0.062199036918138044,0.044141252006420544,0.056179775280898875
4,Islam,2015-12-01,0.04181494661921708,0.027135231316725978,0.03959074733096085
4,Islam,2016-01-01,0.03406223717409588,0.02396972245584525,0.031118587047939444
4,Islam,2016-02-01,0.015130674002751032,0.008253094910591471,0.014213663457129757
4,Islam,2016-03-01,0.04829059829059829,0.03717948717948718,0.0452991452991453
4,Islam,2016-04-01,0.013210445468509985,0.009831029185867896,0.012596006144393242
4,Islam,2016-05-01,0.01716901945822205,0.012972148035101107,0.016024418161007248
4,Islam,2016-06-01,0.03482045701849837,0.02720348204570185,0.03373231773667029
4,Islam,2016-07-01,0.06837606837606838,0.04822954822954823,0.06288156288156288
4,Islam,2016-08-01,0.026582890285161913,0.016916384726921217,0.02513291445142581
4,Islam,2016-09-01,0.013999066728884742,0.011199253383107793,0.013532431171255249
4,Islam,2016-10-01,0.012625163256421419,0.00957771005659556,0.011754462342185459
4,Islam,2016-11-01,0.008470798038341507,0.0035666518056174765,0.007579135086937138
4,Islam,2016-12-01,0.03194103194103194,0.026044226044226043,0.029484029484029485
4,Islam,2017-01-01,0.033707865168539325,0.027657735522904063,0.03197925669835782
4,Islam,2017-02-01,0.04542772861356932,0.03126843657817109,0.04247787610619469
4,Islam,2017-03-01,0.066126013724267,0.056144728633811605,0.0630068621334997
4,Islam,2017-04-01,0.041117145073700546,0.03335919317300233,0.03801396431342126
4,Islam,2017-05-01,0.08509423186750428,0.07424328954882924,0.08223872073101085
4,Islam,2017-06-01,0.08953418027828192,0.06654567453115548,0.08408953418027829
4,Islam,2017-07-01,0.017341040462427744,0.01300578034682081,0.016618497109826588
4,Islam,2017-08-01,0.032752245113576335,0.029054410987849975,0.032752245113576335
4,Islam,2017-09-01,0.011758417958311064,0.009620523784072688,0.01122394441475147
4,Islam,2017-10-01,0.007394519356241845,0.004784688995215311,0.006089604175728578
4,Islam,2017-11-01,0.011459589867310011,0.009650180940892641,0.010856453558504222
4,Islam,2017-12-01,0.021014492753623187,0.016666666666666666,0.01956521739130435
4,Islam,2018-01-01,0.0038461538461538464,0.002307692307692308,0.003076923076923077
4,Islam,2018-02-01,0.015851137146795313,0.011026878015161957,0.015161957270847692
4,Islam,2018-03-01,0.022263450834879406,0.017934446505875078,0.02040816326530612
4,Islam,2018-04-01,0.00927643784786642,0.0074211502782931356,0.00927643784786642
4,Islam,2018-05-01,0.02642113690952762,0.02401921537229784,0.025620496397117692
4,Islam,2018-06-01,0.05317164179104478,0.04757462686567164,0.05223880597014925
4,Islam,2018-07-01,0.023343373493975902,0.018072289156626505,0.01957831325301205
4,Islam,2018-08-01,0.02440884820747521,0.02288329519450801,0.02440884820747521
4,Islam,2018-09-01,0.005689001264222503,0.0025284450063211127,0.0050568900126422255
4,Islam,2018-10-01,0.008252063015753939,0.007501875468867217,0.008252063015753939
4,Islam,2018-11-01,0.002183406113537118,0.001455604075691412,0.002183406113537118
4,Islam,2018-12-01,0.01435705368289638,0.010611735330836454,0.01435705368289638
4,Islam,2019-01-01,0.005122367672168469,0.00398406374501992,0.00398406374501992
4,Islam,2019-02-01,0.006284916201117319,0.004189944134078212,0.006284916201117319
4,Islam,2019-03-01,0.012970969734403953,0.011117974058060531,0.012353304508956145
4,Islam,2019-04-01,0.014380530973451327,0.010508849557522125,0.011061946902654867
4,Islam,2019-05-01,0.0028708133971291866,0.0023923444976076554,0.0023923444976076554
4,Islam,2019-06-01,0.017482517482517484,0.012237762237762238,0.015734265734265736
4,Islam,2019-07-01,0.011915673693858845,0.008249312557286892,0.011915673693858845
4,Islam,2019-08-01,0.0008051529790660225,0.0008051529790660225,0.0008051529790660225
4,Islam,2019-09-01,0.0008620689655172414,0.0008620689655172414,0.0008620689655172414
4,Islam,2019-10-01,0.015458937198067632,0.008695652173913044,0.012560386473429951
4,Islam,2019-11-01,0.0026155187445510027,0.0026155187445510027,0.0026155187445510027
4,Islam,2019-12-01,0.010507880910683012,0.009632224168126095,0.009632224168126095
4,Islam,2020-01-01,0.011373578302712161,0.006124234470691163,0.010498687664041995
4,Islam,2020-02-01,0.008298755186721992,0.005186721991701245,0.006224066390041493
4,Islam,2020-03-01,0.001866832607342875,0.0,0.0006222775357809583
4,Islam,2020-04-01,0.0016090104585679806,0.0008045052292839903,0.0016090104585679806
4,Islam,2020-05-01,0.0019120458891013384,0.0009560229445506692,0.0019120458891013384
4,Islam,2020-06-01,0.0008361204013377926,0.0008361204013377926,0.0008361204013377926
4,Islam,2020-07-01,0.006944444444444444,0.004629629629629629,0.006172839506172839
4,Islam,2020-08-01,0.0030084235860409147,0.0030084235860409147,0.0030084235860409147
4,Islam,2020-09-01,0.02690863579474343,0.017521902377972465,0.023779724655819776
4,Islam,2020-10-01,0.009615384615384616,0.008012820512820512,0.009081196581196582
4,Islam,2020-11-01,0.009966777408637873,0.008637873754152824,0.009966777408637873
4,Islam,2020-12-01,0.0027397260273972603,0.0027397260273972603,0.0027397260273972603
4,Islam,2021-01-01,0.0031446540880503146,0.0031446540880503146,0.0031446540880503146
4,Islam,2021-02-01,0.0,0.0,0.0
4,Islam,2021-03-01,0.0040650406504065045,0.0032520325203252032,0.0032520325203252032
4,Islam,2021-04-01,0.0,0.0,0.0
4,Islam,2021-05-01,0.006405124099279423,0.004803843074459567,0.006405124099279423
4,Islam,2021-06-01,0.0028169014084507044,0.0018779342723004694,0.0028169014084507044
4,Islam,2021-07-01,0.0008410428931875525,0.0008410428931875525,0.0008410428931875525
4,Islam,2021-08-01,0.018421052631578946,0.013157894736842105,0.016666666666666666
4,Islam,2021-09-01,0.004940014114326041,0.0028228652081863093,0.004940014114326041
4,Islam,2021-10-01,0.00273224043715847,0.0020491803278688526,0.0020491803278688526
4,Islam,2021-11-01,0.000794912559618442,0.000794912559618442,0.000794912559618442
4,Islam,2021-12-01,0.0014124293785310734,0.0014124293785310734,0.0014124293785310734
4,Islam,2022-01-01,0.009397024275646046,0.007047768206734534,0.009397024275646046
4,Islam,2022-02-01,0.001177856301531213,0.001177856301531213,0.001177856301531213
4,Islam,2022-03-01,0.0029239766081871343,0.0009746588693957114,0.0029239766081871343
4,Islam,2022-04-01,0.0,0.0,0.0
4,Islam,2022-05-01,0.005284015852047556,0.002642007926023778,0.005284015852047556
4,Islam,2022-06-01,0.005681818181818182,0.004261363636363636,0.005681818181818182
4,Islam,2022-07-01,0.0,0.0,0.0
4,Islam,2022-08-01,0.0,0.0,0.0
4,Islam,2022-09-01,0.001272264631043257,0.001272264631043257,0.001272264631043257
4,Islam,2022-10-01,0.008253094910591471,0.005502063273727648,0.008253094910591471
4,Islam,2022-11-01,0.0012422360248447205,0.0012422360248447205,0.0012422360248447205
4,Islam,2022-12-01,0.0,0.0,0.0
4,Islam,2023-01-01,0.0010416666666666667,0.0010416666666666667,0.0010416666666666667
4,Islam,2023-02-01,0.0020100502512562816,0.0020100502512562816,0.0020100502512562816
4,Islam,2023-03-01,0.0026917900403768506,0.0026917900403768506,0.0026917900403768506
4,Islam,2023-04-01,0.0024937655860349127,0.0024937655860349127,0.0024937655860349127
4,Islam,2023-05-01,0.0,0.0,0.0
4,Islam,2023-06-01,0.0012437810945273632,0.0,0.0
4,Islam,2023-07-01,0.0013698630136986301,0.0,0.0013698630136986301
4,Islam,2023-08-01,0.013432835820895522,0.010447761194029851,0.011940298507462687
4,Islam,2023-09-01,0.0014245014245014246,0.0014245014245014246,0.0014245014245014246
4,Islam,2023-10-01,0.01406799531066823,0.009378663540445486,0.012895662368112544
4,Islam,2023-11-01,0.012903225806451613,0.00903225806451613,0.012903225806451613
4,Islam,2023-12-01,0.011479591836734694,0.01020408163265306,0.011479591836734694
4,Islam,2024-01-01,0.011065006915629323,0.009681881051175657,0.011065006915629323
4,Islam,2024-02-01,0.028409090909090908,0.024147727272727272,0.026988636363636364
4,Islam,2024-03-01,0.016643550624133148,0.015256588072122053,0.016643550624133148
4,Islam,2024-04-01,0.0026246719160104987,0.0026246719160104987,0.0026246719160104987
4,Islam,2024-05-01,0.021922428330522766,0.01011804384485666,0.011804384485666104
4,Islam,2024-06-01,0.0,0.0,0.0
4,Judaism,2008-01-01,0.002988132843848715,0.0021343806027490824,0.002732007171518825
4,Judaism,2008-02-01,0.002256552681826072,0.0016490192674882833,0.0019961812185384483
4,Judaism,2008-03-01,0.0047389424675756565,0.0036581310276022614,0.004323245759893582
4,Judaism,2008-04-01,0.0013097072419106317,0.0007704160246533128,0.0011556240369799693
4,Judaism,2008-05-01,0.003369770691213939,0.00221911728445796,0.003369770691213939
4,Judaism,2008-06-01,0.0019482326746451434,0.001113275814082939,0.0017626867056313202
4,Judaism,2008-07-01,0.0024949177601182775,0.0019404915912031048,0.0024025133986324155
4,Judaism,2008-08-01,0.0018861735279645728,0.001148105625717566,0.0018041659832704609
4,Judaism,2008-09-01,0.0006022023399862354,0.00034411562284927734,0.0006022023399862354
4,Judaism,2008-10-01,0.0006753714542998649,0.000375206363499925,0.000375206363499925
4,Judaism,2008-11-01,0.00031867431485022306,0.0002390057361376673,0.00031867431485022306
4,Judaism,2008-12-01,0.005473976887653141,0.003127986792944652,0.004778868711443218
4,Judaism,2009-01-01,0.005207316279372518,0.004165853023498015,0.005012041918896049
4,Judaism,2009-02-01,0.004530011325028313,0.004152510381275953,0.004246885617214043
4,Judaism,2009-03-01,0.003401360544217687,0.0029036004645760743,0.003401360544217687
4,Judaism,2009-04-01,0.0013576106053346112,0.0010381728158441145,0.0011978917105893627
4,Judaism,2009-05-01,0.0004028197381671702,0.00010070493454179255,0.0004028197381671702
4,Judaism,2009-06-01,0.0006798096532970768,0.0003399048266485384,0.0006798096532970768
4,Judaism,2009-07-01,0.002489814395654142,0.0010185604345857855,0.0021502942507922135
4,Judaism,2009-08-01,0.0013357994245787094,0.0011302918207973696,0.0012330456226880395
4,Judaism,2009-09-01,0.004456633527596846,0.0030853616729516627,0.004199520054850874
4,Judaism,2009-10-01,0.0015473887814313346,0.0011605415860735009,0.0013539651837524177
4,Judaism,2009-11-01,0.0010402219140083217,0.0009246417013407304,0.0010402219140083217
4,Judaism,2009-12-01,0.0016299918500407497,0.0009508285791904374,0.0016299918500407497
4,Judaism,2010-01-01,0.004434324065196549,0.003954937679769894,0.004314477468839885
4,Judaism,2010-02-01,0.00047110552763819093,0.00047110552763819093,0.00047110552763819093
4,Judaism,2010-03-01,0.0013204225352112676,0.0011737089201877935,0.0011737089201877935
4,Judaism,2010-04-01,0.001142857142857143,0.0005714285714285715,0.001142857142857143
4,Judaism,2010-05-01,0.001671478498708403,0.001063668135541711,0.001367573317125057
4,Judaism,2010-06-01,0.011257591467930678,0.008443193600948008,0.010368834246778254
4,Judaism,2010-07-01,0.0010984484415762735,0.0008238363311822051,0.0009611423863792394
4,Judaism,2010-08-01,0.002559627690517743,0.0018615474112856313,0.002443280977312391
4,Judaism,2010-09-01,0.001544799176107106,0.0012873326467559218,0.0012873326467559218
4,Judaism,2010-10-01,0.001709851374457451,0.0011837432592397739,0.001315270288044193
4,Judaism,2010-11-01,0.001233654083395016,0.0008635578583765112,0.0009869232667160128
4,Judaism,2010-12-01,0.0028276779773785763,0.001829673985362608,0.0028276779773785763
4,Judaism,2011-01-01,0.0014903129657228018,0.000662361318099023,0.0009935419771485345
4,Judaism,2011-02-01,0.0029280055115397862,0.001722356183258698,0.002755769893213917
4,Judaism,2011-03-01,0.0013112604491067037,0.000983445336830028,0.0013112604491067037
4,Judaism,2011-04-01,0.0018050541516245488,0.00105294825511432,0.0018050541516245488
4,Judaism,2011-05-01,0.0022743177046885936,0.001224632610216935,0.0022743177046885936
4,Judaism,2011-06-01,0.00264783759929391,0.0019858781994704323,0.002206531332744925
4,Judaism,2011-07-01,0.005384449709239716,0.0034460478139134183,0.005384449709239716
4,Judaism,2011-08-01,0.004465052378499056,0.0030911901081916537,0.00394985402713378
4,Judaism,2011-09-01,0.004324324324324324,0.0034234234234234236,0.0037837837837837837
4,Judaism,2011-10-01,0.0023700426607678937,0.001738031284563122,0.002212039816716701
4,Judaism,2011-11-01,0.0032532920216886137,0.0024786986831913244,0.003098373353989156
4,Judaism,2011-12-01,0.023666343355965083,0.02017458777885548,0.02289039767216295
4,Judaism,2012-01-01,0.004076086956521739,0.003105590062111801,0.0038819875776397515
4,Judaism,2012-02-01,0.00903551166211389,0.007774742592981719,0.008825383483925194
4,Judaism,2012-03-01,0.0019201228878648233,0.001152073732718894,0.0019201228878648233
4,Judaism,2012-04-01,0.0017185821697099893,0.0017185821697099893,0.0017185821697099893
4,Judaism,2012-05-01,0.001936733376371853,0.001506348181622552,0.001936733376371853
4,Judaism,2012-06-01,0.0025240936209270305,0.0016062413951353832,0.002065167508031207
4,Judaism,2012-07-01,0.008988246139663517,0.006222631942843973,0.008527310440193593
4,Judaism,2012-08-01,0.0027609055770292656,0.0011043622308117063,0.0016565433462175593
4,Judaism,2012-09-01,0.0009199632014719411,0.00022999080036798528,0.00045998160073597056
4,Judaism,2012-10-01,0.0018792576932111817,0.0011745360582569885,0.0018792576932111817
4,Judaism,2012-11-01,0.02225,0.0205,0.02225
4,Judaism,2012-12-01,0.004230118443316413,0.001692047377326565,0.00338409475465313
4,Judaism,2013-01-01,0.0015952597994530538,0.0013673655423883319,0.0015952597994530538
4,Judaism,2013-02-01,0.00027085590465872155,0.00027085590465872155,0.00027085590465872155
4,Judaism,2013-03-01,0.0019146608315098468,0.0016411378555798686,0.0019146608315098468
4,Judaism,2013-04-01,0.0032310177705977385,0.0029617662897145933,0.0032310177705977385
4,Judaism,2013-05-01,0.002735042735042735,0.0017094017094017094,0.0020512820512820513
4,Judaism,2013-06-01,0.0011547344110854503,0.00038491147036181676,0.0007698229407236335
4,Judaism,2013-07-01,0.012816072047107724,0.010737790093522688,0.012469691721510218
4,Judaism,2013-08-01,0.00960548885077187,0.007547169811320755,0.00960548885077187
4,Judaism,2013-09-01,0.0024982155603140615,0.0010706638115631692,0.0024982155603140615
4,Judaism,2013-10-01,0.008704385671242048,0.005691329092735186,0.008034817542684968
4,Judaism,2013-11-01,0.014196104324859689,0.010564542753383956,0.013865962363816441
4,Judaism,2013-12-01,0.0011441647597254005,0.0011441647597254005,0.0011441647597254005
4,Judaism,2014-01-01,0.005629139072847682,0.003973509933774834,0.004966887417218543
4,Judaism,2014-02-01,0.0010968921389396709,0.0010968921389396709,0.0010968921389396709
4,Judaism,2014-03-01,0.003355704697986577,0.003050640634533252,0.003355704697986577
4,Judaism,2014-04-01,0.004765395894428153,0.004398826979472141,0.004765395894428153
4,Judaism,2014-05-01,0.007951533510034078,0.005301022340022719,0.007951533510034078
4,Judaism,2014-06-01,0.008383233532934131,0.005189620758483034,0.007984031936127744
4,Judaism,2014-07-01,0.03855258708150152,0.02603990530943524,0.036185322962461956
4,Judaism,2014-08-01,0.016320979258755527,0.014620877252635158,0.014960897653859231
4,Judaism,2014-09-01,0.004338394793926247,0.0032537960954446853,0.0039768618944323935
4,Judaism,2014-10-01,0.0,0.0,0.0
4,Judaism,2014-11-01,0.000718132854578097,0.0003590664272890485,0.0003590664272890485
4,Judaism,2014-12-01,0.002016942315449778,0.002016942315449778,0.002016942315449778
4,Judaism,2015-01-01,0.0100974930362117,0.005919220055710306,0.008356545961002786
4,Judaism,2015-02-01,0.00702301989855638,0.005462348809988295,0.00702301989855638
4,Judaism,2015-03-01,0.0009071666162685213,0.0009071666162685213,0.0009071666162685213
4,Judaism,2015-04-01,0.0058956916099773245,0.004081632653061225,0.005442176870748299
4,Judaism,2015-05-01,0.0018306636155606408,0.0009153318077803204,0.0013729977116704805
4,Judaism,2015-06-01,0.0009573958831977022,0.0009573958831977022,0.0009573958831977022
4,Judaism,2015-07-01,0.0,0.0,0.0
4,Judaism,2015-08-01,0.001027221366204417,0.0005136106831022085,0.0005136106831022085
4,Judaism,2015-09-01,0.02798006899195094,0.02184745113070142,0.02491376006132618
4,Judaism,2015-10-01,0.03325740318906606,0.03234624145785877,0.03234624145785877
4,Judaism,2015-11-01,0.001203852327447833,0.0,0.0008025682182985554
4,Judaism,2015-12-01,0.009341637010676156,0.008451957295373666,0.008896797153024912
4,Judaism,2016-01-01,0.016400336417157275,0.015559293523969722,0.0159798149705635
4,Judaism,2016-02-01,0.004585052728106373,0.0032095369096744614,0.004585052728106373
4,Judaism,2016-03-01,0.0,0.0,0.0
4,Judaism,2016-04-01,0.005529953917050691,0.0039938556067588326,0.004915514592933948
4,Judaism,2016-05-01,0.0019076688286913392,0.0019076688286913392,0.0019076688286913392
4,Judaism,2016-06-01,0.003264417845484222,0.002720348204570185,0.003264417845484222
4,Judaism,2016-07-01,0.002442002442002442,0.0018315018315018315,0.0018315018315018315
4,Judaism,2016-08-01,0.0043499275012083135,0.0038666022232962784,0.0043499275012083135
4,Judaism,2016-09-01,0.004199720018665422,0.003733084461035931,0.003733084461035931
4,Judaism,2016-10-01,0.00261210274270788,0.0021767522855899,0.00261210274270788
4,Judaism,2016-11-01,0.0,0.0,0.0
4,Judaism,2016-12-01,0.003931203931203931,0.002457002457002457,0.0034398034398034397
4,Judaism,2017-01-01,0.006050129645635264,0.0038893690579083835,0.005185825410544511
4,Judaism,2017-02-01,0.002359882005899705,0.0011799410029498525,0.002359882005899705
4,Judaism,2017-03-01,0.004990642545227698,0.004366812227074236,0.004990642545227698
4,Judaism,2017-04-01,0.003878975950349108,0.0007757951900698216,0.0031031807602792862
4,Judaism,2017-05-01,0.006282124500285551,0.004568817818389492,0.0057110222729868645
4,Judaism,2017-06-01,0.007864488808227465,0.006654567453115548,0.007864488808227465
4,Judaism,2017-07-01,0.006502890173410405,0.005780346820809248,0.006502890173410405
4,Judaism,2017-08-01,0.006867406233491812,0.004754358161648178,0.006867406233491812
4,Judaism,2017-09-01,0.003206841261357563,0.0016034206306787815,0.002672367717797969
4,Judaism,2017-10-01,0.0008699434536755111,0.0008699434536755111,0.0008699434536755111
4,Judaism,2017-11-01,0.0024125452352231603,0.0024125452352231603,0.0024125452352231603
4,Judaism,2017-12-01,0.034057971014492754,0.02463768115942029,0.03188405797101449
4,Judaism,2018-01-01,0.008461538461538461,0.007692307692307693,0.008461538461538461
4,Judaism,2018-02-01,0.024121295658166782,0.01722949689869056,0.02343211578221916
4,Judaism,2018-03-01,0.006802721088435374,0.0037105751391465678,0.004329004329004329
4,Judaism,2018-04-01,0.0027829313543599257,0.0027829313543599257,0.0027829313543599257
4,Judaism,2018-05-01,0.024819855884707767,0.017614091273018415,0.02241793434747798
4,Judaism,2018-06-01,0.014925373134328358,0.014925373134328358,0.014925373134328358
4,Judaism,2018-07-01,0.005271084337349397,0.004518072289156626,0.004518072289156626
4,Judaism,2018-08-01,0.013729977116704805,0.012204424103737605,0.012967200610221205
4,Judaism,2018-09-01,0.0006321112515802782,0.0006321112515802782,0.0006321112515802782
4,Judaism,2018-10-01,0.0007501875468867217,0.0,0.0007501875468867217
4,Judaism,2018-11-01,0.00363901018922853,0.002183406113537118,0.00363901018922853
4,Judaism,2018-12-01,0.0024968789013732834,0.0012484394506866417,0.0024968789013732834
4,Judaism,2019-01-01,0.00398406374501992,0.0022766078542970974,0.003414911781445646
4,Judaism,2019-02-01,0.002793296089385475,0.002793296089385475,0.002793296089385475
4,Judaism,2019-03-01,0.0067943174799258805,0.006176652254478073,0.0067943174799258805
4,Judaism,2019-04-01,0.0027654867256637168,0.00165929203539823,0.0022123893805309734
4,Judaism,2019-05-01,0.00430622009569378,0.0033492822966507177,0.00430622009569378
4,Judaism,2019-06-01,0.0017482517482517483,0.0,0.0017482517482517483
4,Judaism,2019-07-01,0.00458295142071494,0.0036663611365719525,0.0036663611365719525
4,Judaism,2019-08-01,0.0,0.0,0.0
4,Judaism,2019-09-01,0.0008620689655172414,0.0008620689655172414,0.0008620689655172414
4,Judaism,2019-10-01,0.000966183574879227,0.000966183574879227,0.000966183574879227
4,Judaism,2019-11-01,0.018308631211857017,0.013949433304272014,0.015693112467306015
4,Judaism,2019-12-01,0.0035026269702276708,0.0035026269702276708,0.0035026269702276708
4,Judaism,2020-01-01,0.014873140857392825,0.010498687664041995,0.014873140857392825
4,Judaism,2020-02-01,0.002074688796680498,0.002074688796680498,0.002074688796680498
4,Judaism,2020-03-01,0.0006222775357809583,0.0006222775357809583,0.0006222775357809583
4,Judaism,2020-04-01,0.0016090104585679806,0.0016090104585679806,0.0016090104585679806
4,Judaism,2020-05-01,0.0028680688336520078,0.0019120458891013384,0.0019120458891013384
4,Judaism,2020-06-01,0.005016722408026756,0.005016722408026756,0.005016722408026756
4,Judaism,2020-07-01,0.0023148148148148147,0.0015432098765432098,0.0015432098765432098
4,Judaism,2020-08-01,0.0048134777376654635,0.0036101083032490976,0.0048134777376654635
4,Judaism,2020-09-01,0.0012515644555694619,0.0012515644555694619,0.0012515644555694619
4,Judaism,2020-10-01,0.0010683760683760685,0.0010683760683760685,0.0010683760683760685
4,Judaism,2020-11-01,0.0019933554817275745,0.00132890365448505,0.00132890365448505
4,Judaism,2020-12-01,0.0,0.0,0.0
4,Judaism,2021-01-01,0.0,0.0,0.0
4,Judaism,2021-02-01,0.0035398230088495575,0.0035398230088495575,0.0035398230088495575
4,Judaism,2021-03-01,0.0008130081300813008,0.0008130081300813008,0.0008130081300813008
4,Judaism,2021-04-01,0.000689655172413793,0.000689655172413793,0.000689655172413793
4,Judaism,2021-05-01,0.010408326661329063,0.006405124099279423,0.010408326661329063
4,Judaism,2021-06-01,0.0009389671361502347,0.0009389671361502347,0.0009389671361502347
4,Judaism,2021-07-01,0.005046257359125316,0.00336417157275021,0.004205214465937763
4,Judaism,2021-08-01,0.0,0.0,0.0
4,Judaism,2021-09-01,0.002117148906139732,0.0014114326040931546,0.002117148906139732
4,Judaism,2021-10-01,0.0,0.0,0.0
4,Judaism,2021-11-01,0.000794912559618442,0.000794912559618442,0.000794912559618442
4,Judaism,2021-12-01,0.0,0.0,0.0
4,Judaism,2022-01-01,0.0023492560689115116,0.0023492560689115116,0.0023492560689115116
4,Judaism,2022-02-01,0.0035335689045936395,0.001177856301531213,0.002355712603062426
4,Judaism,2022-03-01,0.009746588693957114,0.007797270955165692,0.008771929824561403
4,Judaism,2022-04-01,0.0044943820224719105,0.0044943820224719105,0.0044943820224719105
4,Judaism,2022-05-01,0.0,0.0,0.0
4,Judaism,2022-06-01,0.004261363636363636,0.0014204545454545455,0.004261363636363636
4,Judaism,2022-07-01,0.0030211480362537764,0.0015105740181268882,0.0030211480362537764
4,Judaism,2022-08-01,0.0013422818791946308,0.0013422818791946308,0.0013422818791946308
4,Judaism,2022-09-01,0.001272264631043257,0.001272264631043257,0.001272264631043257
4,Judaism,2022-10-01,0.001375515818431912,0.001375515818431912,0.001375515818431912
4,Judaism,2022-11-01,0.002484472049689441,0.0,0.0012422360248447205
4,Judaism,2022-12-01,0.0027434842249657062,0.0013717421124828531,0.0027434842249657062
4,Judaism,2023-01-01,0.0125,0.011458333333333333,0.011458333333333333
4,Judaism,2023-02-01,0.0,0.0,0.0
4,Judaism,2023-03-01,0.004037685060565276,0.004037685060565276,0.004037685060565276
4,Judaism,2023-04-01,0.0024937655860349127,0.0024937655860349127,0.0024937655860349127
4,Judaism,2023-05-01,0.0011534025374855825,0.0011534025374855825,0.0011534025374855825
4,Judaism,2023-06-01,0.0,0.0,0.0
4,Judaism,2023-07-01,0.005479452054794521,0.0027397260273972603,0.005479452054794521
4,Judaism,2023-08-01,0.0014925373134328358,0.0014925373134328358,0.0014925373134328358
4,Judaism,2023-09-01,0.0,0.0,0.0
4,Judaism,2023-10-01,0.016412661195779603,0.012895662368112544,0.016412661195779603
4,Judaism,2023-11-01,0.02193548387096774,0.014193548387096775,0.02064516129032258
4,Judaism,2023-12-01,0.04591836734693878,0.03188775510204082,0.04336734693877551
4,Judaism,2024-01-01,0.009681881051175657,0.006915629322268326,0.009681881051175657
4,Judaism,2024-02-01,0.022727272727272728,0.014204545454545454,0.019886363636363636
4,Judaism,2024-03-01,0.009708737864077669,0.008321775312066574,0.009708737864077669
4,Judaism,2024-04-01,0.005249343832020997,0.005249343832020997,0.005249343832020997
4,Judaism,2024-05-01,0.026981450252951095,0.01854974704890388,0.025295109612141653
4,Judaism,2024-06-01,0.0,0.0,0.0
4,Christianity,2008-01-01,0.002646631947408862,0.00025612567232988985,0.0022197558268590455
4,Christianity,2008-02-01,0.0009546953653879535,0.00043395243881270615,0.0008679048776254123
4,Christianity,2008-03-01,0.0017459261722647156,0.00041569670768207517,0.0014965081476554707
4,Christianity,2008-04-01,0.0011556240369799693,0.0003081664098613251,0.0011556240369799693
4,Christianity,2008-05-01,0.0014794115229719734,8.218952905399852e-05,0.0012328429358099777
4,Christianity,2008-06-01,0.0024120975971797013,0.00027831895352073476,0.002226551628165878
4,Christianity,2008-07-01,0.0015708741452596562,0.0009240436148586213,0.0014784697837737942
4,Christianity,2008-08-01,0.0007380679022470067,0.0001640150893882237,0.0004920452681646711
4,Christianity,2008-09-01,0.005419821059876118,0.0006882312456985547,0.0049036476256022025
4,Christianity,2008-10-01,0.0008254539996998349,0.00022512381809995497,0.0006753714542998649
4,Christianity,2008-11-01,0.0003983428935627788,7.966857871255577e-05,0.0002390057361376673
4,Christianity,2008-12-01,0.000781996698236163,0.00017377704405248067,0.000521331132157442
4,Christianity,2009-01-01,0.0009112803488901907,0.00019527436047646945,0.0009112803488901907
4,Christianity,2009-02-01,0.0019818799546998866,0.0013212533031332577,0.001887504718761797
4,Christianity,2009-03-01,0.0008296001327360213,0.00024888003982080636,0.0007466401194624191
4,Christianity,2009-04-01,0.0007985944737262418,0.00031943778949049674,0.0007985944737262418
4,Christianity,2009-05-01,0.0028197381671701913,0.0002014098690835851,0.0028197381671701913
4,Christianity,2009-06-01,0.0009064128710627691,0.00022660321776569228,0.0009064128710627691
4,Christianity,2009-07-01,0.0004526935264825713,0.0,0.0003395201448619285
4,Christianity,2009-08-01,0.0006165228113440197,0.00010275380189066995,0.0005137690094533497
4,Christianity,2009-09-01,0.0034281796366129585,0.0005999314364072677,0.002828248200205691
4,Christianity,2009-10-01,0.002611218568665377,0.00048355899419729207,0.002514506769825919
4,Christianity,2009-11-01,0.0019648636153490524,0.0009246417013407304,0.0017337031900138697
4,Christianity,2009-12-01,0.0012224938875305623,0.0006791632708503124,0.0012224938875305623
4,Christianity,2010-01-01,0.0009587727708533077,0.00023969319271332693,0.0008389261744966443
4,Christianity,2010-02-01,0.001413316582914573,0.000314070351758794,0.001256281407035176
4,Christianity,2010-03-01,0.0013204225352112676,0.00014671361502347418,0.0010269953051643193
4,Christianity,2010-04-01,0.0014285714285714286,0.00014285714285714287,0.0014285714285714286
4,Christianity,2010-05-01,0.001063668135541711,0.0,0.000911715544750038
4,Christianity,2010-06-01,0.0013331358317286328,0.0008887572211524219,0.0011850096282032291
4,Christianity,2010-07-01,0.0008238363311822051,0.0001373060551970342,0.000686530275985171
4,Christianity,2010-08-01,0.0034904013961605585,0.0004653868528214078,0.0032577079697498545
4,Christianity,2010-09-01,0.00296086508753862,0.001544799176107106,0.0027033985581874356
4,Christianity,2010-10-01,0.0011837432592397739,0.00013152702880441932,0.0007891621728265158
4,Christianity,2010-11-01,0.0011102886750555144,0.0002467308166790032,0.000616827041697508
4,Christianity,2010-12-01,0.001164337990685296,0.00033266799733865603,0.001164337990685296
4,Christianity,2011-01-01,0.0011591323066732903,0.0003311806590495115,0.0009935419771485345
4,Christianity,2011-02-01,0.0001722356183258698,0.0,0.0001722356183258698
4,Christianity,2011-03-01,0.000491722668415014,0.0,0.00032781511227667593
4,Christianity,2011-04-01,0.0015042117930204573,0.0007521058965102287,0.0012033694344163659
4,Christianity,2011-05-01,0.0006997900629811056,0.0001749475157452764,0.0006997900629811056
4,Christianity,2011-06-01,0.000441306266548985,0.0002206531332744925,0.000441306266548985
4,Christianity,2011-07-01,0.004092181779022184,0.002153779883695886,0.0038768037906525953
4,Christianity,2011-08-01,0.0015455950540958269,0.000858663918942126,0.0015455950540958269
4,Christianity,2011-09-01,0.0009009009009009009,0.00036036036036036037,0.0007207207207207207
4,Christianity,2011-10-01,0.00031600568810238584,0.00015800284405119292,0.00015800284405119292
4,Christianity,2011-11-01,0.00030983733539891554,0.00030983733539891554,0.00030983733539891554
4,Christianity,2011-12-01,0.0015518913676042677,0.0009699321047526673,0.0015518913676042677
4,Christianity,2012-01-01,0.0015527950310559005,0.0005822981366459627,0.0015527950310559005
4,Christianity,2012-02-01,0.006934229880226938,0.004832948098339987,0.006513973523849548
4,Christianity,2012-03-01,0.001152073732718894,0.0,0.001152073732718894
4,Christianity,2012-04-01,0.0008592910848549946,0.0,0.0004296455424274973
4,Christianity,2012-05-01,0.00021519259737465033,0.00021519259737465033,0.00021519259737465033
4,Christianity,2012-06-01,0.0,0.0,0.0
4,Christianity,2012-07-01,0.00115233924867481,0.0009218713989398478,0.00115233924867481
4,Christianity,2012-08-01,0.0013804527885146328,0.0008282716731087797,0.0011043622308117063
4,Christianity,2012-09-01,0.0011499540018399263,0.0006899724011039559,0.0011499540018399263
4,Christianity,2012-10-01,0.0009396288466055908,0.0002349072116513977,0.0007047216349541931
4,Christianity,2012-11-01,0.00225,0.00175,0.002
4,Christianity,2012-12-01,0.0014100394811054709,0.0002820078962210942,0.0008460236886632825
4,Christianity,2013-01-01,0.0011394712853236098,0.0,0.0011394712853236098
4,Christianity,2013-02-01,0.0,0.0,0.0
4,Christianity,2013-03-01,0.0013676148796498905,0.0002735229759299781,0.0013676148796498905
4,Christianity,2013-04-01,0.0016155088852988692,0.0008077544426494346,0.0010770059235325794
4,Christianity,2013-05-01,0.002735042735042735,0.0,0.002735042735042735
4,Christianity,2013-06-01,0.0,0.0,0.0
4,Christianity,2013-07-01,0.004502944232767579,0.0020782819535850364,0.004156563907170073
4,Christianity,2013-08-01,0.0027444253859348197,0.0006861063464837049,0.0017152658662092624
4,Christianity,2013-09-01,0.0014275517487508922,0.0007137758743754461,0.0014275517487508922
4,Christianity,2013-10-01,0.00033478406427854036,0.0,0.00033478406427854036
4,Christianity,2013-11-01,0.0,0.0,0.0
4,Christianity,2013-12-01,0.0011441647597254005,0.0007627765064836003,0.0007627765064836003
4,Christianity,2014-01-01,0.0009933774834437086,0.0,0.0009933774834437086
4,Christianity,2014-02-01,0.00036563071297989033,0.0,0.00036563071297989033
4,Christianity,2014-03-01,0.0,0.0,0.0
4,Christianity,2014-04-01,0.00036656891495601173,0.0,0.00036656891495601173
4,Christianity,2014-05-01,0.004922377887163953,0.0015145778114350624,0.0034078000757288905
4,Christianity,2014-06-01,0.013572854291417165,0.0015968063872255488,0.01277445109780439
4,Christianity,2014-07-01,0.0023672641190395673,0.0006763611768684477,0.002029083530605343
4,Christianity,2014-08-01,0.003740224413464808,0.0027201632097925877,0.003740224413464808
4,Christianity,2014-09-01,0.0028922631959508315,0.0018076644974692696,0.0028922631959508315
4,Christianity,2014-10-01,0.0,0.0,0.0
4,Christianity,2014-11-01,0.0003590664272890485,0.0,0.0
4,Christianity,2014-12-01,0.0024203307785397336,0.0008067769261799112,0.002016942315449778
4,Christianity,2015-01-01,0.005919220055710306,0.0020891364902506965,0.005222841225626741
4,Christianity,2015-02-01,0.0015606710885680843,0.0011705033164260631,0.0015606710885680843
4,Christianity,2015-03-01,0.0009071666162685213,0.0,0.0006047777441790142
4,Christianity,2015-04-01,0.0013605442176870747,0.00045351473922902497,0.0009070294784580499
4,Christianity,2015-05-01,0.004118993135011442,0.0018306636155606408,0.003203661327231121
4,Christianity,2015-06-01,0.0014360938247965534,0.0004786979415988511,0.0009573958831977022
4,Christianity,2015-07-01,0.0011019283746556473,0.0,0.0
4,Christianity,2015-08-01,0.002054442732408834,0.0005136106831022085,0.002054442732408834
4,Christianity,2015-09-01,0.004216174779609045,0.0026830203142966655,0.004216174779609045
4,Christianity,2015-10-01,0.009567198177676537,0.007289293849658315,0.009567198177676537
4,Christianity,2015-11-01,0.004815409309791332,0.001203852327447833,0.0040128410914927765
4,Christianity,2015-12-01,0.005782918149466192,0.002224199288256228,0.005782918149466192
4,Christianity,2016-01-01,0.002523128679562658,0.001261564339781329,0.0021026072329688814
4,Christianity,2016-02-01,0.0022925263640531865,0.0004585052728106373,0.0022925263640531865
4,Christianity,2016-03-01,0.0029914529914529917,0.001282051282051282,0.002136752136752137
4,Christianity,2016-04-01,0.0009216589861751152,0.00030721966205837174,0.0006144393241167435
4,Christianity,2016-05-01,0.0,0.0,0.0
4,Christianity,2016-06-01,0.001632208922742111,0.001088139281828074,0.001632208922742111
4,Christianity,2016-07-01,0.0030525030525030525,0.001221001221001221,0.0030525030525030525
4,Christianity,2016-08-01,0.0028999516674722086,0.0004833252779120348,0.002416626389560174
4,Christianity,2016-09-01,0.0,0.0,0.0
4,Christianity,2016-10-01,0.0017414018284719198,0.0008707009142359599,0.0008707009142359599
4,Christianity,2016-11-01,0.0013374944271065537,0.0,0.0008916629514043691
4,Christianity,2016-12-01,0.0009828009828009828,0.0004914004914004914,0.0004914004914004914
4,Christianity,2017-01-01,0.001728608470181504,0.0012964563526361278,0.0012964563526361278
4,Christianity,2017-02-01,0.0011799410029498525,0.0011799410029498525,0.0011799410029498525
4,Christianity,2017-03-01,0.004990642545227698,0.004366812227074236,0.004366812227074236
4,Christianity,2017-04-01,0.004654771140418929,0.0007757951900698216,0.0023273855702094647
4,Christianity,2017-05-01,0.0057110222729868645,0.005139920045688178,0.0057110222729868645
4,Christianity,2017-06-01,0.011494252873563218,0.006654567453115548,0.0102843315184513
4,Christianity,2017-07-01,0.000722543352601156,0.000722543352601156,0.000722543352601156
4,Christianity,2017-08-01,0.0021130480718436345,0.001584786053882726,0.001584786053882726
4,Christianity,2017-09-01,0.0,0.0,0.0
4,Christianity,2017-10-01,0.0008699434536755111,0.00043497172683775554,0.00043497172683775554
4,Christianity,2017-11-01,0.0012062726176115801,0.0012062726176115801,0.0012062726176115801
4,Christianity,2017-12-01,0.0014492753623188406,0.0014492753623188406,0.0014492753623188406
4,Christianity,2018-01-01,0.0007692307692307692,0.0007692307692307692,0.0007692307692307692
4,Christianity,2018-02-01,0.002067539627842867,0.0013783597518952446,0.002067539627842867
4,Christianity,2018-03-01,0.0018552875695732839,0.0006184291898577613,0.0012368583797155227
4,Christianity,2018-04-01,0.0009276437847866419,0.0,0.0009276437847866419
4,Christianity,2018-05-01,0.0024019215372297837,0.0024019215372297837,0.0024019215372297837
4,Christianity,2018-06-01,0.002798507462686567,0.002798507462686567,0.002798507462686567
4,Christianity,2018-07-01,0.002259036144578313,0.0007530120481927711,0.0015060240963855422
4,Christianity,2018-08-01,0.0015255530129672007,0.0015255530129672007,0.0015255530129672007
4,Christianity,2018-09-01,0.0006321112515802782,0.0,0.0006321112515802782
4,Christianity,2018-10-01,0.0007501875468867217,0.0007501875468867217,0.0007501875468867217
4,Christianity,2018-11-01,0.00363901018922853,0.002911208151382824,0.00363901018922853
4,Christianity,2018-12-01,0.0012484394506866417,0.0006242197253433209,0.0012484394506866417
4,Christianity,2019-01-01,0.0005691519635742744,0.0,0.0005691519635742744
4,Christianity,2019-02-01,0.0,0.0,0.0
4,Christianity,2019-03-01,0.0,0.0,0.0
4,Christianity,2019-04-01,0.004424778761061947,0.0022123893805309734,0.00331858407079646
4,Christianity,2019-05-01,0.0009569377990430622,0.0,0.0009569377990430622
4,Christianity,2019-06-01,0.0008741258741258741,0.0008741258741258741,0.0008741258741258741
4,Christianity,2019-07-01,0.0009165902841429881,0.0,0.0009165902841429881
4,Christianity,2019-08-01,0.0,0.0,0.0
4,Christianity,2019-09-01,0.0,0.0,0.0
4,Christianity,2019-10-01,0.0,0.0,0.0
4,Christianity,2019-11-01,0.0,0.0,0.0
4,Christianity,2019-12-01,0.005253940455341506,0.0043782837127845885,0.0043782837127845885
4,Christianity,2020-01-01,0.0008748906386701663,0.0008748906386701663,0.0008748906386701663
4,Christianity,2020-02-01,0.001037344398340249,0.001037344398340249,0.001037344398340249
4,Christianity,2020-03-01,0.0,0.0,0.0
4,Christianity,2020-04-01,0.0008045052292839903,0.0008045052292839903,0.0008045052292839903
4,Christianity,2020-05-01,0.0038240917782026767,0.0019120458891013384,0.0038240917782026767
4,Christianity,2020-06-01,0.0008361204013377926,0.0008361204013377926,0.0008361204013377926
4,Christianity,2020-07-01,0.0007716049382716049,0.0,0.0007716049382716049
4,Christianity,2020-08-01,0.0,0.0,0.0
4,Christianity,2020-09-01,0.004380475594493116,0.0031289111389236545,0.004380475594493116
4,Christianity,2020-10-01,0.0010683760683760685,0.0010683760683760685,0.0010683760683760685
4,Christianity,2020-11-01,0.000664451827242525,0.000664451827242525,0.000664451827242525
4,Christianity,2020-12-01,0.0,0.0,0.0
4,Christianity,2021-01-01,0.0,0.0,0.0
4,Christianity,2021-02-01,0.0,0.0,0.0
4,Christianity,2021-03-01,0.0,0.0,0.0
4,Christianity,2021-04-01,0.0,0.0,0.0
4,Christianity,2021-05-01,0.0,0.0,0.0
4,Christianity,2021-06-01,0.0,0.0,0.0
4,Christianity,2021-07-01,0.001682085786375105,0.0,0.001682085786375105
4,Christianity,2021-08-01,0.0008771929824561404,0.0008771929824561404,0.0008771929824561404
4,Christianity,2021-09-01,0.0014114326040931546,0.0007057163020465773,0.0014114326040931546
4,Christianity,2021-10-01,0.0006830601092896175,0.0,0.0006830601092896175
4,Christianity,2021-11-01,0.0,0.0,0.0
4,Christianity,2021-12-01,0.0007062146892655367,0.0007062146892655367,0.0007062146892655367
4,Christianity,2022-01-01,0.0007830853563038371,0.0,0.0007830853563038371
4,Christianity,2022-02-01,0.0,0.0,0.0
4,Christianity,2022-03-01,0.0009746588693957114,0.0,0.0009746588693957114
4,Christianity,2022-04-01,0.0011235955056179776,0.0011235955056179776,0.0011235955056179776
4,Christianity,2022-05-01,0.001321003963011889,0.001321003963011889,0.001321003963011889
4,Christianity,2022-06-01,0.0,0.0,0.0
4,Christianity,2022-07-01,0.0015105740181268882,0.0015105740181268882,0.0015105740181268882
4,Christianity,2022-08-01,0.0,0.0,0.0
4,Christianity,2022-09-01,0.0,0.0,0.0
4,Christianity,2022-10-01,0.001375515818431912,0.001375515818431912,0.001375515818431912
4,Christianity,2022-11-01,0.0,0.0,0.0
4,Christianity,2022-12-01,0.0013717421124828531,0.0013717421124828531,0.0013717421124828531
4,Christianity,2023-01-01,0.0,0.0,0.0
4,Christianity,2023-02-01,0.0,0.0,0.0
4,Christianity,2023-03-01,0.0,0.0,0.0
4,Christianity,2023-04-01,0.0012468827930174563,0.0,0.0012468827930174563
4,Christianity,2023-05-01,0.0,0.0,0.0
4,Christianity,2023-06-01,0.0,0.0,0.0
4,Christianity,2023-07-01,0.0013698630136986301,0.0,0.0013698630136986301
4,Christianity,2023-08-01,0.0014925373134328358,0.0014925373134328358,0.0014925373134328358
4,Christianity,2023-09-01,0.0,0.0,0.0
4,Christianity,2023-10-01,0.0,0.0,0.0
4,Christianity,2023-11-01,0.0025806451612903226,0.0025806451612903226,0.0025806451612903226
4,Christianity,2023-12-01,0.003826530612244898,0.0012755102040816326,0.003826530612244898
4,Christianity,2024-01-01,0.0027662517289073307,0.0013831258644536654,0.0027662517289073307
4,Christianity,2024-02-01,0.0,0.0,0.0
4,Christianity,2024-03-01,0.0027739251040221915,0.0013869625520110957,0.0027739251040221915
4,Christianity,2024-04-01,0.0013123359580052493,0.0013123359580052493,0.0013123359580052493
4,Christianity,2024-05-01,0.0016863406408094434,0.0016863406408094434,0.0016863406408094434
4,Christianity,2024-06-01,0.0,0.0,0.0
4,Religion (other),2008-01-01,0.003585759412618458,0.00017075044821992656,0.003329633740288568
4,Religion (other),2008-02-01,0.001128276340913036,0.00017358097552508245,0.0010414858531504947
4,Religion (other),2008-03-01,0.0017459261722647156,0.00041569670768207517,0.0015796474891918856
4,Religion (other),2008-04-01,0.0016178736517719569,0.0003081664098613251,0.0012326656394453005
4,Religion (other),2008-05-01,0.003451960220267938,0.0004109476452699926,0.0029588230459439467
4,Religion (other),2008-06-01,0.0025048705816866127,0.00018554596901382316,0.0021337786436589666
4,Religion (other),2008-07-01,0.0023101090371465535,0.00018480872297172427,0.002125300314174829
4,Religion (other),2008-08-01,0.0015581433491881254,8.200754469411185e-05,0.0013121207151057896
4,Religion (other),2008-09-01,0.004817618719889883,0.0006022023399862354,0.004301445285615967
4,Religion (other),2008-10-01,0.00075041272699985,0.0,0.0006003301815998799
4,Religion (other),2008-11-01,0.0006373486297004461,0.00015933715742511153,0.0005576800509878904
4,Religion (other),2008-12-01,0.0006082196541836824,8.688852202624034e-05,0.0006082196541836824
4,Religion (other),2009-01-01,0.0007160059884137212,0.0003254572674607824,0.0006509145349215648
4,Religion (other),2009-02-01,0.003680634201585504,0.002359380898452246,0.003491883729709324
4,Religion (other),2009-03-01,0.001991040318566451,0.000663680106188817,0.0016592002654720426
4,Religion (other),2009-04-01,0.001277751157961987,0.00023957834211787255,0.0011978917105893627
4,Religion (other),2009-05-01,0.004632426988922457,0.0006042296072507553,0.00433031218529708
4,Religion (other),2009-06-01,0.0015862225243598459,0.00011330160888284614,0.0013596193065941536
4,Religion (other),2009-07-01,0.0023766410140334993,0.00011317338162064282,0.0023766410140334993
4,Religion (other),2009-08-01,0.0006165228113440197,0.0,0.0006165228113440197
4,Religion (other),2009-09-01,0.005656496400411382,0.0011141583818992115,0.005313678436750085
4,Religion (other),2009-10-01,0.002514506769825919,0.00019342359767891682,0.0023210831721470018
4,Religion (other),2009-11-01,0.0038141470180305132,0.001155802126675913,0.0034674063800277394
4,Religion (other),2009-12-01,0.003395816354251562,0.0006791632708503124,0.003395816354251562
4,Religion (other),2010-01-01,0.004434324065196549,0.00047938638542665386,0.004074784276126558
4,Religion (other),2010-02-01,0.007223618090452261,0.000157035175879397,0.006595477386934673
4,Religion (other),2010-03-01,0.0019072769953051643,0.0,0.0017605633802816902
4,Religion (other),2010-04-01,0.001,0.0,0.0007142857142857143
4,Religion (other),2010-05-01,0.001367573317125057,0.000151952590791673,0.001215620726333384
4,Religion (other),2010-06-01,0.0013331358317286328,0.00014812620352540364,0.0010368834246778254
4,Religion (other),2010-07-01,0.013318687354112317,0.0002746121103940684,0.011533708636550871
4,Religion (other),2010-08-01,0.018964514252472368,0.0008144269924374636,0.016288539848749273
4,Religion (other),2010-09-01,0.006307929969104016,0.0019309989701338827,0.005792996910401648
4,Religion (other),2010-10-01,0.0030251216625016442,0.00013152702880441932,0.0023674865184795477
4,Religion (other),2010-11-01,0.005798174191956575,0.0003700962250185048,0.00542807796693807
4,Religion (other),2010-12-01,0.002162341982701264,0.00033266799733865603,0.001829673985362608
4,Religion (other),2011-01-01,0.0024838549428713363,0.0011591323066732903,0.0023182646133465806
4,Religion (other),2011-02-01,0.0001722356183258698,0.0,0.0001722356183258698
4,Religion (other),2011-03-01,0.000491722668415014,0.0,0.00032781511227667593
4,Religion (other),2011-04-01,0.002858002406738869,0.0009025270758122744,0.0024067388688327317
4,Religion (other),2011-05-01,0.0008747375787263821,0.0005248425472358292,0.0006997900629811056
4,Religion (other),2011-06-01,0.00088261253309797,0.0,0.00088261253309797
4,Religion (other),2011-07-01,0.0027999138488046522,0.0004307559767391773,0.0027999138488046522
4,Religion (other),2011-08-01,0.004465052378499056,0.0006869311351537008,0.00429331959471063
4,Religion (other),2011-09-01,0.002702702702702703,0.0,0.0023423423423423423
4,Religion (other),2011-10-01,0.002212039816716701,0.00015800284405119292,0.0015800284405119293
4,Religion (other),2011-11-01,0.000774593338497289,0.0,0.000774593338497289
4,Religion (other),2011-12-01,0.004073714839961203,0.0007759456838021338,0.003297769156159069
4,Religion (other),2012-01-01,0.0005822981366459627,0.0,0.00038819875776397513
4,Religion (other),2012-02-01,0.007144358058415633,0.005463332632906073,0.006934229880226938
4,Religion (other),2012-03-01,0.001152073732718894,0.0,0.0009600614439324117
4,Religion (other),2012-04-01,0.0012889366272824919,0.0,0.0006444683136412459
4,Religion (other),2012-05-01,0.0010759629868732515,0.00021519259737465033,0.0010759629868732515
4,Religion (other),2012-06-01,0.004589261128958238,0.0004589261128958238,0.004589261128958238
4,Religion (other),2012-07-01,0.007144503341783821,0.0016132749481447338,0.005300760543904126
4,Religion (other),2012-08-01,0.0013804527885146328,0.0,0.0011043622308117063
4,Religion (other),2012-09-01,0.0006899724011039559,0.0,0.0006899724011039559
4,Religion (other),2012-10-01,0.001644350481559784,0.0002349072116513977,0.0014094432699083862
4,Religion (other),2012-11-01,0.003,0.0005,0.003
4,Religion (other),2012-12-01,0.0025380710659898475,0.0005640157924421884,0.0022560631697687537
4,Religion (other),2013-01-01,0.0006836827711941659,0.00022789425706472196,0.00045578851412944393
4,Religion (other),2013-02-01,0.00027085590465872155,0.0,0.00027085590465872155
4,Religion (other),2013-03-01,0.0,0.0,0.0
4,Religion (other),2013-04-01,0.0026925148088314485,0.00026925148088314486,0.002154011847065159
4,Religion (other),2013-05-01,0.0003418803418803419,0.0,0.0003418803418803419
4,Religion (other),2013-06-01,0.00038491147036181676,0.0,0.00038491147036181676
4,Religion (other),2013-07-01,0.0020782819535850364,0.0013855213023900243,0.0020782819535850364
4,Religion (other),2013-08-01,0.0030874785591766723,0.0013722126929674098,0.002058319039451115
4,Religion (other),2013-09-01,0.0024982155603140615,0.00035688793718772306,0.0014275517487508922
4,Religion (other),2013-10-01,0.0016739203213927017,0.00033478406427854036,0.0013391362571141614
4,Religion (other),2013-11-01,0.0,0.0,0.0
4,Religion (other),2013-12-01,0.0011441647597254005,0.0007627765064836003,0.0011441647597254005
4,Religion (other),2014-01-01,0.003642384105960265,0.00033112582781456954,0.002317880794701987
4,Religion (other),2014-02-01,0.0010968921389396709,0.0,0.0010968921389396709
4,Religion (other),2014-03-01,0.0009151921903599756,0.0003050640634533252,0.0009151921903599756
4,Religion (other),2014-04-01,0.0010997067448680353,0.00036656891495601173,0.0007331378299120235
4,Religion (other),2014-05-01,0.004543733434305188,0.0026505111700113595,0.0034078000757288905
4,Religion (other),2014-06-01,0.008782435129740519,0.0031936127744510976,0.007984031936127744
4,Religion (other),2014-07-01,0.0006763611768684477,0.00033818058843422386,0.0006763611768684477
4,Religion (other),2014-08-01,0.0034002040122407345,0.0010200612036722204,0.0027201632097925877
4,Religion (other),2014-09-01,0.0028922631959508315,0.0010845986984815619,0.0028922631959508315
4,Religion (other),2014-10-01,0.001834862385321101,0.0009174311926605505,0.001834862385321101
4,Religion (other),2014-11-01,0.0003590664272890485,0.0003590664272890485,0.0003590664272890485
4,Religion (other),2014-12-01,0.004033884630899556,0.0008067769261799112,0.003227107704719645
4,Religion (other),2015-01-01,0.002437325905292479,0.0010445682451253482,0.002437325905292479
4,Religion (other),2015-02-01,0.00351150994927819,0.0019508388607101053,0.0031213421771361686
4,Religion (other),2015-03-01,0.0012095554883580285,0.0006047777441790142,0.0009071666162685213
4,Religion (other),2015-04-01,0.0018140589569160999,0.00045351473922902497,0.0013605442176870747
4,Religion (other),2015-05-01,0.0004576659038901602,0.0004576659038901602,0.0004576659038901602
4,Religion (other),2015-06-01,0.0004786979415988511,0.0,0.0004786979415988511
4,Religion (other),2015-07-01,0.0,0.0,0.0
4,Religion (other),2015-08-01,0.0015408320493066256,0.0005136106831022085,0.001027221366204417
4,Religion (other),2015-09-01,0.0038328861632809506,0.0022997316979685703,0.0026830203142966655
4,Religion (other),2015-10-01,0.004100227790432802,0.0009111617312072893,0.004100227790432802
4,Religion (other),2015-11-01,0.0016051364365971107,0.0004012841091492777,0.001203852327447833
4,Religion (other),2015-12-01,0.003113879003558719,0.0008896797153024911,0.002224199288256228
4,Religion (other),2016-01-01,0.001261564339781329,0.0,0.0008410428931875525
4,Religion (other),2016-02-01,0.0004585052728106373,0.0,0.0004585052728106373
4,Religion (other),2016-03-01,0.0008547008547008547,0.0,0.00042735042735042735
4,Religion (other),2016-04-01,0.0006144393241167435,0.00030721966205837174,0.00030721966205837174
4,Religion (other),2016-05-01,0.0019076688286913392,0.0007630675314765357,0.0019076688286913392
4,Religion (other),2016-06-01,0.001632208922742111,0.001088139281828074,0.001632208922742111
4,Religion (other),2016-07-01,0.0018315018315018315,0.0,0.001221001221001221
4,Religion (other),2016-08-01,0.0,0.0,0.0
4,Religion (other),2016-09-01,0.0,0.0,0.0
4,Religion (other),2016-10-01,0.0,0.0,0.0
4,Religion (other),2016-11-01,0.00044583147570218456,0.00044583147570218456,0.00044583147570218456
4,Religion (other),2016-12-01,0.0004914004914004914,0.0,0.0004914004914004914
4,Religion (other),2017-01-01,0.0012964563526361278,0.000432152117545376,0.0012964563526361278
4,Religion (other),2017-02-01,0.0011799410029498525,0.0005899705014749262,0.0005899705014749262
4,Religion (other),2017-03-01,0.0006238303181534623,0.0006238303181534623,0.0006238303181534623
4,Religion (other),2017-04-01,0.0031031807602792862,0.0,0.0015515903801396431
4,Religion (other),2017-05-01,0.002284408909194746,0.002284408909194746,0.002284408909194746
4,Religion (other),2017-06-01,0.006049606775559589,0.0012099213551119178,0.0054446460980036296
4,Religion (other),2017-07-01,0.0,0.0,0.0
4,Religion (other),2017-08-01,0.003169572107765452,0.0010565240359218173,0.0021130480718436345
4,Religion (other),2017-09-01,0.0016034206306787815,0.0005344735435595938,0.0010689470871191875
4,Religion (other),2017-10-01,0.0013049151805132667,0.0,0.0013049151805132667
4,Religion (other),2017-11-01,0.0006031363088057901,0.0,0.0006031363088057901
4,Religion (other),2017-12-01,0.0007246376811594203,0.0,0.0
4,Religion (other),2018-01-01,0.005384615384615384,0.0007692307692307692,0.005384615384615384
4,Religion (other),2018-02-01,0.0027567195037904893,0.002067539627842867,0.0027567195037904893
4,Religion (other),2018-03-01,0.0,0.0,0.0
4,Religion (other),2018-04-01,0.0009276437847866419,0.0009276437847866419,0.0009276437847866419
4,Religion (other),2018-05-01,0.0008006405124099279,0.0008006405124099279,0.0008006405124099279
4,Religion (other),2018-06-01,0.002798507462686567,0.002798507462686567,0.002798507462686567
4,Religion (other),2018-07-01,0.0015060240963855422,0.0,0.0007530120481927711
4,Religion (other),2018-08-01,0.0007627765064836003,0.0007627765064836003,0.0007627765064836003
4,Religion (other),2018-09-01,0.0,0.0,0.0
4,Religion (other),2018-10-01,0.0,0.0,0.0
4,Religion (other),2018-11-01,0.000727802037845706,0.000727802037845706,0.000727802037845706
4,Religion (other),2018-12-01,0.0,0.0,0.0
4,Religion (other),2019-01-01,0.0005691519635742744,0.0,0.0
4,Religion (other),2019-02-01,0.0,0.0,0.0
4,Religion (other),2019-03-01,0.0012353304508956147,0.0012353304508956147,0.0012353304508956147
4,Religion (other),2019-04-01,0.0005530973451327434,0.0005530973451327434,0.0
4,Religion (other),2019-05-01,0.0,0.0,0.0
4,Religion (other),2019-06-01,0.0008741258741258741,0.0,0.0008741258741258741
4,Religion (other),2019-07-01,0.0,0.0,0.0
4,Religion (other),2019-08-01,0.0008051529790660225,0.0,0.0008051529790660225
4,Religion (other),2019-09-01,0.0,0.0,0.0
4,Religion (other),2019-10-01,0.0,0.0,0.0
4,Religion (other),2019-11-01,0.0,0.0,0.0
4,Religion (other),2019-12-01,0.0008756567425569177,0.0,0.0008756567425569177
4,Religion (other),2020-01-01,0.0008748906386701663,0.0,0.0
4,Religion (other),2020-02-01,0.0,0.0,0.0
4,Religion (other),2020-03-01,0.0,0.0,0.0
4,Religion (other),2020-04-01,0.0016090104585679806,0.0,0.0016090104585679806
4,Religion (other),2020-05-01,0.0,0.0,0.0
4,Religion (other),2020-06-01,0.0016722408026755853,0.0016722408026755853,0.0016722408026755853
4,Religion (other),2020-07-01,0.0015432098765432098,0.0,0.0007716049382716049
4,Religion (other),2020-08-01,0.0006016847172081829,0.0,0.0006016847172081829
4,Religion (other),2020-09-01,0.0025031289111389237,0.0,0.0018773466833541927
4,Religion (other),2020-10-01,0.0,0.0,0.0
4,Religion (other),2020-11-01,0.0,0.0,0.0
4,Religion (other),2020-12-01,0.0006849315068493151,0.0,0.0
4,Religion (other),2021-01-01,0.0,0.0,0.0
4,Religion (other),2021-02-01,0.0017699115044247787,0.0017699115044247787,0.0017699115044247787
4,Religion (other),2021-03-01,0.0008130081300813008,0.0008130081300813008,0.0008130081300813008
4,Religion (other),2021-04-01,0.000689655172413793,0.0,0.000689655172413793
4,Religion (other),2021-05-01,0.0008006405124099279,0.0,0.0
4,Religion (other),2021-06-01,0.0,0.0,0.0
4,Religion (other),2021-07-01,0.0,0.0,0.0
4,Religion (other),2021-08-01,0.0,0.0,0.0
4,Religion (other),2021-09-01,0.0,0.0,0.0
4,Religion (other),2021-10-01,0.0006830601092896175,0.0,0.0006830601092896175
4,Religion (other),2021-11-01,0.0,0.0,0.0
4,Religion (other),2021-12-01,0.0007062146892655367,0.0,0.0007062146892655367
4,Religion (other),2022-01-01,0.0015661707126076742,0.0015661707126076742,0.0015661707126076742
4,Religion (other),2022-02-01,0.0,0.0,0.0
4,Religion (other),2022-03-01,0.0,0.0,0.0
4,Religion (other),2022-04-01,0.0011235955056179776,0.0,0.0
4,Religion (other),2022-05-01,0.0,0.0,0.0
4,Religion (other),2022-06-01,0.0014204545454545455,0.0,0.0014204545454545455
4,Religion (other),2022-07-01,0.0015105740181268882,0.0,0.0015105740181268882
4,Religion (other),2022-08-01,0.0013422818791946308,0.0,0.0013422818791946308
4,Religion (other),2022-09-01,0.0,0.0,0.0
4,Religion (other),2022-10-01,0.001375515818431912,0.001375515818431912,0.001375515818431912
4,Religion (other),2022-11-01,0.0012422360248447205,0.0012422360248447205,0.0012422360248447205
4,Religion (other),2022-12-01,0.0013717421124828531,0.0,0.0
4,Religion (other),2023-01-01,0.0010416666666666667,0.0,0.0
4,Religion (other),2023-02-01,0.0,0.0,0.0
4,Religion (other),2023-03-01,0.0,0.0,0.0
4,Religion (other),2023-04-01,0.0012468827930174563,0.0,0.0012468827930174563
4,Religion (other),2023-05-01,0.002306805074971165,0.0011534025374855825,0.002306805074971165
4,Religion (other),2023-06-01,0.0,0.0,0.0
4,Religion (other),2023-07-01,0.0013698630136986301,0.0,0.0013698630136986301
4,Religion (other),2023-08-01,0.0014925373134328358,0.0,0.0014925373134328358
4,Religion (other),2023-09-01,0.0014245014245014246,0.0014245014245014246,0.0014245014245014246
4,Religion (other),2023-10-01,0.0023446658851113715,0.0011723329425556857,0.0011723329425556857
4,Religion (other),2023-11-01,0.0,0.0,0.0
4,Religion (other),2023-12-01,0.0,0.0,0.0
4,Religion (other),2024-01-01,0.0,0.0,0.0
4,Religion (other),2024-02-01,0.0,0.0,0.0
4,Religion (other),2024-03-01,0.004160887656033287,0.0027739251040221915,0.0027739251040221915
4,Religion (other),2024-04-01,0.0013123359580052493,0.0013123359580052493,0.0013123359580052493
4,Religion (other),2024-05-01,0.0,0.0,0.0
4,Religion (other),2024-06-01,0.0,0.0,0.0
5,Women,2008-01-01,0.002646631947408862,0.0007683770169896696,0.0018782549304191924
5,Women,2008-02-01,0.002343343169588613,0.00026037146328762367,0.0016490192674882833
5,Women,2008-03-01,0.0033255736614566014,0.0004988360492184902,0.002494180246092451
5,Women,2008-04-01,0.0021571648690292757,0.0004622496147919877,0.0017719568567026193
5,Women,2008-05-01,0.0024656858716199555,0.0005753267033779897,0.002054738226349963
5,Women,2008-06-01,0.0017626867056313202,0.00018554596901382316,0.001113275814082939
5,Women,2008-07-01,0.004158196266863796,0.0007392348918868971,0.0036961744594344852
5,Women,2008-08-01,0.0036903395112350334,8.200754469411185e-05,0.002460226340823356
5,Women,2008-09-01,0.002494838265657261,0.0005161734342739161,0.0018926359256710254
5,Women,2008-10-01,0.0018009905447996398,0.00022512381809995497,0.001275701635899745
5,Women,2008-11-01,0.0009560229445506692,7.966857871255577e-05,0.0006373486297004461
5,Women,2008-12-01,0.0019984360066035278,8.688852202624034e-05,0.0017377704405248068
5,Women,2009-01-01,0.0008461888953980343,0.0,0.0005858230814294083
5,Women,2009-02-01,0.0007550018875047187,9.437523593808984e-05,0.0005662514156285391
5,Women,2009-03-01,0.0025717604114816658,0.0007466401194624191,0.002239920358387257
5,Women,2009-04-01,0.0018367672895703562,0.0003992972368631209,0.001756907842197732
5,Women,2009-05-01,0.0026183282980866062,0.00010070493454179255,0.0021148036253776435
5,Women,2009-06-01,0.0015862225243598459,0.00045320643553138455,0.0015862225243598459
5,Women,2009-07-01,0.001358080579447714,0.0003395201448619285,0.001244907197827071
5,Women,2009-08-01,0.0008220304151253596,0.0004110152075626798,0.0008220304151253596
5,Women,2009-09-01,0.0033424751456976346,0.0018854988001371271,0.0033424751456976346
5,Women,2009-10-01,0.002804642166344294,0.00038684719535783365,0.0023210831721470018
5,Women,2009-11-01,0.004507628294036061,0.0006934812760055479,0.003929727230698105
5,Women,2009-12-01,0.0028524857375713123,0.00040749796251018743,0.002580820429231187
5,Women,2010-01-01,0.0008389261744966443,0.0,0.0003595397890699904
5,Women,2010-02-01,0.002512562814070352,0.0,0.001727386934673367
5,Women,2010-03-01,0.0008802816901408451,0.00029342723004694836,0.0007335680751173709
5,Women,2010-04-01,0.0008571428571428571,0.00014285714285714287,0.0008571428571428571
5,Women,2010-05-01,0.003494909588208479,0.000911715544750038,0.002735146634250114
5,Women,2010-06-01,0.0017775144423048438,0.00044437861057621095,0.0014812620352540364
5,Women,2010-07-01,0.0008238363311822051,0.0002746121103940684,0.000686530275985171
5,Women,2010-08-01,0.0018615474112856313,0.0008144269924374636,0.0017452006980802793
5,Women,2010-09-01,0.0025746652935118436,0.0005149330587023687,0.0025746652935118436
5,Women,2010-10-01,0.0018413784032618704,0.00013152702880441932,0.0014467973168486123
5,Women,2010-11-01,0.0011102886750555144,0.0002467308166790032,0.000616827041697508
5,Women,2010-12-01,0.002328675981370592,0.00033266799733865603,0.0013306719893546241
5,Women,2011-01-01,0.000662361318099023,0.00016559032952475575,0.000662361318099023
5,Women,2011-02-01,0.0006889424733034792,0.0001722356183258698,0.0006889424733034792
5,Women,2011-03-01,0.000983445336830028,0.0,0.0006556302245533519
5,Women,2011-04-01,0.0013537906137184115,0.00015042117930204573,0.0012033694344163659
5,Women,2011-05-01,0.0008747375787263821,0.0003498950314905528,0.0008747375787263821
5,Women,2011-06-01,0.00088261253309797,0.0,0.00088261253309797
5,Women,2011-07-01,0.0008615119534783546,0.0,0.0006461339651087659
5,Women,2011-08-01,0.0029194573244032285,0.0003434655675768504,0.0020607934054611026
5,Women,2011-09-01,0.0018018018018018018,0.0007207207207207207,0.0016216216216216215
5,Women,2011-10-01,0.0015800284405119293,0.00031600568810238584,0.0012640227524095434
5,Women,2011-11-01,0.0017041053446940357,0.00046475600309837337,0.001549186676994578
5,Women,2011-12-01,0.0017458777885548012,0.0009699321047526673,0.0015518913676042677
5,Women,2012-01-01,0.0011645962732919255,0.00038819875776397513,0.0009704968944099379
5,Women,2012-02-01,0.0014708972473208657,0.0006303845345660853,0.0010506408909434755
5,Women,2012-03-01,0.002112135176651306,0.000576036866359447,0.0015360983102918587
5,Women,2012-04-01,0.0017185821697099893,0.0,0.0017185821697099893
5,Women,2012-05-01,0.0025823111684958036,0.0008607703894986013,0.002151925973746503
5,Women,2012-06-01,0.0016062413951353832,0.0,0.0011473152822395595
5,Women,2012-07-01,0.0027656141968195437,0.0018437427978796957,0.002535146347084582
5,Women,2012-08-01,0.0005521811154058532,0.0,0.0005521811154058532
5,Women,2012-09-01,0.0011499540018399263,0.00022999080036798528,0.0009199632014719411
5,Women,2012-10-01,0.0014094432699083862,0.0004698144233027954,0.0009396288466055908
5,Women,2012-11-01,0.0005,0.00025,0.0005
5,Women,2012-12-01,0.0014100394811054709,0.0002820078962210942,0.0011280315848843769
5,Women,2013-01-01,0.0013673655423883319,0.00022789425706472196,0.0013673655423883319
5,Women,2013-02-01,0.00027085590465872155,0.0,0.00027085590465872155
5,Women,2013-03-01,0.0010940919037199124,0.0002735229759299781,0.0005470459518599562
5,Women,2013-04-01,0.0005385029617662897,0.0,0.00026925148088314486
5,Women,2013-05-01,0.0010256410256410256,0.0,0.0010256410256410256
5,Women,2013-06-01,0.0007698229407236335,0.0,0.0007698229407236335
5,Women,2013-07-01,0.0027710426047800486,0.0013855213023900243,0.0017319016279875303
5,Women,2013-08-01,0.0017152658662092624,0.00034305317324185246,0.0017152658662092624
5,Women,2013-09-01,0.0010706638115631692,0.0007137758743754461,0.0010706638115631692
5,Women,2013-10-01,0.001004352192835621,0.0,0.001004352192835621
5,Women,2013-11-01,0.001650709805216243,0.0,0.0013205678441729944
5,Women,2013-12-01,0.00038138825324180017,0.00038138825324180017,0.00038138825324180017
5,Women,2014-01-01,0.0006622516556291391,0.0,0.0006622516556291391
5,Women,2014-02-01,0.0021937842778793418,0.00036563071297989033,0.0014625228519195613
5,Women,2014-03-01,0.0012202562538133007,0.0003050640634533252,0.0012202562538133007
5,Women,2014-04-01,0.0007331378299120235,0.0,0.00036656891495601173
5,Women,2014-05-01,0.003029155622870125,0.0007572889057175312,0.003029155622870125
5,Women,2014-06-01,0.006387225548902195,0.003992015968063872,0.005988023952095809
5,Women,2014-07-01,0.002029083530605343,0.0,0.0016909029421711193
5,Women,2014-08-01,0.0013600816048962938,0.0006800408024481469,0.0013600816048962938
5,Women,2014-09-01,0.0007230657989877079,0.0,0.0007230657989877079
5,Women,2014-10-01,0.001834862385321101,0.0013761467889908258,0.001834862385321101
5,Women,2014-11-01,0.0017953321364452424,0.0003590664272890485,0.001436265709156194
5,Women,2014-12-01,0.0016135538523598225,0.0004033884630899556,0.0012101653892698668
5,Women,2015-01-01,0.001392757660167131,0.0006963788300835655,0.0006963788300835655
5,Women,2015-02-01,0.00351150994927819,0.0,0.0015606710885680843
5,Women,2015-03-01,0.002721499848805564,0.0012095554883580285,0.0021167221046265497
5,Women,2015-04-01,0.0013605442176870747,0.0,0.0013605442176870747
5,Women,2015-05-01,0.0009153318077803204,0.0,0.0004576659038901602
5,Women,2015-06-01,0.003350885591191958,0.0009573958831977022,0.0019147917663954045
5,Women,2015-07-01,0.005509641873278237,0.003305785123966942,0.005509641873278237
5,Women,2015-08-01,0.0035952747817154596,0.0005136106831022085,0.0030816640986132513
5,Women,2015-09-01,0.0003832886163280951,0.0003832886163280951,0.0003832886163280951
5,Women,2015-10-01,0.004555808656036446,0.001366742596810934,0.0036446469248291574
5,Women,2015-11-01,0.004815409309791332,0.0004012841091492777,0.004414125200642055
5,Women,2015-12-01,0.003113879003558719,0.00044483985765124553,0.002224199288256228
5,Women,2016-01-01,0.002523128679562658,0.001261564339781329,0.002523128679562658
5,Women,2016-02-01,0.0041265474552957355,0.001375515818431912,0.0036680421824850985
5,Women,2016-03-01,0.0029914529914529917,0.0017094017094017094,0.0017094017094017094
5,Women,2016-04-01,0.0009216589861751152,0.00030721966205837174,0.0009216589861751152
5,Women,2016-05-01,0.0011446012972148034,0.0,0.0011446012972148034
5,Women,2016-06-01,0.002720348204570185,0.002720348204570185,0.002720348204570185
5,Women,2016-07-01,0.0030525030525030525,0.0018315018315018315,0.0018315018315018315
5,Women,2016-08-01,0.0019333011116481392,0.0,0.0009666505558240696
5,Women,2016-09-01,0.005132991133924405,0.0004666355576294914,0.0032664489034064394
5,Women,2016-10-01,0.00261210274270788,0.00043535045711797995,0.00130605137135394
5,Women,2016-11-01,0.0013374944271065537,0.0,0.00044583147570218456
5,Women,2016-12-01,0.0019656019656019656,0.0004914004914004914,0.0019656019656019656
5,Women,2017-01-01,0.00216076058772688,0.000864304235090752,0.00216076058772688
5,Women,2017-02-01,0.0058997050147492625,0.002359882005899705,0.0058997050147492625
5,Women,2017-03-01,0.0056144728633811605,0.002495321272613849,0.004990642545227698
5,Women,2017-04-01,0.003878975950349108,0.0023273855702094647,0.0031031807602792862
5,Women,2017-05-01,0.005139920045688178,0.002284408909194746,0.004568817818389492
5,Women,2017-06-01,0.0018148820326678765,0.0018148820326678765,0.0018148820326678765
5,Women,2017-07-01,0.004335260115606936,0.001445086705202312,0.002890173410404624
5,Women,2017-08-01,0.004754358161648178,0.003169572107765452,0.004226096143687269
5,Women,2017-09-01,0.0010689470871191875,0.0,0.0010689470871191875
5,Women,2017-10-01,0.004349717268377556,0.00043497172683775554,0.0034797738147020443
5,Women,2017-11-01,0.007840772014475271,0.0018094089264173703,0.007840772014475271
5,Women,2017-12-01,0.013768115942028985,0.005072463768115942,0.010869565217391304
5,Women,2018-01-01,0.010769230769230769,0.003076923076923077,0.006923076923076923
5,Women,2018-02-01,0.008270158511371467,0.0034458993797381117,0.007580978635423846
5,Women,2018-03-01,0.008039579468150896,0.0006184291898577613,0.006802721088435374
5,Women,2018-04-01,0.00463821892393321,0.0009276437847866419,0.00463821892393321
5,Women,2018-05-01,0.0040032025620496394,0.0008006405124099279,0.0040032025620496394
5,Women,2018-06-01,0.007462686567164179,0.0046641791044776115,0.007462686567164179
5,Women,2018-07-01,0.00677710843373494,0.0030120481927710845,0.006024096385542169
5,Women,2018-08-01,0.005339435545385202,0.002288329519450801,0.0030511060259344014
5,Women,2018-09-01,0.0031605562579013905,0.0012642225031605564,0.0025284450063211127
5,Women,2018-10-01,0.012753188297074268,0.006751687921980495,0.010502625656414103
5,Women,2018-11-01,0.006550218340611353,0.0,0.005822416302765648
5,Women,2018-12-01,0.00686641697877653,0.0024968789013732834,0.006242197253433208
5,Women,2019-01-01,0.003414911781445646,0.0011383039271485487,0.003414911781445646
5,Women,2019-02-01,0.006983240223463687,0.0034916201117318434,0.004888268156424581
5,Women,2019-03-01,0.005558987029030266,0.0024706609017912293,0.004941321803582459
5,Women,2019-04-01,0.0011061946902654867,0.0,0.0005530973451327434
5,Women,2019-05-01,0.0019138755980861245,0.0,0.0014354066985645933
5,Women,2019-06-01,0.0026223776223776225,0.0008741258741258741,0.0017482517482517483
5,Women,2019-07-01,0.002749770852428964,0.0009165902841429881,0.002749770852428964
5,Women,2019-08-01,0.0008051529790660225,0.0,0.0008051529790660225
5,Women,2019-09-01,0.0,0.0,0.0
5,Women,2019-10-01,0.002898550724637681,0.000966183574879227,0.001932367149758454
5,Women,2019-11-01,0.0,0.0,0.0
5,Women,2019-12-01,0.0035026269702276708,0.0008756567425569177,0.002626970227670753
5,Women,2020-01-01,0.003499562554680665,0.0017497812773403325,0.0026246719160104987
5,Women,2020-02-01,0.001037344398340249,0.0,0.001037344398340249
5,Women,2020-03-01,0.002489110143123833,0.0006222775357809583,0.0012445550715619166
5,Women,2020-04-01,0.002413515687851971,0.0008045052292839903,0.002413515687851971
5,Women,2020-05-01,0.004780114722753346,0.0019120458891013384,0.004780114722753346
5,Women,2020-06-01,0.006688963210702341,0.0033444816053511705,0.006688963210702341
5,Women,2020-07-01,0.0030864197530864196,0.0,0.0015432098765432098
5,Women,2020-08-01,0.0024067388688327317,0.0006016847172081829,0.0018050541516245488
5,Women,2020-09-01,0.00688360450563204,0.0031289111389236545,0.005632040050062578
5,Women,2020-10-01,0.004273504273504274,0.002136752136752137,0.003205128205128205
5,Women,2020-11-01,0.004651162790697674,0.00132890365448505,0.004651162790697674
5,Women,2020-12-01,0.003424657534246575,0.0,0.002054794520547945
5,Women,2021-01-01,0.0031446540880503146,0.0,0.0023584905660377358
5,Women,2021-02-01,0.0035398230088495575,0.0,0.0017699115044247787
5,Women,2021-03-01,0.0008130081300813008,0.0008130081300813008,0.0008130081300813008
5,Women,2021-04-01,0.001379310344827586,0.0,0.000689655172413793
5,Women,2021-05-01,0.0008006405124099279,0.0,0.0008006405124099279
5,Women,2021-06-01,0.004694835680751174,0.0,0.0028169014084507044
5,Women,2021-07-01,0.005887300252312868,0.0008410428931875525,0.004205214465937763
5,Women,2021-08-01,0.0061403508771929825,0.0035087719298245615,0.0061403508771929825
5,Women,2021-09-01,0.009880028228652082,0.0056457304163726185,0.009174311926605505
5,Women,2021-10-01,0.007513661202185792,0.0020491803278688526,0.006830601092896175
5,Women,2021-11-01,0.000794912559618442,0.0,0.000794912559618442
5,Women,2021-12-01,0.0007062146892655367,0.0,0.0007062146892655367
5,Women,2022-01-01,0.0023492560689115116,0.0,0.0023492560689115116
5,Women,2022-02-01,0.005889281507656066,0.001177856301531213,0.004711425206124852
5,Women,2022-03-01,0.0,0.0,0.0
5,Women,2022-04-01,0.0044943820224719105,0.0011235955056179776,0.0033707865168539327
5,Women,2022-05-01,0.001321003963011889,0.001321003963011889,0.001321003963011889
5,Women,2022-06-01,0.007102272727272727,0.0014204545454545455,0.004261363636363636
5,Women,2022-07-01,0.0030211480362537764,0.0015105740181268882,0.0030211480362537764
5,Women,2022-08-01,0.0013422818791946308,0.0013422818791946308,0.0013422818791946308
5,Women,2022-09-01,0.001272264631043257,0.0,0.001272264631043257
5,Women,2022-10-01,0.005502063273727648,0.002751031636863824,0.005502063273727648
5,Women,2022-11-01,0.0037267080745341614,0.0012422360248447205,0.002484472049689441
5,Women,2022-12-01,0.0027434842249657062,0.0,0.0013717421124828531
5,Women,2023-01-01,0.004166666666666667,0.0,0.003125
5,Women,2023-02-01,0.003015075376884422,0.0010050251256281408,0.0020100502512562816
5,Women,2023-03-01,0.013458950201884253,0.004037685060565276,0.012113055181695828
5,Women,2023-04-01,0.008728179551122194,0.0,0.006234413965087282
5,Women,2023-05-01,0.010380622837370242,0.00461361014994233,0.010380622837370242
5,Women,2023-06-01,0.008706467661691543,0.0,0.004975124378109453
5,Women,2023-07-01,0.0027397260273972603,0.0013698630136986301,0.0027397260273972603
5,Women,2023-08-01,0.0014925373134328358,0.0014925373134328358,0.0014925373134328358
5,Women,2023-09-01,0.007122507122507123,0.0014245014245014246,0.005698005698005698
5,Women,2023-10-01,0.012895662368112544,0.004689331770222743,0.009378663540445486
5,Women,2023-11-01,0.007741935483870968,0.0012903225806451613,0.007741935483870968
5,Women,2023-12-01,0.008928571428571428,0.007653061224489796,0.008928571428571428
5,Women,2024-01-01,0.006915629322268326,0.0027662517289073307,0.005532503457814661
5,Women,2024-02-01,0.002840909090909091,0.002840909090909091,0.002840909090909091
5,Women,2024-03-01,0.013869625520110958,0.006934812760055479,0.012482662968099861
5,Women,2024-04-01,0.01837270341207349,0.010498687664041995,0.01837270341207349
5,Women,2024-05-01,0.008431703204047217,0.003372681281618887,0.006745362563237774
5,Women,2024-06-01,0.0,0.0,0.0
5,Men,2008-01-01,0.0009391274652095962,0.00025612567232988985,0.0007683770169896696
5,Men,2008-02-01,0.0013886478042006596,0.0,0.0008679048776254123
5,Men,2008-03-01,0.0009145327569005654,0.0002494180246092451,0.0007482540738277353
5,Men,2008-04-01,0.0009244992295839754,0.00015408320493066256,0.0007704160246533128
5,Men,2008-05-01,0.0006575162324319882,0.00016437905810799704,0.0004931371743239912
5,Men,2008-06-01,0.0010205028295760274,0.0,0.0003710919380276463
5,Men,2008-07-01,0.003234152652005175,0.00018480872297172427,0.002772130844575864
5,Men,2008-08-01,0.0026242414302115793,8.200754469411185e-05,0.0015581433491881254
5,Men,2008-09-01,0.0007742601514108741,0.0,0.0004301445285615967
5,Men,2008-10-01,0.0008254539996998349,7.504127269998499e-05,0.000525288908899895
5,Men,2008-11-01,0.0005576800509878904,7.966857871255577e-05,0.0003983428935627788
5,Men,2008-12-01,0.0019115474845772874,0.0,0.0016508819184985664
5,Men,2009-01-01,0.0009763718023823472,6.509145349215648e-05,0.0007160059884137212
5,Men,2009-02-01,0.0007550018875047187,0.0,0.00047187617969044924
5,Men,2009-03-01,0.0009955201592832255,0.00024888003982080636,0.0008296001327360213
5,Men,2009-04-01,0.0005590161316083692,7.985944737262418e-05,0.0005590161316083692
5,Men,2009-05-01,0.0012084592145015106,0.00010070493454179255,0.0007049345417925478
5,Men,2009-06-01,0.0003399048266485384,0.0,0.0003399048266485384
5,Men,2009-07-01,0.0007922136713444998,0.00022634676324128565,0.0004526935264825713
5,Men,2009-08-01,0.00010275380189066995,0.00010275380189066995,0.00010275380189066995
5,Men,2009-09-01,0.0002571134727459719,0.0,0.0002571134727459719
5,Men,2009-10-01,0.0011605415860735009,0.00019342359767891682,0.0007736943907156673
5,Men,2009-11-01,0.0001155802126675913,0.0,0.0001155802126675913
5,Men,2009-12-01,0.0008149959250203749,0.0,0.00027166530834012495
5,Men,2010-01-01,0.0007190795781399808,0.0,0.00047938638542665386
5,Men,2010-02-01,0.000628140703517588,0.0,0.000314070351758794
5,Men,2010-03-01,0.00029342723004694836,0.00014671361502347418,0.00029342723004694836
5,Men,2010-04-01,0.0,0.0,0.0
5,Men,2010-05-01,0.000911715544750038,0.000151952590791673,0.000759762953958365
5,Men,2010-06-01,0.0007406310176270182,0.00014812620352540364,0.00044437861057621095
5,Men,2010-07-01,0.00041191816559110257,0.0,0.00041191816559110257
5,Men,2010-08-01,0.0005817335660267597,0.00011634671320535195,0.0004653868528214078
5,Men,2010-09-01,0.0011585993820803296,0.0003861997940267765,0.0011585993820803296
5,Men,2010-10-01,0.0005261081152176773,0.0,0.0003945810864132579
5,Men,2010-11-01,0.0,0.0,0.0
5,Men,2010-12-01,0.000499001996007984,0.0,0.00016633399866932801
5,Men,2011-01-01,0.00016559032952475575,0.0,0.00016559032952475575
5,Men,2011-02-01,0.0,0.0,0.0
5,Men,2011-03-01,0.000491722668415014,0.0,0.000491722668415014
5,Men,2011-04-01,0.0007521058965102287,0.0,0.0004512635379061372
5,Men,2011-05-01,0.0006997900629811056,0.0,0.0006997900629811056
5,Men,2011-06-01,0.0002206531332744925,0.0,0.0002206531332744925
5,Men,2011-07-01,0.0008615119534783546,0.0,0.0004307559767391773
5,Men,2011-08-01,0.0037781212433453545,0.0006869311351537008,0.003262922891980079
5,Men,2011-09-01,0.0007207207207207207,0.00036036036036036037,0.0007207207207207207
5,Men,2011-10-01,0.0006320113762047717,0.0,0.0006320113762047717
5,Men,2011-11-01,0.0006196746707978311,0.00015491866769945777,0.00046475600309837337
5,Men,2011-12-01,0.00019398642095053346,0.0,0.0
5,Men,2012-01-01,0.0009704968944099379,0.0,0.0007763975155279503
5,Men,2012-02-01,0.0004202563563773902,0.0,0.0004202563563773902
5,Men,2012-03-01,0.00038402457757296467,0.0,0.0
5,Men,2012-04-01,0.0004296455424274973,0.0,0.0004296455424274973
5,Men,2012-05-01,0.00043038519474930065,0.0,0.00021519259737465033
5,Men,2012-06-01,0.0006883891693437356,0.0,0.0002294630564479119
5,Men,2012-07-01,0.0009218713989398478,0.0,0.0004609356994699239
5,Men,2012-08-01,0.0,0.0,0.0
5,Men,2012-09-01,0.00022999080036798528,0.0,0.00022999080036798528
5,Men,2012-10-01,0.0007047216349541931,0.0,0.0004698144233027954
5,Men,2012-11-01,0.00025,0.0,0.00025
5,Men,2012-12-01,0.0002820078962210942,0.0,0.0002820078962210942
5,Men,2013-01-01,0.00045578851412944393,0.0,0.00022789425706472196
5,Men,2013-02-01,0.00027085590465872155,0.0,0.0
5,Men,2013-03-01,0.0005470459518599562,0.0002735229759299781,0.0002735229759299781
5,Men,2013-04-01,0.00026925148088314486,0.0,0.00026925148088314486
5,Men,2013-05-01,0.0010256410256410256,0.0010256410256410256,0.0010256410256410256
5,Men,2013-06-01,0.0,0.0,0.0
5,Men,2013-07-01,0.0020782819535850364,0.0,0.0010391409767925182
5,Men,2013-08-01,0.00034305317324185246,0.0,0.00034305317324185246
5,Men,2013-09-01,0.0,0.0,0.0
5,Men,2013-10-01,0.00033478406427854036,0.0,0.00033478406427854036
5,Men,2013-11-01,0.0006602839220864972,0.0,0.0006602839220864972
5,Men,2013-12-01,0.0,0.0,0.0
5,Men,2014-01-01,0.0006622516556291391,0.0,0.0006622516556291391
5,Men,2014-02-01,0.0014625228519195613,0.0,0.0007312614259597807
5,Men,2014-03-01,0.0003050640634533252,0.0,0.0003050640634533252
5,Men,2014-04-01,0.00036656891495601173,0.0,0.00036656891495601173
5,Men,2014-05-01,0.0,0.0,0.0
5,Men,2014-06-01,0.0007984031936127744,0.0003992015968063872,0.0007984031936127744
5,Men,2014-07-01,0.00033818058843422386,0.0,0.0
5,Men,2014-08-01,0.0006800408024481469,0.00034002040122407346,0.0006800408024481469
5,Men,2014-09-01,0.00036153289949385393,0.00036153289949385393,0.00036153289949385393
5,Men,2014-10-01,0.0009174311926605505,0.0,0.0009174311926605505
5,Men,2014-11-01,0.0003590664272890485,0.0,0.0003590664272890485
5,Men,2014-12-01,0.0,0.0,0.0
5,Men,2015-01-01,0.0010445682451253482,0.0006963788300835655,0.0006963788300835655
5,Men,2015-02-01,0.0027311744049941474,0.0,0.0011705033164260631
5,Men,2015-03-01,0.0003023888720895071,0.0003023888720895071,0.0003023888720895071
5,Men,2015-04-01,0.00045351473922902497,0.0,0.00045351473922902497
5,Men,2015-05-01,0.0004576659038901602,0.0004576659038901602,0.0004576659038901602
5,Men,2015-06-01,0.0028721876495931067,0.0,0.0014360938247965534
5,Men,2015-07-01,0.0011019283746556473,0.0005509641873278236,0.0011019283746556473
5,Men,2015-08-01,0.0005136106831022085,0.0,0.0005136106831022085
5,Men,2015-09-01,0.0019164430816404753,0.0003832886163280951,0.0019164430816404753
5,Men,2015-10-01,0.0009111617312072893,0.0,0.0009111617312072893
5,Men,2015-11-01,0.0008025682182985554,0.0004012841091492777,0.0004012841091492777
5,Men,2015-12-01,0.0,0.0,0.0
5,Men,2016-01-01,0.0008410428931875525,0.00042052144659377626,0.0008410428931875525
5,Men,2016-02-01,0.0004585052728106373,0.0,0.0004585052728106373
5,Men,2016-03-01,0.0,0.0,0.0
5,Men,2016-04-01,0.00030721966205837174,0.0,0.0
5,Men,2016-05-01,0.0,0.0,0.0
5,Men,2016-06-01,0.0,0.0,0.0
5,Men,2016-07-01,0.0,0.0,0.0
5,Men,2016-08-01,0.0,0.0,0.0
5,Men,2016-09-01,0.0013999066728884741,0.0,0.0013999066728884741
5,Men,2016-10-01,0.0008707009142359599,0.0,0.00043535045711797995
5,Men,2016-11-01,0.00044583147570218456,0.00044583147570218456,0.00044583147570218456
5,Men,2016-12-01,0.0,0.0,0.0
5,Men,2017-01-01,0.000432152117545376,0.0,0.000432152117545376
5,Men,2017-02-01,0.0017699115044247787,0.0005899705014749262,0.0017699115044247787
5,Men,2017-03-01,0.0006238303181534623,0.0,0.0006238303181534623
5,Men,2017-04-01,0.0007757951900698216,0.0,0.0007757951900698216
5,Men,2017-05-01,0.0005711022272986865,0.0,0.0005711022272986865
5,Men,2017-06-01,0.0,0.0,0.0
5,Men,2017-07-01,0.000722543352601156,0.0,0.000722543352601156
5,Men,2017-08-01,0.003169572107765452,0.0,0.002641310089804543
5,Men,2017-09-01,0.0016034206306787815,0.0005344735435595938,0.0016034206306787815
5,Men,2017-10-01,0.0017398869073510222,0.0,0.0013049151805132667
5,Men,2017-11-01,0.0024125452352231603,0.0006031363088057901,0.0024125452352231603
5,Men,2017-12-01,0.005072463768115942,0.002173913043478261,0.004347826086956522
5,Men,2018-01-01,0.0038461538461538464,0.0,0.002307692307692308
5,Men,2018-02-01,0.002067539627842867,0.0,0.0006891798759476223
5,Men,2018-03-01,0.004947433518862091,0.0006184291898577613,0.0037105751391465678
5,Men,2018-04-01,0.0018552875695732839,0.0,0.0018552875695732839
5,Men,2018-05-01,0.0008006405124099279,0.0,0.0008006405124099279
5,Men,2018-06-01,0.002798507462686567,0.0009328358208955224,0.002798507462686567
5,Men,2018-07-01,0.0037650602409638554,0.0015060240963855422,0.002259036144578313
5,Men,2018-08-01,0.0015255530129672007,0.0,0.0015255530129672007
5,Men,2018-09-01,0.0018963337547408343,0.0,0.0006321112515802782
5,Men,2018-10-01,0.006751687921980495,0.0015003750937734434,0.0037509377344336083
5,Men,2018-11-01,0.004366812227074236,0.0,0.004366812227074236
5,Men,2018-12-01,0.003745318352059925,0.0012484394506866417,0.003745318352059925
5,Men,2019-01-01,0.0011383039271485487,0.0005691519635742744,0.0011383039271485487
5,Men,2019-02-01,0.0006983240223463687,0.0006983240223463687,0.0006983240223463687
5,Men,2019-03-01,0.0030883261272390363,0.0006176652254478073,0.0018529956763434219
5,Men,2019-04-01,0.0,0.0,0.0
5,Men,2019-05-01,0.0004784688995215311,0.0,0.0004784688995215311
5,Men,2019-06-01,0.0017482517482517483,0.0008741258741258741,0.0017482517482517483
5,Men,2019-07-01,0.0,0.0,0.0
5,Men,2019-08-01,0.0008051529790660225,0.0,0.0008051529790660225
5,Men,2019-09-01,0.0,0.0,0.0
5,Men,2019-10-01,0.005797101449275362,0.003864734299516908,0.004830917874396135
5,Men,2019-11-01,0.0017436791630340018,0.0017436791630340018,0.0017436791630340018
5,Men,2019-12-01,0.0017513134851138354,0.0008756567425569177,0.0008756567425569177
5,Men,2020-01-01,0.0017497812773403325,0.0008748906386701663,0.0017497812773403325
5,Men,2020-02-01,0.0,0.0,0.0
5,Men,2020-03-01,0.0,0.0,0.0
5,Men,2020-04-01,0.0016090104585679806,0.0,0.0016090104585679806
5,Men,2020-05-01,0.0009560229445506692,0.0,0.0009560229445506692
5,Men,2020-06-01,0.005852842809364548,0.002508361204013378,0.005852842809364548
5,Men,2020-07-01,0.004629629629629629,0.0015432098765432098,0.004629629629629629
5,Men,2020-08-01,0.0006016847172081829,0.0,0.0006016847172081829
5,Men,2020-09-01,0.0012515644555694619,0.0012515644555694619,0.0012515644555694619
5,Men,2020-10-01,0.0037393162393162395,0.0016025641025641025,0.003205128205128205
5,Men,2020-11-01,0.00132890365448505,0.000664451827242525,0.00132890365448505
5,Men,2020-12-01,0.0006849315068493151,0.0,0.0006849315068493151
5,Men,2021-01-01,0.0,0.0,0.0
5,Men,2021-02-01,0.0017699115044247787,0.0008849557522123894,0.0008849557522123894
5,Men,2021-03-01,0.0,0.0,0.0
5,Men,2021-04-01,0.001379310344827586,0.0,0.000689655172413793
5,Men,2021-05-01,0.0008006405124099279,0.0,0.0008006405124099279
5,Men,2021-06-01,0.0009389671361502347,0.0,0.0
5,Men,2021-07-01,0.0,0.0,0.0
5,Men,2021-08-01,0.0,0.0,0.0
5,Men,2021-09-01,0.0028228652081863093,0.0014114326040931546,0.0028228652081863093
5,Men,2021-10-01,0.001366120218579235,0.0006830601092896175,0.0006830601092896175
5,Men,2021-11-01,0.0,0.0,0.0
5,Men,2021-12-01,0.0,0.0,0.0
5,Men,2022-01-01,0.0007830853563038371,0.0,0.0007830853563038371
5,Men,2022-02-01,0.001177856301531213,0.001177856301531213,0.001177856301531213
5,Men,2022-03-01,0.001949317738791423,0.0,0.0
5,Men,2022-04-01,0.0044943820224719105,0.0,0.0033707865168539327
5,Men,2022-05-01,0.002642007926023778,0.001321003963011889,0.002642007926023778
5,Men,2022-06-01,0.0,0.0,0.0
5,Men,2022-07-01,0.0,0.0,0.0
5,Men,2022-08-01,0.0,0.0,0.0
5,Men,2022-09-01,0.0,0.0,0.0
5,Men,2022-10-01,0.0,0.0,0.0
5,Men,2022-11-01,0.0,0.0,0.0
5,Men,2022-12-01,0.0013717421124828531,0.0,0.0013717421124828531
5,Men,2023-01-01,0.0020833333333333333,0.0,0.0010416666666666667
5,Men,2023-02-01,0.0010050251256281408,0.0,0.0
5,Men,2023-03-01,0.005383580080753701,0.0,0.004037685060565276
5,Men,2023-04-01,0.0,0.0,0.0
5,Men,2023-05-01,0.0011534025374855825,0.0,0.0
5,Men,2023-06-01,0.006218905472636816,0.0,0.0024875621890547263
5,Men,2023-07-01,0.0013698630136986301,0.0,0.0013698630136986301
5,Men,2023-08-01,0.0,0.0,0.0
5,Men,2023-09-01,0.0014245014245014246,0.0,0.0014245014245014246
5,Men,2023-10-01,0.004689331770222743,0.0011723329425556857,0.0035169988276670576
5,Men,2023-11-01,0.0012903225806451613,0.0,0.0012903225806451613
5,Men,2023-12-01,0.002551020408163265,0.0,0.002551020408163265
5,Men,2024-01-01,0.0013831258644536654,0.0,0.0
5,Men,2024-02-01,0.0,0.0,0.0
5,Men,2024-03-01,0.0027739251040221915,0.0013869625520110957,0.0027739251040221915
5,Men,2024-04-01,0.0013123359580052493,0.0013123359580052493,0.0013123359580052493
5,Men,2024-05-01,0.0,0.0,0.0
5,Men,2024-06-01,0.0,0.0,0.0
6,LGBTQIA+,2008-01-01,0.00017075044821992656,8.537522410996328e-05,0.00017075044821992656
6,LGBTQIA+,2008-02-01,0.00026037146328762367,0.00017358097552508245,0.00026037146328762367
6,LGBTQIA+,2008-03-01,0.00041569670768207517,0.00041569670768207517,0.00041569670768207517
6,LGBTQIA+,2008-04-01,0.0009244992295839754,0.0005392912172573189,0.000847457627118644
6,LGBTQIA+,2008-05-01,0.0002465685871619956,0.00016437905810799704,0.0002465685871619956
6,LGBTQIA+,2008-06-01,0.0008349568605622043,0.0003710919380276463,0.00046386492253455794
6,LGBTQIA+,2008-07-01,0.002864535206061726,0.002125300314174829,0.002679726483090002
6,LGBTQIA+,2008-08-01,0.0010660980810234541,0.0004100377234705593,0.0010660980810234541
6,LGBTQIA+,2008-09-01,0.00017205781142463867,8.602890571231934e-05,0.00017205781142463867
6,LGBTQIA+,2008-10-01,0.00030016509079993996,0.00022512381809995497,0.00030016509079993996
6,LGBTQIA+,2008-11-01,0.001035691523263225,0.0005576800509878904,0.0009560229445506692
6,LGBTQIA+,2008-12-01,8.688852202624034e-05,0.0,0.0
6,LGBTQIA+,2009-01-01,0.0007160059884137212,0.00026036581396862593,0.0003905487209529389
6,LGBTQIA+,2009-02-01,0.0028312570781426952,0.0021706304265760664,0.0027368818422046056
6,LGBTQIA+,2009-03-01,0.00016592002654720425,8.296001327360213e-05,0.00016592002654720425
6,LGBTQIA+,2009-04-01,0.0009583133684714902,0.0006388755789809935,0.0009583133684714902
6,LGBTQIA+,2009-05-01,0.0010070493454179255,0.0007049345417925478,0.0009063444108761329
6,LGBTQIA+,2009-06-01,0.0005665080444142307,0.00045320643553138455,0.0005665080444142307
6,LGBTQIA+,2009-07-01,0.00011317338162064282,0.0,0.0
6,LGBTQIA+,2009-08-01,0.0004110152075626798,0.0002055076037813399,0.00030826140567200987
6,LGBTQIA+,2009-09-01,0.0011141583818992115,0.0008570449091532396,0.0010284538909838875
6,LGBTQIA+,2009-10-01,0.00038684719535783365,0.00019342359767891682,0.00038684719535783365
6,LGBTQIA+,2009-11-01,0.003236245954692557,0.0020804438280166435,0.003005085529357374
6,LGBTQIA+,2009-12-01,0.0035316490084216245,0.0019016571583808748,0.003395816354251562
6,LGBTQIA+,2010-01-01,0.00023969319271332693,0.00011984659635666346,0.00023969319271332693
6,LGBTQIA+,2010-02-01,0.000628140703517588,0.000157035175879397,0.000628140703517588
6,LGBTQIA+,2010-03-01,0.00014671361502347418,0.00014671361502347418,0.00014671361502347418
6,LGBTQIA+,2010-04-01,0.00042857142857142855,0.00028571428571428574,0.00042857142857142855
6,LGBTQIA+,2010-05-01,0.000911715544750038,0.000607810363166692,0.000759762953958365
6,LGBTQIA+,2010-06-01,0.0023700192564064583,0.0008887572211524219,0.0019256406458302473
6,LGBTQIA+,2010-07-01,0.00041191816559110257,0.00041191816559110257,0.00041191816559110257
6,LGBTQIA+,2010-08-01,0.004072134962187318,0.002792321116928447,0.004072134962187318
6,LGBTQIA+,2010-09-01,0.005020597322348095,0.002188465499485067,0.004505664263645726
6,LGBTQIA+,2010-10-01,0.0003945810864132579,0.0,0.00026305405760883863
6,LGBTQIA+,2010-11-01,0.002714038983469035,0.0008635578583765112,0.0019738465334320256
6,LGBTQIA+,2010-12-01,0.00016633399866932801,0.00016633399866932801,0.00016633399866932801
6,LGBTQIA+,2011-01-01,0.00016559032952475575,0.00016559032952475575,0.00016559032952475575
6,LGBTQIA+,2011-02-01,0.0003444712366517396,0.0001722356183258698,0.0001722356183258698
6,LGBTQIA+,2011-03-01,0.00016390755613833797,0.00016390755613833797,0.00016390755613833797
6,LGBTQIA+,2011-04-01,0.0,0.0,0.0
6,LGBTQIA+,2011-05-01,0.0003498950314905528,0.0001749475157452764,0.0003498950314905528
6,LGBTQIA+,2011-06-01,0.0002206531332744925,0.0,0.0002206531332744925
6,LGBTQIA+,2011-07-01,0.0,0.0,0.0
6,LGBTQIA+,2011-08-01,0.0020607934054611026,0.0013738622703074017,0.0018890606216726772
6,LGBTQIA+,2011-09-01,0.0,0.0,0.0
6,LGBTQIA+,2011-10-01,0.0,0.0,0.0
6,LGBTQIA+,2011-11-01,0.00030983733539891554,0.00015491866769945777,0.00030983733539891554
6,LGBTQIA+,2011-12-01,0.0005819592628516004,0.0005819592628516004,0.0005819592628516004
6,LGBTQIA+,2012-01-01,0.00019409937888198756,0.00019409937888198756,0.00019409937888198756
6,LGBTQIA+,2012-02-01,0.014078587938642572,0.013027947047699096,0.013658331582265182
6,LGBTQIA+,2012-03-01,0.001152073732718894,0.00019201228878648233,0.0009600614439324117
6,LGBTQIA+,2012-04-01,0.0,0.0,0.0
6,LGBTQIA+,2012-05-01,0.0008607703894986013,0.0006455777921239509,0.0006455777921239509
6,LGBTQIA+,2012-06-01,0.0,0.0,0.0
6,LGBTQIA+,2012-07-01,0.004148421295229315,0.0020742106476146576,0.0032265498962894676
6,LGBTQIA+,2012-08-01,0.0005521811154058532,0.0002760905577029266,0.0005521811154058532
6,LGBTQIA+,2012-09-01,0.00045998160073597056,0.00022999080036798528,0.00022999080036798528
6,LGBTQIA+,2012-10-01,0.0004698144233027954,0.0,0.0002349072116513977
6,LGBTQIA+,2012-11-01,0.00325,0.002,0.003
6,LGBTQIA+,2012-12-01,0.0005640157924421884,0.0002820078962210942,0.0005640157924421884
6,LGBTQIA+,2013-01-01,0.0,0.0,0.0
6,LGBTQIA+,2013-02-01,0.0010834236186348862,0.00027085590465872155,0.0010834236186348862
6,LGBTQIA+,2013-03-01,0.0008205689277899343,0.0005470459518599562,0.0008205689277899343
6,LGBTQIA+,2013-04-01,0.00026925148088314486,0.00026925148088314486,0.00026925148088314486
6,LGBTQIA+,2013-05-01,0.0,0.0,0.0
6,LGBTQIA+,2013-06-01,0.0,0.0,0.0
6,LGBTQIA+,2013-07-01,0.0006927606511950121,0.00034638032559750607,0.0006927606511950121
6,LGBTQIA+,2013-08-01,0.005831903945111492,0.004802744425385935,0.005831903945111492
6,LGBTQIA+,2013-09-01,0.0007137758743754461,0.00035688793718772306,0.0007137758743754461
6,LGBTQIA+,2013-10-01,0.0006695681285570807,0.0006695681285570807,0.0006695681285570807
6,LGBTQIA+,2013-11-01,0.0,0.0,0.0
6,LGBTQIA+,2013-12-01,0.0007627765064836003,0.0,0.00038138825324180017
6,LGBTQIA+,2014-01-01,0.0006622516556291391,0.00033112582781456954,0.0006622516556291391
6,LGBTQIA+,2014-02-01,0.00036563071297989033,0.00036563071297989033,0.00036563071297989033
6,LGBTQIA+,2014-03-01,0.0006101281269066504,0.0006101281269066504,0.0006101281269066504
6,LGBTQIA+,2014-04-01,0.0007331378299120235,0.00036656891495601173,0.0007331378299120235
6,LGBTQIA+,2014-05-01,0.002271866717152594,0.001135933358576297,0.002271866717152594
6,LGBTQIA+,2014-06-01,0.0,0.0,0.0
6,LGBTQIA+,2014-07-01,0.0010145417653026716,0.0006763611768684477,0.0010145417653026716
6,LGBTQIA+,2014-08-01,0.004420265215912955,0.0027201632097925877,0.004080244814688882
6,LGBTQIA+,2014-09-01,0.0007230657989877079,0.0007230657989877079,0.0007230657989877079
6,LGBTQIA+,2014-10-01,0.00045871559633027525,0.0,0.00045871559633027525
6,LGBTQIA+,2014-11-01,0.001436265709156194,0.001436265709156194,0.001436265709156194
6,LGBTQIA+,2014-12-01,0.0016135538523598225,0.0012101653892698668,0.0012101653892698668
6,LGBTQIA+,2015-01-01,0.003481894150417827,0.0017409470752089136,0.0031337047353760445
6,LGBTQIA+,2015-02-01,0.0,0.0,0.0
6,LGBTQIA+,2015-03-01,0.0009071666162685213,0.0009071666162685213,0.0009071666162685213
6,LGBTQIA+,2015-04-01,0.0009070294784580499,0.0009070294784580499,0.0009070294784580499
6,LGBTQIA+,2015-05-01,0.002288329519450801,0.0009153318077803204,0.002288329519450801
6,LGBTQIA+,2015-06-01,0.0,0.0,0.0
6,LGBTQIA+,2015-07-01,0.0,0.0,0.0
6,LGBTQIA+,2015-08-01,0.0015408320493066256,0.001027221366204417,0.0015408320493066256
6,LGBTQIA+,2015-09-01,0.0011498658489842851,0.0011498658489842851,0.0011498658489842851
6,LGBTQIA+,2015-10-01,0.002733485193621868,0.002277904328018223,0.002277904328018223
6,LGBTQIA+,2015-11-01,0.0008025682182985554,0.0,0.0008025682182985554
6,LGBTQIA+,2015-12-01,0.0,0.0,0.0
6,LGBTQIA+,2016-01-01,0.00042052144659377626,0.0,0.00042052144659377626
6,LGBTQIA+,2016-02-01,0.002751031636863824,0.002751031636863824,0.002751031636863824
6,LGBTQIA+,2016-03-01,0.0008547008547008547,0.00042735042735042735,0.0008547008547008547
6,LGBTQIA+,2016-04-01,0.00030721966205837174,0.00030721966205837174,0.00030721966205837174
6,LGBTQIA+,2016-05-01,0.0015261350629530714,0.0011446012972148034,0.0015261350629530714
6,LGBTQIA+,2016-06-01,0.001088139281828074,0.001088139281828074,0.001088139281828074
6,LGBTQIA+,2016-07-01,0.0006105006105006105,0.0006105006105006105,0.0006105006105006105
6,LGBTQIA+,2016-08-01,0.0004833252779120348,0.0004833252779120348,0.0
6,LGBTQIA+,2016-09-01,0.0004666355576294914,0.0004666355576294914,0.0004666355576294914
6,LGBTQIA+,2016-10-01,0.0008707009142359599,0.0008707009142359599,0.0008707009142359599
6,LGBTQIA+,2016-11-01,0.0035666518056174765,0.0017833259028087382,0.003120820329915292
6,LGBTQIA+,2016-12-01,0.0009828009828009828,0.0009828009828009828,0.0009828009828009828
6,LGBTQIA+,2017-01-01,0.000864304235090752,0.0,0.000432152117545376
6,LGBTQIA+,2017-02-01,0.0005899705014749262,0.0,0.0005899705014749262
6,LGBTQIA+,2017-03-01,0.0018714909544603868,0.0012476606363069245,0.0018714909544603868
6,LGBTQIA+,2017-04-01,0.003878975950349108,0.003878975950349108,0.003878975950349108
6,LGBTQIA+,2017-05-01,0.0005711022272986865,0.0005711022272986865,0.0005711022272986865
6,LGBTQIA+,2017-06-01,0.0012099213551119178,0.0006049606775559589,0.0012099213551119178
6,LGBTQIA+,2017-07-01,0.002890173410404624,0.000722543352601156,0.002167630057803468
6,LGBTQIA+,2017-08-01,0.0010565240359218173,0.0005282620179609086,0.0005282620179609086
6,LGBTQIA+,2017-09-01,0.0037413148049171567,0.002137894174238375,0.0037413148049171567
6,LGBTQIA+,2017-10-01,0.0013049151805132667,0.0,0.0008699434536755111
6,LGBTQIA+,2017-11-01,0.0030156815440289505,0.0030156815440289505,0.0030156815440289505
6,LGBTQIA+,2017-12-01,0.009420289855072464,0.007246376811594203,0.007971014492753623
6,LGBTQIA+,2018-01-01,0.004615384615384616,0.0015384615384615385,0.0038461538461538464
6,LGBTQIA+,2018-02-01,0.0006891798759476223,0.0,0.0006891798759476223
6,LGBTQIA+,2018-03-01,0.004947433518862091,0.0024737167594310453,0.004947433518862091
6,LGBTQIA+,2018-04-01,0.0009276437847866419,0.0,0.0009276437847866419
6,LGBTQIA+,2018-05-01,0.0032025620496397116,0.0032025620496397116,0.0032025620496397116
6,LGBTQIA+,2018-06-01,0.002798507462686567,0.002798507462686567,0.002798507462686567
6,LGBTQIA+,2018-07-01,0.004518072289156626,0.002259036144578313,0.004518072289156626
6,LGBTQIA+,2018-08-01,0.002288329519450801,0.002288329519450801,0.002288329519450801
6,LGBTQIA+,2018-09-01,0.0006321112515802782,0.0006321112515802782,0.0006321112515802782
6,LGBTQIA+,2018-10-01,0.0007501875468867217,0.0007501875468867217,0.0007501875468867217
6,LGBTQIA+,2018-11-01,0.002183406113537118,0.001455604075691412,0.001455604075691412
6,LGBTQIA+,2018-12-01,0.0012484394506866417,0.0006242197253433209,0.0006242197253433209
6,LGBTQIA+,2019-01-01,0.005122367672168469,0.00398406374501992,0.005122367672168469
6,LGBTQIA+,2019-02-01,0.0034916201117318434,0.002793296089385475,0.0034916201117318434
6,LGBTQIA+,2019-03-01,0.004941321803582459,0.0018529956763434219,0.0037059913526868438
6,LGBTQIA+,2019-04-01,0.00497787610619469,0.0038716814159292035,0.0038716814159292035
6,LGBTQIA+,2019-05-01,0.0004784688995215311,0.0004784688995215311,0.0004784688995215311
6,LGBTQIA+,2019-06-01,0.0017482517482517483,0.0017482517482517483,0.0017482517482517483
6,LGBTQIA+,2019-07-01,0.010999083409715857,0.006416131989000917,0.010999083409715857
6,LGBTQIA+,2019-08-01,0.0,0.0,0.0
6,LGBTQIA+,2019-09-01,0.002586206896551724,0.0017241379310344827,0.002586206896551724
6,LGBTQIA+,2019-10-01,0.001932367149758454,0.000966183574879227,0.001932367149758454
6,LGBTQIA+,2019-11-01,0.0,0.0,0.0
6,LGBTQIA+,2019-12-01,0.0017513134851138354,0.0017513134851138354,0.0017513134851138354
6,LGBTQIA+,2020-01-01,0.0017497812773403325,0.0008748906386701663,0.0017497812773403325
6,LGBTQIA+,2020-02-01,0.0,0.0,0.0
6,LGBTQIA+,2020-03-01,0.0,0.0,0.0
6,LGBTQIA+,2020-04-01,0.0008045052292839903,0.0008045052292839903,0.0008045052292839903
6,LGBTQIA+,2020-05-01,0.0009560229445506692,0.0,0.0009560229445506692
6,LGBTQIA+,2020-06-01,0.0,0.0,0.0
6,LGBTQIA+,2020-07-01,0.0015432098765432098,0.0007716049382716049,0.0015432098765432098
6,LGBTQIA+,2020-08-01,0.0,0.0,0.0
6,LGBTQIA+,2020-09-01,0.007509386733416771,0.0050062578222778474,0.007509386733416771
6,LGBTQIA+,2020-10-01,0.0016025641025641025,0.0016025641025641025,0.0016025641025641025
6,LGBTQIA+,2020-11-01,0.0019933554817275745,0.0019933554817275745,0.0019933554817275745
6,LGBTQIA+,2020-12-01,0.0,0.0,0.0
6,LGBTQIA+,2021-01-01,0.0,0.0,0.0
6,LGBTQIA+,2021-02-01,0.0,0.0,0.0
6,LGBTQIA+,2021-03-01,0.0032520325203252032,0.0016260162601626016,0.0032520325203252032
6,LGBTQIA+,2021-04-01,0.000689655172413793,0.0,0.000689655172413793
6,LGBTQIA+,2021-05-01,0.0024019215372297837,0.0024019215372297837,0.0024019215372297837
6,LGBTQIA+,2021-06-01,0.0018779342723004694,0.0,0.0009389671361502347
6,LGBTQIA+,2021-07-01,0.0008410428931875525,0.0,0.0008410428931875525
6,LGBTQIA+,2021-08-01,0.002631578947368421,0.0017543859649122807,0.002631578947368421
6,LGBTQIA+,2021-09-01,0.0007057163020465773,0.0,0.0
6,LGBTQIA+,2021-10-01,0.001366120218579235,0.0,0.001366120218579235
6,LGBTQIA+,2021-11-01,0.0,0.0,0.0
6,LGBTQIA+,2021-12-01,0.00211864406779661,0.0007062146892655367,0.00211864406779661
6,LGBTQIA+,2022-01-01,0.006264682850430697,0.003915426781519186,0.006264682850430697
6,LGBTQIA+,2022-02-01,0.001177856301531213,0.001177856301531213,0.001177856301531213
6,LGBTQIA+,2022-03-01,0.0029239766081871343,0.0029239766081871343,0.0029239766081871343
6,LGBTQIA+,2022-04-01,0.0,0.0,0.0
6,LGBTQIA+,2022-05-01,0.003963011889035667,0.003963011889035667,0.003963011889035667
6,LGBTQIA+,2022-06-01,0.005681818181818182,0.002840909090909091,0.005681818181818182
6,LGBTQIA+,2022-07-01,0.0075528700906344415,0.0030211480362537764,0.0075528700906344415
6,LGBTQIA+,2022-08-01,0.008053691275167786,0.005369127516778523,0.008053691275167786
6,LGBTQIA+,2022-09-01,0.001272264631043257,0.0,0.001272264631043257
6,LGBTQIA+,2022-10-01,0.001375515818431912,0.001375515818431912,0.001375515818431912
6,LGBTQIA+,2022-11-01,0.002484472049689441,0.002484472049689441,0.002484472049689441
6,LGBTQIA+,2022-12-01,0.00411522633744856,0.0013717421124828531,0.0027434842249657062
6,LGBTQIA+,2023-01-01,0.007291666666666667,0.0020833333333333333,0.007291666666666667
6,LGBTQIA+,2023-02-01,0.011055276381909548,0.010050251256281407,0.011055276381909548
6,LGBTQIA+,2023-03-01,0.008075370121130552,0.005383580080753701,0.006729475100942127
6,LGBTQIA+,2023-04-01,0.02743142144638404,0.011221945137157107,0.02369077306733167
6,LGBTQIA+,2023-05-01,0.01845444059976932,0.011534025374855825,0.01845444059976932
6,LGBTQIA+,2023-06-01,0.0037313432835820895,0.0012437810945273632,0.0037313432835820895
6,LGBTQIA+,2023-07-01,0.00684931506849315,0.00410958904109589,0.005479452054794521
6,LGBTQIA+,2023-08-01,0.016417910447761194,0.008955223880597015,0.011940298507462687
6,LGBTQIA+,2023-09-01,0.01282051282051282,0.008547008547008548,0.011396011396011397
6,LGBTQIA+,2023-10-01,0.007033997655334115,0.004689331770222743,0.007033997655334115
6,LGBTQIA+,2023-11-01,0.014193548387096775,0.011612903225806452,0.014193548387096775
6,LGBTQIA+,2023-12-01,0.006377551020408163,0.00510204081632653,0.006377551020408163
6,LGBTQIA+,2024-01-01,0.0013831258644536654,0.0013831258644536654,0.0013831258644536654
6,LGBTQIA+,2024-02-01,0.002840909090909091,0.002840909090909091,0.002840909090909091
6,LGBTQIA+,2024-03-01,0.012482662968099861,0.008321775312066574,0.012482662968099861
6,LGBTQIA+,2024-04-01,0.015748031496062992,0.007874015748031496,0.015748031496062992
6,LGBTQIA+,2024-05-01,0.011804384485666104,0.006745362563237774,0.011804384485666104
6,LGBTQIA+,2024-06-01,0.0,0.0,0.0
7,Disability,2008-01-01,0.0006830017928797063,0.0,0.000597626568769743
7,Disability,2008-02-01,0.0,0.0,0.0
7,Disability,2008-03-01,0.0005819753907549052,0.00016627868307283005,0.00041569670768207517
7,Disability,2008-04-01,7.704160246533128e-05,0.0,7.704160246533128e-05
7,Disability,2008-05-01,0.0,0.0,0.0
7,Disability,2008-06-01,0.0006494108915483811,0.0,0.0005566379070414695
7,Disability,2008-07-01,0.0007392348918868971,9.240436148586214e-05,0.00046202180742931065
7,Disability,2008-08-01,0.00024602263408233556,0.0,8.200754469411185e-05
7,Disability,2008-09-01,8.602890571231934e-05,0.0,8.602890571231934e-05
7,Disability,2008-10-01,0.0,0.0,0.0
7,Disability,2008-11-01,0.00015933715742511153,0.0,0.00015933715742511153
7,Disability,2008-12-01,0.0,0.0,0.0
7,Disability,2009-01-01,0.00019527436047646945,0.0,0.00019527436047646945
7,Disability,2009-02-01,0.00018875047187617969,9.437523593808984e-05,0.00018875047187617969
7,Disability,2009-03-01,0.0007466401194624191,0.00024888003982080636,0.0007466401194624191
7,Disability,2009-04-01,7.985944737262418e-05,0.0,7.985944737262418e-05
7,Disability,2009-05-01,0.0,0.0,0.0
7,Disability,2009-06-01,0.0,0.0,0.0
7,Disability,2009-07-01,0.0004526935264825713,0.00011317338162064282,0.0004526935264825713
7,Disability,2009-08-01,0.0005137690094533497,0.0,0.0005137690094533497
7,Disability,2009-09-01,0.0014569763455605073,0.0002571134727459719,0.0014569763455605073
7,Disability,2009-10-01,0.00048355899419729207,0.0,0.0002901353965183752
7,Disability,2009-11-01,0.0004623208506703652,0.0001155802126675913,0.0004623208506703652
7,Disability,2009-12-01,0.00027166530834012495,0.0,0.00013583265417006248
7,Disability,2010-01-01,0.00011984659635666346,0.0,0.00011984659635666346
7,Disability,2010-02-01,0.000314070351758794,0.000157035175879397,0.000314070351758794
7,Disability,2010-03-01,0.00014671361502347418,0.0,0.00014671361502347418
7,Disability,2010-04-01,0.0,0.0,0.0
7,Disability,2010-05-01,0.0,0.0,0.0
7,Disability,2010-06-01,0.00014812620352540364,0.0,0.00014812620352540364
7,Disability,2010-07-01,0.0001373060551970342,0.0,0.0001373060551970342
7,Disability,2010-08-01,0.0,0.0,0.0
7,Disability,2010-09-01,0.00012873326467559217,0.0,0.00012873326467559217
7,Disability,2010-10-01,0.0,0.0,0.0
7,Disability,2010-11-01,0.0002467308166790032,0.0001233654083395016,0.0002467308166790032
7,Disability,2010-12-01,0.00016633399866932801,0.00016633399866932801,0.00016633399866932801
7,Disability,2011-01-01,0.00016559032952475575,0.0,0.00016559032952475575
7,Disability,2011-02-01,0.0,0.0,0.0
7,Disability,2011-03-01,0.0,0.0,0.0
7,Disability,2011-04-01,0.0,0.0,0.0
7,Disability,2011-05-01,0.0005248425472358292,0.0001749475157452764,0.0003498950314905528
7,Disability,2011-06-01,0.0002206531332744925,0.0,0.0002206531332744925
7,Disability,2011-07-01,0.0006461339651087659,0.00021537798836958864,0.0004307559767391773
7,Disability,2011-08-01,0.0005151983513652757,0.0001717327837884252,0.0005151983513652757
7,Disability,2011-09-01,0.0005405405405405405,0.0,0.0005405405405405405
7,Disability,2011-10-01,0.00015800284405119292,0.0,0.00015800284405119292
7,Disability,2011-11-01,0.00046475600309837337,0.0,0.00046475600309837337
7,Disability,2011-12-01,0.0,0.0,0.0
7,Disability,2012-01-01,0.00019409937888198756,0.0,0.00019409937888198756
7,Disability,2012-02-01,0.0002101281781886951,0.0002101281781886951,0.0002101281781886951
7,Disability,2012-03-01,0.00038402457757296467,0.0,0.00038402457757296467
7,Disability,2012-04-01,0.0,0.0,0.0
7,Disability,2012-05-01,0.00043038519474930065,0.0,0.00021519259737465033
7,Disability,2012-06-01,0.0002294630564479119,0.0,0.0002294630564479119
7,Disability,2012-07-01,0.00115233924867481,0.0006914035492048859,0.0009218713989398478
7,Disability,2012-08-01,0.0,0.0,0.0
7,Disability,2012-09-01,0.00022999080036798528,0.0,0.00022999080036798528
7,Disability,2012-10-01,0.0,0.0,0.0
7,Disability,2012-11-01,0.0005,0.00025,0.00025
7,Disability,2012-12-01,0.0002820078962210942,0.0002820078962210942,0.0002820078962210942
7,Disability,2013-01-01,0.0,0.0,0.0
7,Disability,2013-02-01,0.00027085590465872155,0.0,0.00027085590465872155
7,Disability,2013-03-01,0.0002735229759299781,0.0,0.0002735229759299781
7,Disability,2013-04-01,0.0,0.0,0.0
7,Disability,2013-05-01,0.0003418803418803419,0.0,0.0003418803418803419
7,Disability,2013-06-01,0.0,0.0,0.0
7,Disability,2013-07-01,0.0,0.0,0.0
7,Disability,2013-08-01,0.0006861063464837049,0.0,0.0006861063464837049
7,Disability,2013-09-01,0.00035688793718772306,0.0,0.00035688793718772306
7,Disability,2013-10-01,0.0,0.0,0.0
7,Disability,2013-11-01,0.0003301419610432486,0.0,0.0003301419610432486
7,Disability,2013-12-01,0.00038138825324180017,0.00038138825324180017,0.00038138825324180017
7,Disability,2014-01-01,0.00033112582781456954,0.00033112582781456954,0.00033112582781456954
7,Disability,2014-02-01,0.00036563071297989033,0.0,0.00036563071297989033
7,Disability,2014-03-01,0.0003050640634533252,0.0,0.0003050640634533252
7,Disability,2014-04-01,0.00036656891495601173,0.0,0.00036656891495601173
7,Disability,2014-05-01,0.0,0.0,0.0
7,Disability,2014-06-01,0.0,0.0,0.0
7,Disability,2014-07-01,0.0013527223537368955,0.00033818058843422386,0.0013527223537368955
7,Disability,2014-08-01,0.00034002040122407346,0.0,0.00034002040122407346
7,Disability,2014-09-01,0.00036153289949385393,0.0,0.00036153289949385393
7,Disability,2014-10-01,0.0,0.0,0.0
7,Disability,2014-11-01,0.000718132854578097,0.0,0.0003590664272890485
7,Disability,2014-12-01,0.0004033884630899556,0.0004033884630899556,0.0004033884630899556
7,Disability,2015-01-01,0.001392757660167131,0.0006963788300835655,0.0010445682451253482
7,Disability,2015-02-01,0.0007803355442840422,0.0,0.0007803355442840422
7,Disability,2015-03-01,0.0003023888720895071,0.0,0.0003023888720895071
7,Disability,2015-04-01,0.0,0.0,0.0
7,Disability,2015-05-01,0.0009153318077803204,0.0004576659038901602,0.0009153318077803204
7,Disability,2015-06-01,0.0004786979415988511,0.0,0.0004786979415988511
7,Disability,2015-07-01,0.0,0.0,0.0
7,Disability,2015-08-01,0.0,0.0,0.0
7,Disability,2015-09-01,0.0003832886163280951,0.0,0.0003832886163280951
7,Disability,2015-10-01,0.00045558086560364467,0.0,0.00045558086560364467
7,Disability,2015-11-01,0.0,0.0,0.0
7,Disability,2015-12-01,0.0,0.0,0.0
7,Disability,2016-01-01,0.0,0.0,0.0
7,Disability,2016-02-01,0.0004585052728106373,0.0,0.0004585052728106373
7,Disability,2016-03-01,0.0,0.0,0.0
7,Disability,2016-04-01,0.0,0.0,0.0
7,Disability,2016-05-01,0.0,0.0,0.0
7,Disability,2016-06-01,0.0,0.0,0.0
7,Disability,2016-07-01,0.0006105006105006105,0.0,0.0006105006105006105
7,Disability,2016-08-01,0.0004833252779120348,0.0004833252779120348,0.0004833252779120348
7,Disability,2016-09-01,0.0,0.0,0.0
7,Disability,2016-10-01,0.0,0.0,0.0
7,Disability,2016-11-01,0.00044583147570218456,0.0,0.00044583147570218456
7,Disability,2016-12-01,0.0004914004914004914,0.0,0.0004914004914004914
7,Disability,2017-01-01,0.0,0.0,0.0
7,Disability,2017-02-01,0.0005899705014749262,0.0,0.0005899705014749262
7,Disability,2017-03-01,0.0006238303181534623,0.0,0.0006238303181534623
7,Disability,2017-04-01,0.0,0.0,0.0
7,Disability,2017-05-01,0.0,0.0,0.0
7,Disability,2017-06-01,0.0018148820326678765,0.0012099213551119178,0.0018148820326678765
7,Disability,2017-07-01,0.000722543352601156,0.0,0.000722543352601156
7,Disability,2017-08-01,0.0005282620179609086,0.0,0.0005282620179609086
7,Disability,2017-09-01,0.0,0.0,0.0
7,Disability,2017-10-01,0.00043497172683775554,0.0,0.00043497172683775554
7,Disability,2017-11-01,0.0006031363088057901,0.0,0.0006031363088057901
7,Disability,2017-12-01,0.0007246376811594203,0.0,0.0007246376811594203
7,Disability,2018-01-01,0.0015384615384615385,0.0,0.0015384615384615385
7,Disability,2018-02-01,0.0,0.0,0.0
7,Disability,2018-03-01,0.0012368583797155227,0.0,0.0006184291898577613
7,Disability,2018-04-01,0.0,0.0,0.0
7,Disability,2018-05-01,0.0,0.0,0.0
7,Disability,2018-06-01,0.0009328358208955224,0.0,0.0
7,Disability,2018-07-01,0.0007530120481927711,0.0,0.0
7,Disability,2018-08-01,0.0,0.0,0.0
7,Disability,2018-09-01,0.0006321112515802782,0.0,0.0006321112515802782
7,Disability,2018-10-01,0.0,0.0,0.0
7,Disability,2018-11-01,0.001455604075691412,0.0,0.000727802037845706
7,Disability,2018-12-01,0.0018726591760299626,0.0006242197253433209,0.0012484394506866417
7,Disability,2019-01-01,0.0005691519635742744,0.0,0.0005691519635742744
7,Disability,2019-02-01,0.0,0.0,0.0
7,Disability,2019-03-01,0.0,0.0,0.0
7,Disability,2019-04-01,0.0027654867256637168,0.00165929203539823,0.0027654867256637168
7,Disability,2019-05-01,0.0,0.0,0.0
7,Disability,2019-06-01,0.0,0.0,0.0
7,Disability,2019-07-01,0.0009165902841429881,0.0009165902841429881,0.0009165902841429881
7,Disability,2019-08-01,0.0,0.0,0.0
7,Disability,2019-09-01,0.0,0.0,0.0
7,Disability,2019-10-01,0.001932367149758454,0.000966183574879227,0.001932367149758454
7,Disability,2019-11-01,0.0,0.0,0.0
7,Disability,2019-12-01,0.0008756567425569177,0.0,0.0008756567425569177
7,Disability,2020-01-01,0.0,0.0,0.0
7,Disability,2020-02-01,0.001037344398340249,0.001037344398340249,0.001037344398340249
7,Disability,2020-03-01,0.0006222775357809583,0.0,0.0006222775357809583
7,Disability,2020-04-01,0.0,0.0,0.0
7,Disability,2020-05-01,0.0,0.0,0.0
7,Disability,2020-06-01,0.0016722408026755853,0.0008361204013377926,0.0016722408026755853
7,Disability,2020-07-01,0.0007716049382716049,0.0,0.0
7,Disability,2020-08-01,0.0,0.0,0.0
7,Disability,2020-09-01,0.0006257822277847309,0.0006257822277847309,0.0006257822277847309
7,Disability,2020-10-01,0.0,0.0,0.0
7,Disability,2020-11-01,0.000664451827242525,0.0,0.000664451827242525
7,Disability,2020-12-01,0.0,0.0,0.0
7,Disability,2021-01-01,0.0,0.0,0.0
7,Disability,2021-02-01,0.0008849557522123894,0.0008849557522123894,0.0008849557522123894
7,Disability,2021-03-01,0.0,0.0,0.0
7,Disability,2021-04-01,0.0,0.0,0.0
7,Disability,2021-05-01,0.0016012810248198558,0.0008006405124099279,0.0016012810248198558
7,Disability,2021-06-01,0.0,0.0,0.0
7,Disability,2021-07-01,0.0,0.0,0.0
7,Disability,2021-08-01,0.0,0.0,0.0
7,Disability,2021-09-01,0.0007057163020465773,0.0007057163020465773,0.0007057163020465773
7,Disability,2021-10-01,0.0,0.0,0.0
7,Disability,2021-11-01,0.0,0.0,0.0
7,Disability,2021-12-01,0.0007062146892655367,0.0,0.0007062146892655367
7,Disability,2022-01-01,0.0,0.0,0.0
7,Disability,2022-02-01,0.0,0.0,0.0
7,Disability,2022-03-01,0.0,0.0,0.0
7,Disability,2022-04-01,0.0,0.0,0.0
7,Disability,2022-05-01,0.0,0.0,0.0
7,Disability,2022-06-01,0.0,0.0,0.0
7,Disability,2022-07-01,0.0015105740181268882,0.0,0.0015105740181268882
7,Disability,2022-08-01,0.0,0.0,0.0
7,Disability,2022-09-01,0.0,0.0,0.0
7,Disability,2022-10-01,0.001375515818431912,0.0,0.0
7,Disability,2022-11-01,0.002484472049689441,0.0012422360248447205,0.002484472049689441
7,Disability,2022-12-01,0.0013717421124828531,0.0013717421124828531,0.0013717421124828531
7,Disability,2023-01-01,0.0,0.0,0.0
7,Disability,2023-02-01,0.0,0.0,0.0
7,Disability,2023-03-01,0.0013458950201884253,0.0,0.0013458950201884253
7,Disability,2023-04-01,0.0024937655860349127,0.0012468827930174563,0.0024937655860349127
7,Disability,2023-05-01,0.002306805074971165,0.0,0.002306805074971165
7,Disability,2023-06-01,0.0012437810945273632,0.0,0.0012437810945273632
7,Disability,2023-07-01,0.0,0.0,0.0
7,Disability,2023-08-01,0.0,0.0,0.0
7,Disability,2023-09-01,0.0,0.0,0.0
7,Disability,2023-10-01,0.0,0.0,0.0
7,Disability,2023-11-01,0.0,0.0,0.0
7,Disability,2023-12-01,0.002551020408163265,0.0,0.002551020408163265
7,Disability,2024-01-01,0.0,0.0,0.0
7,Disability,2024-02-01,0.0,0.0,0.0
7,Disability,2024-03-01,0.0,0.0,0.0
7,Disability,2024-04-01,0.0,0.0,0.0
7,Disability,2024-05-01,0.0,0.0,0.0
7,Disability,2024-06-01,0.0,0.0,0.0
