week,dimension,mean_centred_score,n_comments
2005-01-25,emotion_anger,0.0,2
2005-01-25,emotion_fear,0.0,2
2005-01-25,emotion_joy,0.0,2
2005-01-25,group_generalization_presence,0.0,2
2005-01-25,hate_speech_presence,0.0,2
2005-01-25,politeness,0.0,2
2005-01-25,toxicity,0.0,2
2005-03-29,emotion_anger,0.07772020725388606,1
2005-03-29,emotion_fear,0.6113989637305699,1
2005-03-29,emotion_joy,-0.43005181347150256,1
2005-03-29,group_generalization_presence,2.4404145077720205,1
2005-03-29,hate_speech_presence,-0.19170984455958548,1
2005-03-29,politeness,-1.0414507772020727,1
2005-03-29,toxicity,1.2020725388601037,1
2005-04-05,emotion_anger,-2.0416666666666665,1
2005-04-05,emotion_fear,-0.21875,1
2005-04-05,emotion_joy,3.4583333333333335,1
2005-04-05,group_generalization_presence,-0.3645833333333333,1
2005-04-05,hate_speech_presence,-0.09375,1
2005-04-05,politeness,2.010416666666667,1
2005-04-05,toxicity,-1.7708333333333333,1
2005-05-03,emotion_anger,-0.8333333333333334,4
2005-05-03,emotion_fear,0.0,4
2005-05-03,emotion_joy,0.3333333333333333,4
2005-05-03,group_generalization_presence,-0.08333333333333333,4
2005-05-03,hate_speech_presence,0.0,4
2005-05-03,politeness,0.5,4
2005-05-03,toxicity,-0.8333333333333334,4
2005-05-10,emotion_anger,-1.0,1
2005-05-10,emotion_fear,0.0,1
2005-05-10,emotion_joy,0.0,1
2005-05-10,group_generalization_presence,0.0,1
2005-05-10,hate_speech_presence,0.0,1
2005-05-10,politeness,0.6666666666666665,1
2005-05-10,toxicity,-0.6666666666666666,1
2005-05-17,emotion_anger,0.25937499999999997,16
2005-05-17,emotion_fear,-0.016666666666666666,16
2005-05-17,emotion_joy,-0.06770833333333336,16
2005-05-17,group_generalization_presence,0.21145833333333336,16
2005-05-17,hate_speech_presence,-0.010416666666666666,16
2005-05-17,politeness,-0.13958333333333334,16
2005-05-17,toxicity,0.1833333333333333,16
2005-05-24,emotion_anger,0.16,3
2005-05-24,emotion_fear,-0.013333333333333334,3
2005-05-24,emotion_joy,-0.09333333333333327,3
2005-05-24,group_generalization_presence,0.0,3
2005-05-24,hate_speech_presence,0.0,3
2005-05-24,politeness,-0.43999999999999995,3
2005-05-24,toxicity,-0.16,3
2005-06-14,emotion_anger,0.0,1
2005-06-14,emotion_fear,0.0,1
2005-06-14,emotion_joy,0.0,1
2005-06-14,group_generalization_presence,0.0,1
2005-06-14,hate_speech_presence,0.0,1
2005-06-14,politeness,0.0,1
2005-06-14,toxicity,0.0,1
2005-07-12,emotion_anger,0.0,1
2005-07-12,emotion_fear,0.0,1
2005-07-12,emotion_joy,0.0,1
2005-07-12,group_generalization_presence,0.0,1
2005-07-12,hate_speech_presence,0.0,1
2005-07-12,politeness,0.0,1
2005-07-12,toxicity,0.0,1
2005-08-09,emotion_anger,-0.5,2
2005-08-09,emotion_fear,0.0,2
2005-08-09,emotion_joy,0.0,2
2005-08-09,group_generalization_presence,0.0,2
2005-08-09,hate_speech_presence,0.0,2
2005-08-09,politeness,0.33333333333333326,2
2005-08-09,toxicity,-0.3333333333333333,2
2005-09-06,emotion_anger,2.0,1
2005-09-06,emotion_fear,0.0,1
2005-09-06,emotion_joy,0.0,1
2005-09-06,group_generalization_presence,0.0,1
2005-09-06,hate_speech_presence,0.0,1
2005-09-06,politeness,-1.3333333333333335,1
2005-09-06,toxicity,1.3333333333333335,1
2005-09-27,emotion_anger,0.6666666666666666,3
2005-09-27,emotion_fear,-0.17204301075268816,3
2005-09-27,emotion_joy,-0.3655913978494623,3
2005-09-27,group_generalization_presence,-0.25806451612903225,3
2005-09-27,hate_speech_presence,-0.06451612903225806,3
2005-09-27,politeness,-0.8279569892473119,3
2005-09-27,toxicity,0.6236559139784946,3
2005-11-22,emotion_anger,-0.9333333333333333,1
2005-11-22,emotion_fear,-0.4666666666666667,1
2005-11-22,emotion_joy,-0.1333333333333333,1
2005-11-22,group_generalization_presence,-0.2,1
2005-11-22,hate_speech_presence,0.0,1
2005-11-22,politeness,-0.5333333333333332,1
2005-11-22,toxicity,0.7333333333333334,1
2005-12-13,emotion_anger,0.0,3
2005-12-13,emotion_fear,0.0,3
2005-12-13,emotion_joy,0.44444444444444436,3
2005-12-13,group_generalization_presence,0.0,3
2005-12-13,hate_speech_presence,0.0,3
2005-12-13,politeness,0.0,3
2005-12-13,toxicity,0.0,3
2006-02-07,emotion_anger,0.0,1
2006-02-07,emotion_fear,0.0,1
2006-02-07,emotion_joy,0.0,1
2006-02-07,group_generalization_presence,0.0,1
2006-02-07,hate_speech_presence,0.0,1
2006-02-07,politeness,0.5,1
2006-02-07,toxicity,0.0,1
2006-02-21,emotion_anger,0.0,1
2006-02-21,emotion_fear,0.0,1
2006-02-21,emotion_joy,0.0,1
2006-02-21,group_generalization_presence,0.0,1
2006-02-21,hate_speech_presence,0.0,1
2006-02-21,politeness,0.0,1
2006-02-21,toxicity,0.0,1
2006-03-07,emotion_anger,0.0,1
2006-03-07,emotion_fear,0.0,1
2006-03-07,emotion_joy,0.0,1
2006-03-07,group_generalization_presence,0.0,1
2006-03-07,hate_speech_presence,0.0,1
2006-03-07,politeness,-0.5,1
2006-03-07,toxicity,0.0,1
2006-03-21,emotion_anger,-0.2333333333333333,5
2006-03-21,emotion_fear,-0.14444444444444443,5
2006-03-21,emotion_joy,0.36666666666666664,5
2006-03-21,group_generalization_presence,-0.37333333333333335,5
2006-03-21,hate_speech_presence,0.0,5
2006-03-21,politeness,0.24000000000000005,5
2006-03-21,toxicity,-0.39555555555555555,5
2006-04-04,emotion_anger,-1.1228070175438596,2
2006-04-04,emotion_fear,-0.06578947368421052,2
2006-04-04,emotion_joy,1.8245614035087718,2
2006-04-04,group_generalization_presence,-0.14912280701754385,2
2006-04-04,hate_speech_presence,0.0,2
2006-04-04,politeness,0.6842105263157894,2
2006-04-04,toxicity,-0.956140350877193,2
2006-04-11,emotion_anger,-0.23076923076923078,4
2006-04-11,emotion_fear,0.0,4
2006-04-11,emotion_joy,0.532967032967033,4
2006-04-11,group_generalization_presence,-0.09615384615384616,4
2006-04-11,hate_speech_presence,0.0,4
2006-04-11,politeness,0.24175824175824168,4
2006-04-11,toxicity,-0.3076923076923077,4
2006-04-18,emotion_anger,-0.4056775328295249,11
2006-04-18,emotion_fear,-0.04119155152111374,11
2006-04-18,emotion_joy,0.24791801082996362,11
2006-04-18,group_generalization_presence,-0.08019943656933327,11
2006-04-18,hate_speech_presence,-0.012759170653907496,11
2006-04-18,politeness,0.5979423920889735,11
2006-04-18,toxicity,-0.3381031167553548,11
2006-04-25,emotion_anger,-0.7781916940795445,10
2006-04-25,emotion_fear,-0.11387491013659239,10
2006-04-25,emotion_joy,0.6710538163809192,10
2006-04-25,group_generalization_presence,-0.15906513009316747,10
2006-04-25,hate_speech_presence,-0.046153846153846156,10
2006-04-25,politeness,0.7603504491354959,10
2006-04-25,toxicity,-0.6847983791909026,10
2006-05-02,emotion_anger,-0.10989010989010992,7
2006-05-02,emotion_fear,0.0,7
2006-05-02,emotion_joy,0.29120879120879123,7
2006-05-02,group_generalization_presence,-0.16483516483516486,7
2006-05-02,hate_speech_presence,0.0,7
2006-05-02,politeness,-0.10256410256410257,7
2006-05-02,toxicity,-0.21794871794871798,7
2006-05-09,emotion_anger,-0.4,2
2006-05-09,emotion_fear,-0.4,2
2006-05-09,emotion_joy,1.05,2
2006-05-09,group_generalization_presence,-0.1,2
2006-05-09,hate_speech_presence,0.0,2
2006-05-09,politeness,0.7250000000000001,2
2006-05-09,toxicity,-0.6,2
2006-05-16,emotion_anger,-0.13588444723683862,7
2006-05-16,emotion_fear,-0.05946792807705397,7
2006-05-16,emotion_joy,0.5420466101609588,7
2006-05-16,group_generalization_presence,-0.23363015946853222,7
2006-05-16,hate_speech_presence,-0.07647058823529411,7
2006-05-16,politeness,0.013299280891364404,7
2006-05-16,toxicity,0.13882008590639708,7
2006-05-23,emotion_anger,-0.7701149425287356,3
2006-05-23,emotion_fear,-0.022988505747126436,3
2006-05-23,emotion_joy,-0.1149425287356322,3
2006-05-23,group_generalization_presence,-0.37931034482758624,3
2006-05-23,hate_speech_presence,0.0,3
2006-05-23,politeness,-0.2873563218390805,3
2006-05-23,toxicity,-0.3103448275862069,3
2006-05-30,emotion_anger,-0.7911936704506365,3
2006-05-30,emotion_fear,-0.14654282765737872,3
2006-05-30,emotion_joy,1.0013759889920881,3
2006-05-30,group_generalization_presence,-0.27072583419332646,3
2006-05-30,hate_speech_presence,-0.05228758169934641,3
2006-05-30,politeness,0.9776401788785689,3
2006-05-30,toxicity,-0.7846577227382182,3
2006-06-06,emotion_anger,-1.4928830791575889,3
2006-06-06,emotion_fear,-0.1262648269184217,3
2006-06-06,emotion_joy,1.662260953764222,3
2006-06-06,group_generalization_presence,-0.25190026627935125,3
2006-06-06,hate_speech_presence,-0.024304042604696197,3
2006-06-06,politeness,1.0371822803195352,3
2006-06-06,toxicity,-1.1625272331154684,3
2006-06-13,emotion_anger,-0.6757142341170947,5
2006-06-13,emotion_fear,-0.11203814064362336,5
2006-06-13,emotion_joy,1.228410445335356,5
2006-06-13,group_generalization_presence,-0.1548091161917145,5
2006-06-13,hate_speech_presence,-0.015256257449344456,5
2006-06-13,politeness,0.648625708816412,5
2006-06-13,toxicity,-0.5985444432405099,5
2006-06-20,emotion_anger,-0.6481481481481481,2
2006-06-20,emotion_fear,-0.024691358024691357,2
2006-06-20,emotion_joy,-1.432098765432099,2
2006-06-20,group_generalization_presence,-0.15432098765432098,2
2006-06-20,hate_speech_presence,-0.024691358024691357,2
2006-06-20,politeness,-0.6481481481481481,2
2006-06-20,toxicity,0.2777777777777778,2
2006-07-04,emotion_anger,0.16896551724137931,2
2006-07-04,emotion_fear,-0.14482758620689656,2
2006-07-04,emotion_joy,0.20632183908045984,2
2006-07-04,group_generalization_presence,-0.44597701149425284,2
2006-07-04,hate_speech_presence,-0.03793103448275862,2
2006-07-04,politeness,-0.34310344827586214,2
2006-07-04,toxicity,-0.28678160919540224,2
2006-07-11,emotion_anger,-0.9300411522633745,2
2006-07-11,emotion_fear,-0.09053497942386832,2
2006-07-11,emotion_joy,-0.25308641975308643,2
2006-07-11,group_generalization_presence,0.24897119341563784,2
2006-07-11,hate_speech_presence,-0.06172839506172839,2
2006-07-11,politeness,0.04732510288065839,2
2006-07-11,toxicity,-0.897119341563786,2
2006-07-25,emotion_anger,-1.4843971631205672,2
2006-07-25,emotion_fear,-0.28983451536643023,2
2006-07-25,emotion_joy,1.000709219858156,2
2006-07-25,group_generalization_presence,-0.5088652482269503,2
2006-07-25,hate_speech_presence,-0.11063829787234042,2
2006-07-25,politeness,0.597872340425532,2
2006-07-25,toxicity,-1.4016548463356973,2
2006-08-22,emotion_anger,-1.0,1
2006-08-22,emotion_fear,0.0,1
2006-08-22,emotion_joy,0.0,1
2006-08-22,group_generalization_presence,0.0,1
2006-08-22,hate_speech_presence,0.0,1
2006-08-22,politeness,1.3333333333333335,1
2006-08-22,toxicity,-0.6666666666666666,1
2006-08-29,emotion_anger,-0.4596774193548387,2
2006-08-29,emotion_fear,-0.14516129032258066,2
2006-08-29,emotion_joy,0.8928571428571428,2
2006-08-29,group_generalization_presence,-0.0967741935483871,2
2006-08-29,hate_speech_presence,-0.016129032258064516,2
2006-08-29,politeness,0.6981566820276497,2
2006-08-29,toxicity,-0.4032258064516129,2
2006-09-05,emotion_anger,-0.6639115475872276,7
2006-09-05,emotion_fear,-0.11940251034008739,7
2006-09-05,emotion_joy,1.3061144087125296,7
2006-09-05,group_generalization_presence,-0.1226337843068734,7
2006-09-05,hate_speech_presence,-0.027006328398439028,7
2006-09-05,politeness,0.4769198273303843,7
2006-09-05,toxicity,-0.4169516721392132,7
2006-09-12,emotion_anger,-0.04013705909012771,11
2006-09-12,emotion_fear,-0.037563433643887485,11
2006-09-12,emotion_joy,0.1121823852612919,11
2006-09-12,group_generalization_presence,-0.09004228537493107,11
2006-09-12,hate_speech_presence,-0.05257652782149946,11
2006-09-12,politeness,-0.009069364536099946,11
2006-09-12,toxicity,-0.13379391796101442,11
2006-09-19,emotion_anger,-0.23334245237253287,34
2006-09-19,emotion_fear,-0.08958182292590142,34
2006-09-19,emotion_joy,-0.08310618578700087,34
2006-09-19,group_generalization_presence,-0.11998617246705467,34
2006-09-19,hate_speech_presence,-0.025736141899031784,34
2006-09-19,politeness,0.16583920112472708,34
2006-09-19,toxicity,-0.2396530139521499,34
2006-09-26,emotion_anger,-0.40787688682088963,14
2006-09-26,emotion_fear,-0.022844142843294616,14
2006-09-26,emotion_joy,0.1194345942884962,14
2006-09-26,group_generalization_presence,0.08637811258949038,14
2006-09-26,hate_speech_presence,-0.017149179660451645,14
2006-09-26,politeness,0.36606714501941146,14
2006-09-26,toxicity,-0.3728257647235503,14
2006-10-03,emotion_anger,-0.33149613629604635,20
2006-10-03,emotion_fear,-0.14064257987610682,20
2006-10-03,emotion_joy,0.1980170945374019,20
2006-10-03,group_generalization_presence,-0.133667669988388,20
2006-10-03,hate_speech_presence,-0.020131813514564154,20
2006-10-03,politeness,0.3091571132879,20
2006-10-03,toxicity,-0.429628241654094,20
2006-10-10,emotion_anger,0.09601606930804334,28
2006-10-10,emotion_fear,-0.06642018330127918,28
2006-10-10,emotion_joy,0.26909915142117724,28
2006-10-10,group_generalization_presence,0.03404329759011526,28
2006-10-10,hate_speech_presence,0.03833610286155619,28
2006-10-10,politeness,-0.010159755472294625,28
2006-10-10,toxicity,-0.0783331909694704,28
2006-10-17,emotion_anger,-0.5944388828011676,17
2006-10-17,emotion_fear,-0.06789102609123801,17
2006-10-17,emotion_joy,0.7706365781935322,17
2006-10-17,group_generalization_presence,-0.18862215872551416,17
2006-10-17,hate_speech_presence,-0.02247890648006028,17
2006-10-17,politeness,0.4235454406507729,17
2006-10-17,toxicity,-0.4442791390878696,17
2006-10-24,emotion_anger,-0.39481161822464206,20
2006-10-24,emotion_fear,-0.009961145054948162,20
2006-10-24,emotion_joy,0.49893609943037714,20
2006-10-24,group_generalization_presence,0.058071302034666906,20
2006-10-24,hate_speech_presence,-0.00668131832494071,20
2006-10-24,politeness,0.37720746725973864,20
2006-10-24,toxicity,-0.28498301121948594,20
2006-10-31,emotion_anger,-0.3105197201248523,47
2006-10-31,emotion_fear,-0.04845331433900521,47
2006-10-31,emotion_joy,-0.013799120809328038,47
2006-10-31,group_generalization_presence,-0.05501155220416482,47
2006-10-31,hate_speech_presence,0.048206505483057764,47
2006-10-31,politeness,0.14963587857395147,47
2006-10-31,toxicity,-0.2512115289792195,47
2006-11-07,emotion_anger,-0.161598200656681,49
2006-11-07,emotion_fear,-0.07285750606153052,49
2006-11-07,emotion_joy,0.3033911698436188,49
2006-11-07,group_generalization_presence,0.011057275927361457,49
2006-11-07,hate_speech_presence,-0.03245834558999497,49
2006-11-07,politeness,0.10792582339424223,49
2006-11-07,toxicity,-0.18789484459494774,49
2006-11-14,emotion_anger,-0.20581209695733654,45
2006-11-14,emotion_fear,-0.1026325912429942,45
2006-11-14,emotion_joy,-0.013954583243141099,45
2006-11-14,group_generalization_presence,-0.0007966735353045703,45
2006-11-14,hate_speech_presence,-0.02093758784414721,45
2006-11-14,politeness,0.06237465964996765,45
2006-11-14,toxicity,-0.16889148429704387,45
2006-11-21,emotion_anger,-0.46622341520245836,40
2006-11-21,emotion_fear,-0.10558889816524375,40
2006-11-21,emotion_joy,0.18476423424628896,40
2006-11-21,group_generalization_presence,-0.10853427616130591,40
2006-11-21,hate_speech_presence,-0.012845393572999821,40
2006-11-21,politeness,0.23764676379928096,40
2006-11-21,toxicity,-0.43564521156999386,40
2006-11-28,emotion_anger,-0.33390752202954627,49
2006-11-28,emotion_fear,-0.08230528234618399,49
2006-11-28,emotion_joy,0.04574317408880082,49
2006-11-28,group_generalization_presence,-0.15730229299425758,49
2006-11-28,hate_speech_presence,-0.017371628775179476,49
2006-11-28,politeness,0.12403654703293224,49
2006-11-28,toxicity,-0.32483583692940643,49
2006-12-05,emotion_anger,0.005441436763306699,96
2006-12-05,emotion_fear,-0.07694229202213113,96
2006-12-05,emotion_joy,-0.18839730529170187,96
2006-12-05,group_generalization_presence,-0.046901051247982765,96
2006-12-05,hate_speech_presence,-0.05496341317451336,96
2006-12-05,politeness,-0.006137312614272558,96
2006-12-05,toxicity,-0.03380816127088617,96
2006-12-12,emotion_anger,0.19682873656846878,172
2006-12-12,emotion_fear,0.02722242824541226,172
2006-12-12,emotion_joy,-0.16635096343880407,172
2006-12-12,group_generalization_presence,0.12529731455369936,172
2006-12-12,hate_speech_presence,0.09218307592961053,172
2006-12-12,politeness,-0.13710849814110793,172
2006-12-12,toxicity,0.2623554823981517,172
2006-12-19,emotion_anger,-0.019110489700315824,122
2006-12-19,emotion_fear,0.02900913917616247,122
2006-12-19,emotion_joy,0.37969751952614506,122
2006-12-19,group_generalization_presence,-0.07491407727128853,122
2006-12-19,hate_speech_presence,-0.02769261972081259,122
2006-12-19,politeness,0.03236420405615009,122
2006-12-19,toxicity,-0.03137788651967512,122
2006-12-26,emotion_anger,-0.21082940527454413,152
2006-12-26,emotion_fear,-0.0896447356087596,152
2006-12-26,emotion_joy,0.19107708090586967,152
2006-12-26,group_generalization_presence,-0.050099522996117626,152
2006-12-26,hate_speech_presence,0.0014545650988201568,152
2006-12-26,politeness,0.16489171880204645,152
2006-12-26,toxicity,-0.07280309508935733,152
2007-01-02,emotion_anger,0.12386483239563502,213
2007-01-02,emotion_fear,0.06852328718221837,213
2007-01-02,emotion_joy,-0.15512435437623293,213
2007-01-02,group_generalization_presence,0.13767219754116666,213
2007-01-02,hate_speech_presence,0.03854569438013594,213
2007-01-02,politeness,-0.04784903735811971,213
2007-01-02,toxicity,0.13784313869475467,213
2007-01-09,emotion_anger,-0.18397512678742964,241
2007-01-09,emotion_fear,-0.023458751437221224,241
2007-01-09,emotion_joy,0.07915131621249838,241
2007-01-09,group_generalization_presence,0.02881302623664652,241
2007-01-09,hate_speech_presence,0.023777743932088435,241
2007-01-09,politeness,0.11620771901005579,241
2007-01-09,toxicity,-0.13414081616234427,241
2007-01-16,emotion_anger,-0.017412841139800572,415
2007-01-16,emotion_fear,-0.02203898001764278,415
2007-01-16,emotion_joy,-0.04595809763485259,415
2007-01-16,group_generalization_presence,0.03031918161079756,415
2007-01-16,hate_speech_presence,-0.022970574938811945,415
2007-01-16,politeness,-0.022390686207873933,415
2007-01-16,toxicity,0.005862721071389125,415
2007-01-23,emotion_anger,-0.12281060405261565,558
2007-01-23,emotion_fear,-0.013059643672770105,558
2007-01-23,emotion_joy,0.020498210457270016,558
2007-01-23,group_generalization_presence,0.006054770029239153,558
2007-01-23,hate_speech_presence,-0.022192702606494464,558
2007-01-23,politeness,0.026394668960019862,558
2007-01-23,toxicity,-0.10422034567448527,558
2007-01-30,emotion_anger,-0.08211090943099068,664
2007-01-30,emotion_fear,0.0030851294276569028,664
2007-01-30,emotion_joy,0.04596463535541881,664
2007-01-30,group_generalization_presence,-0.017077457939987835,664
2007-01-30,hate_speech_presence,-0.016132209230706924,664
2007-01-30,politeness,0.0695932808986522,664
2007-01-30,toxicity,-0.10704457828822476,664
2007-02-06,emotion_anger,-0.13757978828175396,889
2007-02-06,emotion_fear,-0.04017246939224821,889
2007-02-06,emotion_joy,0.07903170673562546,889
2007-02-06,group_generalization_presence,-0.006273426964278868,889
2007-02-06,hate_speech_presence,-0.012012174685451741,889
2007-02-06,politeness,0.10290186998617157,889
2007-02-06,toxicity,-0.11540492867815125,889
2007-02-13,emotion_anger,-0.1153821363483001,1003
2007-02-13,emotion_fear,-0.03661145712819676,1003
2007-02-13,emotion_joy,0.1144954307239012,1003
2007-02-13,group_generalization_presence,-0.002057106400594159,1003
2007-02-13,hate_speech_presence,-0.02011038948867027,1003
2007-02-13,politeness,0.0685101278737832,1003
2007-02-13,toxicity,-0.09294236139487023,1003
2007-02-20,emotion_anger,-0.06561658062089669,1044
2007-02-20,emotion_fear,0.0027173308057247504,1044
2007-02-20,emotion_joy,0.026546211827167154,1044
2007-02-20,group_generalization_presence,0.011602996227181682,1044
2007-02-20,hate_speech_presence,-0.003728877004646936,1044
2007-02-20,politeness,0.035600123408560905,1044
2007-02-20,toxicity,-0.08191346020104091,1044
2007-02-27,emotion_anger,-0.14727193598751917,1167
2007-02-27,emotion_fear,-0.03343408255688083,1167
2007-02-27,emotion_joy,0.16673009371139497,1167
2007-02-27,group_generalization_presence,-0.019242436106062397,1167
2007-02-27,hate_speech_presence,-0.02026533210763553,1167
2007-02-27,politeness,0.06387757162487566,1167
2007-02-27,toxicity,-0.09556399808645014,1167
2007-03-06,emotion_anger,-0.1507728635680987,1453
2007-03-06,emotion_fear,-0.03629101060540242,1453
2007-03-06,emotion_joy,0.12558207972137853,1453
2007-03-06,group_generalization_presence,0.007008663444503273,1453
2007-03-06,hate_speech_presence,-0.02346735675969274,1453
2007-03-06,politeness,0.11216000817133688,1453
2007-03-06,toxicity,-0.12709981914970372,1453
2007-03-13,emotion_anger,-0.16765888931483858,1292
2007-03-13,emotion_fear,-0.03946087757427151,1292
2007-03-13,emotion_joy,0.05849744212817137,1292
2007-03-13,group_generalization_presence,-0.030719881336387294,1292
2007-03-13,hate_speech_presence,-0.01111039271457238,1292
2007-03-13,politeness,0.15845645761491048,1292
2007-03-13,toxicity,-0.14852271640094086,1292
2007-03-20,emotion_anger,-0.03513796112755142,1640
2007-03-20,emotion_fear,-0.010024518169670456,1640
2007-03-20,emotion_joy,-0.04760256008236594,1640
2007-03-20,group_generalization_presence,-0.0026660094436120065,1640
2007-03-20,hate_speech_presence,-0.018943967410709958,1640
2007-03-20,politeness,-0.003053782660333938,1640
2007-03-20,toxicity,-0.030715129209021474,1640
2007-03-27,emotion_anger,-0.08245658064967087,1543
2007-03-27,emotion_fear,-0.01862667479687834,1543
2007-03-27,emotion_joy,0.0033167071875239785,1543
2007-03-27,group_generalization_presence,-0.019916491258867672,1543
2007-03-27,hate_speech_presence,0.0025496296265807993,1543
2007-03-27,politeness,0.011807228477769093,1543
2007-03-27,toxicity,-0.0710201086874754,1543
2007-04-03,emotion_anger,-0.050238681472545156,1762
2007-04-03,emotion_fear,-0.018756443049973266,1762
2007-04-03,emotion_joy,0.14428718777801414,1762
2007-04-03,group_generalization_presence,0.05134804436796294,1762
2007-04-03,hate_speech_presence,0.019904992618086495,1762
2007-04-03,politeness,0.05685397571966407,1762
2007-04-03,toxicity,-0.06619387820393353,1762
2007-04-10,emotion_anger,-0.07384997581523067,1575
2007-04-10,emotion_fear,-0.010756903834593538,1575
2007-04-10,emotion_joy,-0.0021222861257010834,1575
2007-04-10,group_generalization_presence,0.06254575966918421,1575
2007-04-10,hate_speech_presence,0.030911294685451576,1575
2007-04-10,politeness,-0.0036788089358606607,1575
2007-04-10,toxicity,-0.046694993211363875,1575
2007-04-17,emotion_anger,-0.18078479162925215,1640
2007-04-17,emotion_fear,-0.04356481682255579,1640
2007-04-17,emotion_joy,0.2260635076657534,1640
2007-04-17,group_generalization_presence,-0.01943876049524473,1640
2007-04-17,hate_speech_presence,-0.0006898687557908705,1640
2007-04-17,politeness,0.1364517748441089,1640
2007-04-17,toxicity,-0.11884479359620138,1640
2007-04-24,emotion_anger,-0.02304254454739433,1615
2007-04-24,emotion_fear,-0.042067715828860694,1615
2007-04-24,emotion_joy,0.023295883534228234,1615
2007-04-24,group_generalization_presence,-0.026504381741341378,1615
2007-04-24,hate_speech_presence,-0.0015336535562415511,1615
2007-04-24,politeness,-0.01394371731048247,1615
2007-04-24,toxicity,-0.00355048289805119,1615
2007-05-01,emotion_anger,0.06159764827093797,1799
2007-05-01,emotion_fear,-0.04933453143839603,1799
2007-05-01,emotion_joy,-0.0982704399979697,1799
2007-05-01,group_generalization_presence,0.0012794318485968824,1799
2007-05-01,hate_speech_presence,-0.008598827259513865,1799
2007-05-01,politeness,-0.08722174581648941,1799
2007-05-01,toxicity,0.06826680586774056,1799
2007-05-08,emotion_anger,-0.026662875254788068,1699
2007-05-08,emotion_fear,-0.02092518037044881,1699
2007-05-08,emotion_joy,-0.001218208221902221,1699
2007-05-08,group_generalization_presence,-0.011134576272835331,1699
2007-05-08,hate_speech_presence,-0.014024928711342862,1699
2007-05-08,politeness,-0.005599409524152073,1699
2007-05-08,toxicity,-0.0372869888519659,1699
2007-05-15,emotion_anger,-0.08490910541682854,1393
2007-05-15,emotion_fear,-0.025420566863928767,1393
2007-05-15,emotion_joy,-0.037621513060236665,1393
2007-05-15,group_generalization_presence,-0.0031929510527262707,1393
2007-05-15,hate_speech_presence,-0.008268312654122131,1393
2007-05-15,politeness,0.019170320641416563,1393
2007-05-15,toxicity,-0.09525444260771061,1393
2007-05-22,emotion_anger,-0.1444869902149707,1412
2007-05-22,emotion_fear,-0.04091340977970145,1412
2007-05-22,emotion_joy,0.05356941603511666,1412
2007-05-22,group_generalization_presence,-0.033025309146075495,1412
2007-05-22,hate_speech_presence,-0.022493505403349788,1412
2007-05-22,politeness,0.0560485353831297,1412
2007-05-22,toxicity,-0.11124943203319981,1412
2007-05-29,emotion_anger,-0.09205951401870442,1348
2007-05-29,emotion_fear,-0.01526865209200528,1348
2007-05-29,emotion_joy,0.003382517263717784,1348
2007-05-29,group_generalization_presence,-0.031073540053449866,1348
2007-05-29,hate_speech_presence,-0.00036580507391705653,1348
2007-05-29,politeness,0.02440376506632811,1348
2007-05-29,toxicity,-0.050830071349297894,1348
2007-06-05,emotion_anger,-0.06034078170331612,1190
2007-06-05,emotion_fear,-0.03663026824873417,1190
2007-06-05,emotion_joy,0.07685621562780615,1190
2007-06-05,group_generalization_presence,-0.016286876776839793,1190
2007-06-05,hate_speech_presence,-0.01717000287270477,1190
2007-06-05,politeness,0.021413832213654213,1190
2007-06-05,toxicity,-0.03316274311812888,1190
2007-06-12,emotion_anger,-0.1315336270227216,1409
2007-06-12,emotion_fear,-0.031726471105019846,1409
2007-06-12,emotion_joy,0.019970782460950253,1409
2007-06-12,group_generalization_presence,0.017050822667059453,1409
2007-06-12,hate_speech_presence,-0.009483222595629564,1409
2007-06-12,politeness,0.0447406524096172,1409
2007-06-12,toxicity,-0.06131543057746213,1409
2007-06-19,emotion_anger,-0.07246366985949963,1442
2007-06-19,emotion_fear,0.008989722470969564,1442
2007-06-19,emotion_joy,-0.002661211039357977,1442
2007-06-19,group_generalization_presence,-0.007819377597629492,1442
2007-06-19,hate_speech_presence,0.02490660664772471,1442
2007-06-19,politeness,0.005480025585913556,1442
2007-06-19,toxicity,-0.012088723052072528,1442
2007-06-26,emotion_anger,-0.12642551966668997,1726
2007-06-26,emotion_fear,0.00027043890664804377,1726
2007-06-26,emotion_joy,0.0964912568162215,1726
2007-06-26,group_generalization_presence,-0.03828685253270252,1726
2007-06-26,hate_speech_presence,-0.009824997120688475,1726
2007-06-26,politeness,0.06573789926260792,1726
2007-06-26,toxicity,-0.08214740701957043,1726
2007-07-03,emotion_anger,-0.03796903044292483,1584
2007-07-03,emotion_fear,0.013942255792936462,1584
2007-07-03,emotion_joy,-0.045126193082661324,1584
2007-07-03,group_generalization_presence,-0.04280966463901944,1584
2007-07-03,hate_speech_presence,-0.017404597152292103,1584
2007-07-03,politeness,-0.03512901303901872,1584
2007-07-03,toxicity,-0.011818730588494513,1584
2007-07-10,emotion_anger,-0.13666321927458636,1513
2007-07-10,emotion_fear,-0.003613523927304521,1513
2007-07-10,emotion_joy,-0.005066106561828499,1513
2007-07-10,group_generalization_presence,-0.02947310884176411,1513
2007-07-10,hate_speech_presence,6.794435602979263e-05,1513
2007-07-10,politeness,0.11568971480100693,1513
2007-07-10,toxicity,-0.12590180876506224,1513
2007-07-17,emotion_anger,-0.07125362598986558,1617
2007-07-17,emotion_fear,0.03296475201275207,1617
2007-07-17,emotion_joy,0.0688844791951806,1617
2007-07-17,group_generalization_presence,0.0183448110689163,1617
2007-07-17,hate_speech_presence,0.011221850967486652,1617
2007-07-17,politeness,0.01129529845283234,1617
2007-07-17,toxicity,-0.014360763989388415,1617
2007-07-24,emotion_anger,-0.1953101738004123,1619
2007-07-24,emotion_fear,-0.0048370445294961635,1619
2007-07-24,emotion_joy,0.04506745745022833,1619
2007-07-24,group_generalization_presence,-0.015160143802589994,1619
2007-07-24,hate_speech_presence,0.005246051412804966,1619
2007-07-24,politeness,0.11892796355547888,1619
2007-07-24,toxicity,-0.12872461364483528,1619
2007-07-31,emotion_anger,-0.11809787432714482,1527
2007-07-31,emotion_fear,-0.00831073002205878,1527
2007-07-31,emotion_joy,0.054735734882241316,1527
2007-07-31,group_generalization_presence,-0.0193594534599496,1527
2007-07-31,hate_speech_presence,-0.019100939850117245,1527
2007-07-31,politeness,-0.021167350194346214,1527
2007-07-31,toxicity,-0.0489070191278776,1527
2007-08-07,emotion_anger,-0.10365645749886727,1716
2007-08-07,emotion_fear,-0.0417794361133094,1716
2007-08-07,emotion_joy,0.17270928155842877,1716
2007-08-07,group_generalization_presence,-0.05640803785763388,1716
2007-08-07,hate_speech_presence,-0.02627399255793386,1716
2007-08-07,politeness,0.08213721986356955,1716
2007-08-07,toxicity,-0.08199108151987197,1716
2007-08-14,emotion_anger,-0.10434623798631662,1684
2007-08-14,emotion_fear,-0.011721627266282432,1684
2007-08-14,emotion_joy,0.015975644972069842,1684
2007-08-14,group_generalization_presence,-0.014468870300062291,1684
2007-08-14,hate_speech_presence,-0.0011464051631742455,1684
2007-08-14,politeness,0.012672156850774382,1684
2007-08-14,toxicity,-0.0630217921324182,1684
2007-08-21,emotion_anger,0.10737889192063163,1667
2007-08-21,emotion_fear,0.031173984741257293,1667
2007-08-21,emotion_joy,-0.14028306328437545,1667
2007-08-21,group_generalization_presence,-0.05386488316409859,1667
2007-08-21,hate_speech_presence,-0.009013939506127788,1667
2007-08-21,politeness,-0.08380435745019653,1667
2007-08-21,toxicity,0.12144377737424929,1667
2007-08-28,emotion_anger,-0.12159811613699004,1835
2007-08-28,emotion_fear,-0.012473484860127343,1835
2007-08-28,emotion_joy,0.03976678022943333,1835
2007-08-28,group_generalization_presence,-0.028795921625661334,1835
2007-08-28,hate_speech_presence,-0.006459585809918343,1835
2007-08-28,politeness,0.0451092444365958,1835
2007-08-28,toxicity,-0.05445004920221598,1835
2007-09-04,emotion_anger,-0.10763277478080635,1991
2007-09-04,emotion_fear,0.003915436483405909,1991
2007-09-04,emotion_joy,0.1232413236965785,1991
2007-09-04,group_generalization_presence,0.0004407205441011764,1991
2007-09-04,hate_speech_presence,-0.007435166593225116,1991
2007-09-04,politeness,0.043439504688297464,1991
2007-09-04,toxicity,-0.040113248150930585,1991
2007-09-11,emotion_anger,-0.08651214012610996,1876
2007-09-11,emotion_fear,-0.01078734185825268,1876
2007-09-11,emotion_joy,0.09337139442665393,1876
2007-09-11,group_generalization_presence,0.008417814273534876,1876
2007-09-11,hate_speech_presence,0.004705957589522363,1876
2007-09-11,politeness,0.07829179004699902,1876
2007-09-11,toxicity,-0.04000126196063327,1876
2007-09-18,emotion_anger,-0.014813206412597452,1980
2007-09-18,emotion_fear,0.014546244813689156,1980
2007-09-18,emotion_joy,0.006838889736113625,1980
2007-09-18,group_generalization_presence,0.01725525708891055,1980
2007-09-18,hate_speech_presence,0.042551743637377924,1980
2007-09-18,politeness,-0.02564819562203307,1980
2007-09-18,toxicity,0.05623435316623995,1980
2007-09-25,emotion_anger,-0.19383907236935602,1683
2007-09-25,emotion_fear,-0.025796415570366247,1683
2007-09-25,emotion_joy,0.014825083311575839,1683
2007-09-25,group_generalization_presence,-0.011930421231051003,1683
2007-09-25,hate_speech_presence,-0.011042292937416378,1683
2007-09-25,politeness,0.13844461993429383,1683
2007-09-25,toxicity,-0.1514588460176548,1683
2007-10-02,emotion_anger,-0.12712967856457522,1951
2007-10-02,emotion_fear,-0.044018106608365595,1951
2007-10-02,emotion_joy,0.22721601911209874,1951
2007-10-02,group_generalization_presence,-0.0614078717786788,1951
2007-10-02,hate_speech_presence,-0.0160743249492875,1951
2007-10-02,politeness,0.10130574454934795,1951
2007-10-02,toxicity,-0.11718880507455823,1951
2007-10-09,emotion_anger,-0.014933290054173003,2174
2007-10-09,emotion_fear,-0.015430008247574251,2174
2007-10-09,emotion_joy,-0.023131419145240875,2174
2007-10-09,group_generalization_presence,-0.03997252226707866,2174
2007-10-09,hate_speech_presence,-0.02051704526404151,2174
2007-10-09,politeness,-0.02647529156168685,2174
2007-10-09,toxicity,-0.020945183177203442,2174
2007-10-16,emotion_anger,-0.03924546960060825,2303
2007-10-16,emotion_fear,-0.032851227494084555,2303
2007-10-16,emotion_joy,0.02870124906640079,2303
2007-10-16,group_generalization_presence,0.05834982747864486,2303
2007-10-16,hate_speech_presence,0.018726094864866552,2303
2007-10-16,politeness,0.009724767252093038,2303
2007-10-16,toxicity,-0.01686476997124227,2303
2007-10-23,emotion_anger,-0.08846020918731234,2300
2007-10-23,emotion_fear,-0.006228224425257587,2300
2007-10-23,emotion_joy,0.07624145215138142,2300
2007-10-23,group_generalization_presence,0.07146768536902053,2300
2007-10-23,hate_speech_presence,0.0933217521303629,2300
2007-10-23,politeness,0.05630760117734348,2300
2007-10-23,toxicity,-0.01013652396982767,2300
2007-10-30,emotion_anger,-0.015140436186180493,2117
2007-10-30,emotion_fear,0.00436084793307972,2117
2007-10-30,emotion_joy,0.0508344277346771,2117
2007-10-30,group_generalization_presence,0.04594710641359522,2117
2007-10-30,hate_speech_presence,0.039046058570933385,2117
2007-10-30,politeness,0.016329981324898452,2117
2007-10-30,toxicity,0.019651020635716304,2117
2007-11-06,emotion_anger,-0.146486242664254,2191
2007-11-06,emotion_fear,0.0007545743053885239,2191
2007-11-06,emotion_joy,0.1322522347069956,2191
2007-11-06,group_generalization_presence,-0.0013927045338322742,2191
2007-11-06,hate_speech_presence,0.024976993319631012,2191
2007-11-06,politeness,0.10747473962831548,2191
2007-11-06,toxicity,-0.09749859428530792,2191
2007-11-13,emotion_anger,-0.08182814038514695,2458
2007-11-13,emotion_fear,0.010914848804855694,2458
2007-11-13,emotion_joy,0.08363585250797444,2458
2007-11-13,group_generalization_presence,0.04902146241839833,2458
2007-11-13,hate_speech_presence,0.038191040402053324,2458
2007-11-13,politeness,0.026742672945065438,2458
2007-11-13,toxicity,0.00815574849300443,2458
2007-11-20,emotion_anger,-0.15127402573358012,2570
2007-11-20,emotion_fear,-0.023751208820932287,2570
2007-11-20,emotion_joy,0.1613297606493351,2570
2007-11-20,group_generalization_presence,-0.006004703118653419,2570
2007-11-20,hate_speech_presence,0.01638590701745839,2570
2007-11-20,politeness,0.10664337288238705,2570
2007-11-20,toxicity,-0.09930040567060433,2570
2007-11-27,emotion_anger,-0.12123496349293364,2431
2007-11-27,emotion_fear,-0.03563563634487137,2431
2007-11-27,emotion_joy,0.20195383228358693,2431
2007-11-27,group_generalization_presence,0.07656766430655886,2431
2007-11-27,hate_speech_presence,0.009590675962119152,2431
2007-11-27,politeness,0.13069675336934505,2431
2007-11-27,toxicity,-0.07103221461214108,2431
2007-12-04,emotion_anger,-0.163869119044078,2464
2007-12-04,emotion_fear,-0.05601807039135762,2464
2007-12-04,emotion_joy,0.1399053063700787,2464
2007-12-04,group_generalization_presence,-0.05863797754350562,2464
2007-12-04,hate_speech_presence,-0.024111230687970265,2464
2007-12-04,politeness,0.09041756621911455,2464
2007-12-04,toxicity,-0.08736918544046383,2464
2007-12-11,emotion_anger,-0.25776544875825713,2641
2007-12-11,emotion_fear,-0.03778020157128799,2641
2007-12-11,emotion_joy,0.18085133509686738,2641
2007-12-11,group_generalization_presence,-0.07827966935254446,2641
2007-12-11,hate_speech_presence,-0.02825559804300135,2641
2007-12-11,politeness,0.1671263535985733,2641
2007-12-11,toxicity,-0.16718453955317833,2641
2007-12-18,emotion_anger,-0.23569703578804085,2029
2007-12-18,emotion_fear,-0.060481965259125914,2029
2007-12-18,emotion_joy,0.49247087573308984,2029
2007-12-18,group_generalization_presence,-0.031949146937608905,2029
2007-12-18,hate_speech_presence,-0.0011927663705640467,2029
2007-12-18,politeness,0.27111863390325414,2029
2007-12-18,toxicity,-0.17035440726814083,2029
2007-12-25,emotion_anger,-0.28492846655662446,1611
2007-12-25,emotion_fear,-0.019306887781751762,1611
2007-12-25,emotion_joy,0.5961468079312127,1611
2007-12-25,group_generalization_presence,-0.0009032109909058095,1611
2007-12-25,hate_speech_presence,-0.01056196550019568,1611
2007-12-25,politeness,0.29086482075777265,1611
2007-12-25,toxicity,-0.19395188104133307,1611
2008-01-01,emotion_anger,-0.14172261768348457,2230
2008-01-01,emotion_fear,-0.0385852964853805,2230
2008-01-01,emotion_joy,0.2572296402185863,2230
2008-01-01,group_generalization_presence,0.03228932395019684,2230
2008-01-01,hate_speech_presence,-0.015581654493160504,2230
2008-01-01,politeness,0.13841813320766833,2230
2008-01-01,toxicity,-0.08589261401893572,2230
2008-01-08,emotion_anger,-0.06713470052722359,2470
2008-01-08,emotion_fear,-0.0014918577871864292,2470
2008-01-08,emotion_joy,-0.0042269490719968016,2470
2008-01-08,group_generalization_presence,-0.002443275291216848,2470
2008-01-08,hate_speech_presence,0.002253932042167235,2470
2008-01-08,politeness,0.032412685178379114,2470
2008-01-08,toxicity,-0.027801045155532354,2470
2008-01-15,emotion_anger,-0.04302472234719989,2528
2008-01-15,emotion_fear,-0.019222046415016274,2528
2008-01-15,emotion_joy,0.024859773148596345,2528
2008-01-15,group_generalization_presence,-0.013117644861831422,2528
2008-01-15,hate_speech_presence,0.014381161303072963,2528
2008-01-15,politeness,0.008327735794525394,2528
2008-01-15,toxicity,-0.028733433909794385,2528
2008-01-22,emotion_anger,0.06395427286282336,2979
2008-01-22,emotion_fear,-0.02612691733385409,2979
2008-01-22,emotion_joy,-0.040211996897145955,2979
2008-01-22,group_generalization_presence,0.015814792191986504,2979
2008-01-22,hate_speech_presence,-0.011563168733339315,2979
2008-01-22,politeness,-0.0659033459550448,2979
2008-01-22,toxicity,0.08500074346538285,2979
2008-01-29,emotion_anger,-0.14758427036090022,3142
2008-01-29,emotion_fear,-0.03217405919268113,3142
2008-01-29,emotion_joy,0.07785914927582822,3142
2008-01-29,group_generalization_presence,-0.04452914100478002,3142
2008-01-29,hate_speech_presence,-0.024073535459089954,3142
2008-01-29,politeness,0.08414325189670203,3142
2008-01-29,toxicity,-0.09833870711565897,3142
2008-02-05,emotion_anger,0.02565483103511675,2787
2008-02-05,emotion_fear,0.021460109123382136,2787
2008-02-05,emotion_joy,-0.10358631519417903,2787
2008-02-05,group_generalization_presence,-0.03879297684382305,2787
2008-02-05,hate_speech_presence,-0.005977157612290414,2787
2008-02-05,politeness,-0.021731637551656087,2787
2008-02-05,toxicity,-0.004756183887310428,2787
2008-02-12,emotion_anger,0.014518677346829097,2713
2008-02-12,emotion_fear,0.015392551381012084,2713
2008-02-12,emotion_joy,0.003547840111552973,2713
2008-02-12,group_generalization_presence,0.03752724971217515,2713
2008-02-12,hate_speech_presence,0.06202812424227755,2713
2008-02-12,politeness,0.015409928202874646,2713
2008-02-12,toxicity,0.023921164632257366,2713
2008-02-19,emotion_anger,-0.11654644248418573,2629
2008-02-19,emotion_fear,-0.022899818059991913,2629
2008-02-19,emotion_joy,0.03783831613695805,2629
2008-02-19,group_generalization_presence,-0.031196922129869104,2629
2008-02-19,hate_speech_presence,0.001123475978107471,2629
2008-02-19,politeness,0.059088124270537404,2629
2008-02-19,toxicity,-0.09216101307187895,2629
2008-02-26,emotion_anger,-0.20033284229771148,2763
2008-02-26,emotion_fear,-0.00010376347162820317,2763
2008-02-26,emotion_joy,0.14459317134589467,2763
2008-02-26,group_generalization_presence,-0.03355758763222223,2763
2008-02-26,hate_speech_presence,0.0023755104682584628,2763
2008-02-26,politeness,0.14797737495946803,2763
2008-02-26,toxicity,-0.13048743821939152,2763
2008-03-04,emotion_anger,-0.1262343950360611,2699
2008-03-04,emotion_fear,-0.010658385176964673,2699
2008-03-04,emotion_joy,0.13761399622966008,2699
2008-03-04,group_generalization_presence,0.01639463905755443,2699
2008-03-04,hate_speech_presence,0.053788945854985275,2699
2008-03-04,politeness,0.1042889298288302,2699
2008-03-04,toxicity,-0.10749512522006892,2699
2008-03-11,emotion_anger,-0.13044208941890256,2643
2008-03-11,emotion_fear,-0.008063980141617282,2643
2008-03-11,emotion_joy,0.10948047566752775,2643
2008-03-11,group_generalization_presence,-0.014369361294719869,2643
2008-03-11,hate_speech_presence,-0.012340861500138538,2643
2008-03-11,politeness,0.08718680656765836,2643
2008-03-11,toxicity,-0.06744226494252652,2643
2008-03-18,emotion_anger,-0.09243146616111313,2593
2008-03-18,emotion_fear,0.04246924697006366,2593
2008-03-18,emotion_joy,0.16225040283160158,2593
2008-03-18,group_generalization_presence,0.05806722332052289,2593
2008-03-18,hate_speech_presence,0.03671368717475411,2593
2008-03-18,politeness,0.10933220712404225,2593
2008-03-18,toxicity,-0.059721783275942644,2593
2008-03-25,emotion_anger,-0.08792673234024237,3087
2008-03-25,emotion_fear,0.020402795715655866,3087
2008-03-25,emotion_joy,0.06221711473156747,3087
2008-03-25,group_generalization_presence,-0.018474327665300598,3087
2008-03-25,hate_speech_presence,0.01774357007418487,3087
2008-03-25,politeness,0.10490875757457613,3087
2008-03-25,toxicity,-0.10379880291231311,3087
2008-04-01,emotion_anger,-0.1728300554909297,2862
2008-04-01,emotion_fear,-0.027638556394515006,2862
2008-04-01,emotion_joy,0.13842208381458293,2862
2008-04-01,group_generalization_presence,-0.07132901073888827,2862
2008-04-01,hate_speech_presence,-0.01970606620050718,2862
2008-04-01,politeness,0.12379025476548164,2862
2008-04-01,toxicity,-0.14393548360334268,2862
2008-04-08,emotion_anger,-0.17691170035389883,2877
2008-04-08,emotion_fear,-0.009832317225522604,2877
2008-04-08,emotion_joy,0.03402462712353954,2877
2008-04-08,group_generalization_presence,-0.09621216029790179,2877
2008-04-08,hate_speech_presence,-0.026360984374949516,2877
2008-04-08,politeness,0.1331230463324953,2877
2008-04-08,toxicity,-0.17303538182120057,2877
2008-04-15,emotion_anger,-0.07701706043110984,3020
2008-04-15,emotion_fear,0.00277027321376123,3020
2008-04-15,emotion_joy,0.11933608905783381,3020
2008-04-15,group_generalization_presence,0.0009615134063417984,3020
2008-04-15,hate_speech_presence,0.027910541272962445,3020
2008-04-15,politeness,0.09014020925323518,3020
2008-04-15,toxicity,-0.05437731236033823,3020
2008-04-22,emotion_anger,0.024506967230406435,3347
2008-04-22,emotion_fear,0.01683034631383574,3347
2008-04-22,emotion_joy,0.05674593359800051,3347
2008-04-22,group_generalization_presence,-0.02521900370828359,3347
2008-04-22,hate_speech_presence,-0.009373727031804134,3347
2008-04-22,politeness,0.04910544725558527,3347
2008-04-22,toxicity,0.02004542917260323,3347
2008-04-29,emotion_anger,-0.056101370361258826,2568
2008-04-29,emotion_fear,0.04224573098877812,2568
2008-04-29,emotion_joy,0.03151839504353417,2568
2008-04-29,group_generalization_presence,-0.027848868506376214,2568
2008-04-29,hate_speech_presence,0.009318377412901901,2568
2008-04-29,politeness,0.06929577824917178,2568
2008-04-29,toxicity,-0.03681340842704069,2568
2008-05-06,emotion_anger,-0.10880360426998856,2677
2008-05-06,emotion_fear,-0.024089214998201453,2677
2008-05-06,emotion_joy,0.1341363791272146,2677
2008-05-06,group_generalization_presence,-0.027864102924097647,2677
2008-05-06,hate_speech_presence,-0.008775956814099702,2677
2008-05-06,politeness,0.07912919503458617,2677
2008-05-06,toxicity,-0.06885049330978937,2677
2008-05-13,emotion_anger,-0.10337792812254944,2897
2008-05-13,emotion_fear,-0.01040983043254955,2897
2008-05-13,emotion_joy,0.11363779695583065,2897
2008-05-13,group_generalization_presence,0.023410963329865437,2897
2008-05-13,hate_speech_presence,0.02046137926666621,2897
2008-05-13,politeness,0.0821470953497026,2897
2008-05-13,toxicity,-0.06767660241918945,2897
2008-05-20,emotion_anger,-0.10967614234249695,2999
2008-05-20,emotion_fear,0.005025636076517135,2999
2008-05-20,emotion_joy,0.07645309222799007,2999
2008-05-20,group_generalization_presence,0.028035214919474378,2999
2008-05-20,hate_speech_presence,0.026915860009250052,2999
2008-05-20,politeness,0.060483921983320706,2999
2008-05-20,toxicity,-0.04286210978305608,2999
2008-05-27,emotion_anger,-0.06242585241179448,2585
2008-05-27,emotion_fear,0.0050261777009731065,2585
2008-05-27,emotion_joy,0.0035482229779480717,2585
2008-05-27,group_generalization_presence,-0.031347242726163675,2585
2008-05-27,hate_speech_presence,-0.006473314290299591,2585
2008-05-27,politeness,0.045916275391283845,2585
2008-05-27,toxicity,-0.04655507624766378,2585
2008-06-03,emotion_anger,0.02825245933024612,2757
2008-06-03,emotion_fear,0.04289294109332716,2757
2008-06-03,emotion_joy,-0.04975288042364788,2757
2008-06-03,group_generalization_presence,0.02629618239689414,2757
2008-06-03,hate_speech_presence,0.041747654684353555,2757
2008-06-03,politeness,-0.049159834410783955,2757
2008-06-03,toxicity,0.06949196322718107,2757
2008-06-10,emotion_anger,-0.06893578544289117,2490
2008-06-10,emotion_fear,-0.0031684976947010256,2490
2008-06-10,emotion_joy,0.040488471024057504,2490
2008-06-10,group_generalization_presence,0.04722755526078083,2490
2008-06-10,hate_speech_presence,0.033231606148950946,2490
2008-06-10,politeness,0.0067484449148076265,2490
2008-06-10,toxicity,-0.0198142173207542,2490
2008-06-17,emotion_anger,-0.13189944221210562,2360
2008-06-17,emotion_fear,-0.03097398766066563,2360
2008-06-17,emotion_joy,0.1583165278722036,2360
2008-06-17,group_generalization_presence,-0.03465656640141355,2360
2008-06-17,hate_speech_presence,-0.019742368817506427,2360
2008-06-17,politeness,0.10243743608870286,2360
2008-06-17,toxicity,-0.04507972428288146,2360
2008-06-24,emotion_anger,-0.11759333009643996,2487
2008-06-24,emotion_fear,-0.022913122849874366,2487
2008-06-24,emotion_joy,0.09523022047177367,2487
2008-06-24,group_generalization_presence,0.012666881922184391,2487
2008-06-24,hate_speech_presence,-0.03024387426116264,2487
2008-06-24,politeness,0.06985794516220015,2487
2008-06-24,toxicity,-0.09409863982819001,2487
2008-07-01,emotion_anger,-0.01488463419111236,2334
2008-07-01,emotion_fear,0.04129652084460138,2334
2008-07-01,emotion_joy,0.02442974825080716,2334
2008-07-01,group_generalization_presence,0.03794231678797656,2334
2008-07-01,hate_speech_presence,0.02840071387572907,2334
2008-07-01,politeness,0.0878578222214225,2334
2008-07-01,toxicity,-0.050201183255458436,2334
2008-07-08,emotion_anger,-0.17833256950645304,2315
2008-07-08,emotion_fear,-0.03383920145784298,2315
2008-07-08,emotion_joy,0.20194391394769273,2315
2008-07-08,group_generalization_presence,-0.01597051354471486,2315
2008-07-08,hate_speech_presence,0.02814060280581572,2315
2008-07-08,politeness,0.09275290183827746,2315
2008-07-08,toxicity,-0.07254411455184417,2315
2008-07-15,emotion_anger,-0.11119350285365397,2886
2008-07-15,emotion_fear,-0.0381423222084633,2886
2008-07-15,emotion_joy,0.10197559117026303,2886
2008-07-15,group_generalization_presence,0.01459714778156341,2886
2008-07-15,hate_speech_presence,-0.012813181328431338,2886
2008-07-15,politeness,0.09557660688403515,2886
2008-07-15,toxicity,-0.05344651516323242,2886
2008-07-22,emotion_anger,-0.14904124347374859,2244
2008-07-22,emotion_fear,0.005902034881946134,2244
2008-07-22,emotion_joy,0.14383293073176187,2244
2008-07-22,group_generalization_presence,-0.04334273672600908,2244
2008-07-22,hate_speech_presence,0.03129353163287453,2244
2008-07-22,politeness,0.10065968222448854,2244
2008-07-22,toxicity,-0.08255288485523127,2244
2008-07-29,emotion_anger,0.010001947006254962,2214
2008-07-29,emotion_fear,-0.01914414097081051,2214
2008-07-29,emotion_joy,0.008325451826639938,2214
2008-07-29,group_generalization_presence,-0.040174733481820005,2214
2008-07-29,hate_speech_presence,-0.01561956766970789,2214
2008-07-29,politeness,0.00770829559728656,2214
2008-07-29,toxicity,-0.009211702266449854,2214
2008-08-05,emotion_anger,-0.118576247717213,2890
2008-08-05,emotion_fear,-0.04098280054704813,2890
2008-08-05,emotion_joy,0.12756656774332453,2890
2008-08-05,group_generalization_presence,-0.024205641167957856,2890
2008-08-05,hate_speech_presence,-0.009838802126723022,2890
2008-08-05,politeness,0.10228914803478606,2890
2008-08-05,toxicity,-0.04923944142087814,2890
2008-08-12,emotion_anger,-0.025396572078086828,2972
2008-08-12,emotion_fear,-0.023485897600960065,2972
2008-08-12,emotion_joy,0.009364744182254766,2972
2008-08-12,group_generalization_presence,-0.036209127338458984,2972
2008-08-12,hate_speech_presence,-0.01595735133877012,2972
2008-08-12,politeness,0.020055529941248238,2972
2008-08-12,toxicity,-0.028490229190228956,2972
2008-08-19,emotion_anger,-0.16632859870571212,2712
2008-08-19,emotion_fear,-0.07348797628214081,2712
2008-08-19,emotion_joy,0.18054242649385827,2712
2008-08-19,group_generalization_presence,-0.0654710778661499,2712
2008-08-19,hate_speech_presence,-0.03184565517056111,2712
2008-08-19,politeness,0.06539576642150972,2712
2008-08-19,toxicity,-0.10457216232660804,2712
2008-08-26,emotion_anger,-0.09016001539421296,2845
2008-08-26,emotion_fear,-0.035825835109628314,2845
2008-08-26,emotion_joy,0.10938173838488773,2845
2008-08-26,group_generalization_presence,-0.052840875139271874,2845
2008-08-26,hate_speech_presence,-0.026024712788891527,2845
2008-08-26,politeness,0.08438788232501138,2845
2008-08-26,toxicity,-0.09058888010832312,2845
2008-09-02,emotion_anger,-0.16714260491173963,2245
2008-09-02,emotion_fear,-0.038947625139595723,2245
2008-09-02,emotion_joy,0.17946774313344993,2245
2008-09-02,group_generalization_presence,-0.0663021480159879,2245
2008-09-02,hate_speech_presence,-0.02210516220744578,2245
2008-09-02,politeness,0.1326264061725761,2245
2008-09-02,toxicity,-0.136604016199719,2245
2008-09-09,emotion_anger,-0.08325092373210037,3020
2008-09-09,emotion_fear,-0.015505888371867674,3020
2008-09-09,emotion_joy,0.1270327428058823,3020
2008-09-09,group_generalization_presence,-0.0010438602468914651,3020
2008-09-09,hate_speech_presence,-0.0032038718273434,3020
2008-09-09,politeness,0.07524340651411258,3020
2008-09-09,toxicity,-0.04314033444244901,3020
2008-09-16,emotion_anger,-0.09807879881178684,2789
2008-09-16,emotion_fear,0.015236943194619684,2789
2008-09-16,emotion_joy,0.07537621209326247,2789
2008-09-16,group_generalization_presence,0.06275708128289191,2789
2008-09-16,hate_speech_presence,0.0024621329370224884,2789
2008-09-16,politeness,0.04011950519838513,2789
2008-09-16,toxicity,-0.025238399910468123,2789
2008-09-23,emotion_anger,-0.008479200319540416,2746
2008-09-23,emotion_fear,0.04313518007342031,2746
2008-09-23,emotion_joy,-0.058561205836695,2746
2008-09-23,group_generalization_presence,0.07519013322008784,2746
2008-09-23,hate_speech_presence,0.08726090741231453,2746
2008-09-23,politeness,0.005335566987027044,2746
2008-09-23,toxicity,0.049251517068193286,2746
2008-09-30,emotion_anger,-0.0037368455559425124,2687
2008-09-30,emotion_fear,0.0743580497460231,2687
2008-09-30,emotion_joy,-0.05199494316073061,2687
2008-09-30,group_generalization_presence,-0.038733684038650615,2687
2008-09-30,hate_speech_presence,-0.013478932984891952,2687
2008-09-30,politeness,0.013251176306487596,2687
2008-09-30,toxicity,-0.0638827586666189,2687
2008-10-07,emotion_anger,0.0490306351454709,3080
2008-10-07,emotion_fear,0.06381718613734623,3080
2008-10-07,emotion_joy,0.006690663720526671,3080
2008-10-07,group_generalization_presence,-0.035938720104928,3080
2008-10-07,hate_speech_presence,-0.036685165411905835,3080
2008-10-07,politeness,-0.015541407917503232,3080
2008-10-07,toxicity,-0.04967334240876384,3080
2008-10-14,emotion_anger,0.15630699013670987,3419
2008-10-14,emotion_fear,0.0796356513629775,3419
2008-10-14,emotion_joy,-0.0764955982580508,3419
2008-10-14,group_generalization_presence,-0.01722079424543458,3419
2008-10-14,hate_speech_presence,-0.029358615377000217,3419
2008-10-14,politeness,-0.05432783881881009,3419
2008-10-14,toxicity,0.021028077131155253,3419
2008-10-21,emotion_anger,0.17282970618812077,2879
2008-10-21,emotion_fear,0.05352498941987256,2879
2008-10-21,emotion_joy,-0.14943317323319238,2879
2008-10-21,group_generalization_presence,-0.016129325236521806,2879
2008-10-21,hate_speech_presence,-0.028537468702016525,2879
2008-10-21,politeness,-0.0863836263259869,2879
2008-10-21,toxicity,0.03812080926677862,2879
2008-10-28,emotion_anger,0.0963775321143704,2786
2008-10-28,emotion_fear,0.08797047118120081,2786
2008-10-28,emotion_joy,-0.00012854495841094896,2786
2008-10-28,group_generalization_presence,-0.01964343329995348,2786
2008-10-28,hate_speech_presence,-0.029256371936648626,2786
2008-10-28,politeness,-0.025822397731338678,2786
2008-10-28,toxicity,-0.027587539720085475,2786
2008-11-04,emotion_anger,0.17548818533038207,3425
2008-11-04,emotion_fear,0.13174516831012384,3425
2008-11-04,emotion_joy,-0.10775996523727378,3425
2008-11-04,group_generalization_presence,-0.03147251933536312,3425
2008-11-04,hate_speech_presence,-0.024503708274827795,3425
2008-11-04,politeness,-0.0908083488399199,3425
2008-11-04,toxicity,0.07358673317990143,3425
2008-11-11,emotion_anger,0.07669490973594556,2945
2008-11-11,emotion_fear,0.07793351005539739,2945
2008-11-11,emotion_joy,-0.023535421550742022,2945
2008-11-11,group_generalization_presence,-0.03561260244101042,2945
2008-11-11,hate_speech_presence,-0.025280446589884865,2945
2008-11-11,politeness,-0.0002746378964139604,2945
2008-11-11,toxicity,-0.051991115139673486,2945
2008-11-18,emotion_anger,0.15675854012532078,3042
2008-11-18,emotion_fear,0.05505229095378016,3042
2008-11-18,emotion_joy,-0.14552229592126825,3042
2008-11-18,group_generalization_presence,-0.053052637076444434,3042
2008-11-18,hate_speech_presence,-0.027434576996309593,3042
2008-11-18,politeness,-0.09085091475999957,3042
2008-11-18,toxicity,0.0685663485930059,3042
2008-11-25,emotion_anger,0.051894315393696114,2495
2008-11-25,emotion_fear,0.05120287909499811,2495
2008-11-25,emotion_joy,0.03437948685592502,2495
2008-11-25,group_generalization_presence,-0.030958977227922548,2495
2008-11-25,hate_speech_presence,-0.03216246118523302,2495
2008-11-25,politeness,-0.02394829761414686,2495
2008-11-25,toxicity,-0.0022413408997434643,2495
2008-12-02,emotion_anger,0.0934838979566186,2654
2008-12-02,emotion_fear,0.041523796496245435,2654
2008-12-02,emotion_joy,-0.021230765298823832,2654
2008-12-02,group_generalization_presence,-0.029307695676876442,2654
2008-12-02,hate_speech_presence,-0.03980993372731714,2654
2008-12-02,politeness,-0.02489205675796526,2654
2008-12-02,toxicity,0.04975056803206062,2654
2008-12-09,emotion_anger,0.10127497801124238,2792
2008-12-09,emotion_fear,0.025510217642739964,2792
2008-12-09,emotion_joy,-0.0509258193562996,2792
2008-12-09,group_generalization_presence,-0.031183072206387576,2792
2008-12-09,hate_speech_presence,-0.03553872333419883,2792
2008-12-09,politeness,-0.04516580247710899,2792
2008-12-09,toxicity,0.028230139935393816,2792
2008-12-16,emotion_anger,0.03753481090522999,2544
2008-12-16,emotion_fear,0.010429861772675252,2544
2008-12-16,emotion_joy,0.011843387451661415,2544
2008-12-16,group_generalization_presence,-0.042410767890467556,2544
2008-12-16,hate_speech_presence,-0.01879237147153967,2544
2008-12-16,politeness,-0.012148452569242284,2544
2008-12-16,toxicity,0.026944595903515296,2544
2008-12-23,emotion_anger,-0.019836775168199115,2171
2008-12-23,emotion_fear,0.025146685262402768,2171
2008-12-23,emotion_joy,0.3405028204135795,2171
2008-12-23,group_generalization_presence,0.02054623598230517,2171
2008-12-23,hate_speech_presence,0.05751194408854627,2171
2008-12-23,politeness,0.0976046725215071,2171
2008-12-23,toxicity,-0.009430949441457524,2171
2008-12-30,emotion_anger,0.10412185559189395,3318
2008-12-30,emotion_fear,0.0579530408461591,3318
2008-12-30,emotion_joy,0.10458384562477151,3318
2008-12-30,group_generalization_presence,0.02476494357212534,3318
2008-12-30,hate_speech_presence,0.016934103956985545,3318
2008-12-30,politeness,0.017304765647944517,3318
2008-12-30,toxicity,0.09871216611462362,3318
2009-01-06,emotion_anger,0.19052151884519258,3210
2009-01-06,emotion_fear,0.07051067700521106,3210
2009-01-06,emotion_joy,-0.0972050746449562,3210
2009-01-06,group_generalization_presence,0.07352116183007654,3210
2009-01-06,hate_speech_presence,0.040068999643241565,3210
2009-01-06,politeness,-0.09064199986752339,3210
2009-01-06,toxicity,0.15672493039521143,3210
2009-01-13,emotion_anger,0.08547711390638614,3129
2009-01-13,emotion_fear,0.04099037014593011,3129
2009-01-13,emotion_joy,-0.0912059734468493,3129
2009-01-13,group_generalization_presence,0.004342181761919327,3129
2009-01-13,hate_speech_presence,0.010055682470441215,3129
2009-01-13,politeness,-0.058841225190868034,3129
2009-01-13,toxicity,0.05965338646587774,3129
2009-01-20,emotion_anger,0.11871891339721523,4136
2009-01-20,emotion_fear,0.032465026041534235,4136
2009-01-20,emotion_joy,0.004300502413344651,4136
2009-01-20,group_generalization_presence,-0.02511096521055331,4136
2009-01-20,hate_speech_presence,-0.021278261915363448,4136
2009-01-20,politeness,-0.046730058906784354,4136
2009-01-20,toxicity,0.0736086869808291,4136
2009-01-27,emotion_anger,0.06767780735503866,3208
2009-01-27,emotion_fear,-0.002359281762325297,3208
2009-01-27,emotion_joy,-0.06099779927782196,3208
2009-01-27,group_generalization_presence,0.02289483590098454,3208
2009-01-27,hate_speech_presence,0.007573479568520628,3208
2009-01-27,politeness,-0.08640211294154142,3208
2009-01-27,toxicity,0.05616197211848704,3208
2009-02-03,emotion_anger,0.07567215629269998,3017
2009-02-03,emotion_fear,-0.020084372686929402,3017
2009-02-03,emotion_joy,-0.09438724695677475,3017
2009-02-03,group_generalization_presence,-0.015129217573536545,3017
2009-02-03,hate_speech_presence,0.004123604003006274,3017
2009-02-03,politeness,-0.09202255775495678,3017
2009-02-03,toxicity,0.053638784235887166,3017
2009-02-10,emotion_anger,0.1291612883668291,2651
2009-02-10,emotion_fear,0.02154282031736806,2651
2009-02-10,emotion_joy,-0.07469685654756926,2651
2009-02-10,group_generalization_presence,0.019709024825098904,2651
2009-02-10,hate_speech_presence,0.0491856747864228,2651
2009-02-10,politeness,-0.09234475269340407,2651
2009-02-10,toxicity,0.08846505857697846,2651
2009-02-17,emotion_anger,0.05726595897157686,2382
2009-02-17,emotion_fear,-0.0007806656738524293,2382
2009-02-17,emotion_joy,0.0136330395107919,2382
2009-02-17,group_generalization_presence,0.017518329632300274,2382
2009-02-17,hate_speech_presence,-0.02093474339143148,2382
2009-02-17,politeness,-0.03379559254401791,2382
2009-02-17,toxicity,0.04482447488235718,2382
2009-02-24,emotion_anger,0.0864233671905007,2455
2009-02-24,emotion_fear,-0.0013196692254125746,2455
2009-02-24,emotion_joy,-0.0843396166635953,2455
2009-02-24,group_generalization_presence,-0.0030673249173068873,2455
2009-02-24,hate_speech_presence,-0.018272686638801345,2455
2009-02-24,politeness,-0.06176077955617817,2455
2009-02-24,toxicity,0.057170724222214656,2455
2009-03-03,emotion_anger,0.031451657039587515,2637
2009-03-03,emotion_fear,0.009640866502029338,2637
2009-03-03,emotion_joy,-0.004342107654332018,2637
2009-03-03,group_generalization_presence,0.014919037078048631,2637
2009-03-03,hate_speech_presence,-0.02034948449103089,2637
2009-03-03,politeness,0.006387782402860115,2637
2009-03-03,toxicity,0.01467931555101353,2637
2009-03-10,emotion_anger,0.011600483452458416,2415
2009-03-10,emotion_fear,-0.02051101619726839,2415
2009-03-10,emotion_joy,-0.010935772253953766,2415
2009-03-10,group_generalization_presence,0.0036590227399173384,2415
2009-03-10,hate_speech_presence,-0.01997825761542553,2415
2009-03-10,politeness,0.010297705432495708,2415
2009-03-10,toxicity,-0.005873163914892326,2415
2009-03-17,emotion_anger,0.01847765959858002,3027
2009-03-17,emotion_fear,-0.03700790825498344,3027
2009-03-17,emotion_joy,-0.018879162021218795,3027
2009-03-17,group_generalization_presence,0.037985224606770965,3027
2009-03-17,hate_speech_presence,0.0245725963782931,3027
2009-03-17,politeness,-0.008528216227646837,3027
2009-03-17,toxicity,0.012006610280281648,3027
2009-03-24,emotion_anger,-3.3612511047150374e-05,2885
2009-03-24,emotion_fear,-0.02215717549992705,2885
2009-03-24,emotion_joy,-0.026090774653100744,2885
2009-03-24,group_generalization_presence,0.0035995469733557,2885
2009-03-24,hate_speech_presence,-0.017180668027814622,2885
2009-03-24,politeness,-0.00340983788252478,2885
2009-03-24,toxicity,-0.014357402133859106,2885
2009-03-31,emotion_anger,0.02165153783730286,2461
2009-03-31,emotion_fear,0.01043794540228243,2461
2009-03-31,emotion_joy,-0.017875726005023046,2461
2009-03-31,group_generalization_presence,-0.04359043561490194,2461
2009-03-31,hate_speech_presence,-0.01685968788559032,2461
2009-03-31,politeness,-0.0019604530496394163,2461
2009-03-31,toxicity,-0.028213485768934204,2461
2009-04-07,emotion_anger,0.03597458613228602,2782
2009-04-07,emotion_fear,-0.025916793748770806,2782
2009-04-07,emotion_joy,-0.010930300237180822,2782
2009-04-07,group_generalization_presence,-0.0036411366677952957,2782
2009-04-07,hate_speech_presence,-0.020424659044883216,2782
2009-04-07,politeness,-0.036920076756792854,2782
2009-04-07,toxicity,-4.3888775194204174e-05,2782
2009-04-14,emotion_anger,0.09946938484025643,3207
2009-04-14,emotion_fear,-0.010494097750981125,3207
2009-04-14,emotion_joy,-0.11501966168238716,3207
2009-04-14,group_generalization_presence,0.007308374396962377,3207
2009-04-14,hate_speech_presence,-0.02040044378889497,3207
2009-04-14,politeness,-0.08233407253350362,3207
2009-04-14,toxicity,0.07819724561528277,3207
2009-04-21,emotion_anger,-0.004014224839697823,3248
2009-04-21,emotion_fear,0.005590719101212127,3248
2009-04-21,emotion_joy,0.012550209728874497,3248
2009-04-21,group_generalization_presence,0.01266509203793257,3248
2009-04-21,hate_speech_presence,-0.02184498331831305,3248
2009-04-21,politeness,-0.007670856514188017,3248
2009-04-21,toxicity,-0.030195194189561632,3248
2009-04-28,emotion_anger,-0.0344964355807541,2665
2009-04-28,emotion_fear,0.008090612362584954,2665
2009-04-28,emotion_joy,0.02674809700780735,2665
2009-04-28,group_generalization_presence,-0.04725552710709735,2665
2009-04-28,hate_speech_presence,-0.033590539022517796,2665
2009-04-28,politeness,0.07568725134687962,2665
2009-04-28,toxicity,-0.08358632926907938,2665
2009-05-05,emotion_anger,0.06780439142175836,2950
2009-05-05,emotion_fear,0.033037883570884635,2950
2009-05-05,emotion_joy,-0.07149893892756067,2950
2009-05-05,group_generalization_presence,0.019502940991141644,2950
2009-05-05,hate_speech_presence,-0.009454903330319038,2950
2009-05-05,politeness,-0.01595432543290704,2950
2009-05-05,toxicity,0.06079025054673524,2950
2009-05-12,emotion_anger,-0.025505727760942138,2109
2009-05-12,emotion_fear,-0.031729438337276025,2109
2009-05-12,emotion_joy,0.07279086544183913,2109
2009-05-12,group_generalization_presence,0.0011238019876751264,2109
2009-05-12,hate_speech_presence,-0.005104076199927406,2109
2009-05-12,politeness,-0.0036607462132053565,2109
2009-05-12,toxicity,0.0015262663987263521,2109
2009-05-19,emotion_anger,-0.026599398839108133,1887
2009-05-19,emotion_fear,-0.03422841680434079,1887
2009-05-19,emotion_joy,0.08798994669405745,1887
2009-05-19,group_generalization_presence,0.003479874773842096,1887
2009-05-19,hate_speech_presence,-0.02323047272366891,1887
2009-05-19,politeness,-0.004433387115008748,1887
2009-05-19,toxicity,0.007412777001289048,1887
2009-05-26,emotion_anger,-0.047909748993157614,1805
2009-05-26,emotion_fear,-0.009195994773747718,1805
2009-05-26,emotion_joy,0.028875135365577752,1805
2009-05-26,group_generalization_presence,-0.017767513349946827,1805
2009-05-26,hate_speech_presence,-0.023958215522887065,1805
2009-05-26,politeness,0.018711315699701605,1805
2009-05-26,toxicity,-0.06658492421386618,1805
2009-06-02,emotion_anger,0.27558131910664835,2342
2009-06-02,emotion_fear,0.1367395589293667,2342
2009-06-02,emotion_joy,-0.20433761009617357,2342
2009-06-02,group_generalization_presence,0.0026572395096038245,2342
2009-06-02,hate_speech_presence,-0.030409232537286456,2342
2009-06-02,politeness,-0.15893892715648517,2342
2009-06-02,toxicity,0.17769779387137852,2342
2009-06-09,emotion_anger,0.04847556923950378,2117
2009-06-09,emotion_fear,0.09903395834982621,2117
2009-06-09,emotion_joy,0.05599170504696532,2117
2009-06-09,group_generalization_presence,-0.00950251712092529,2117
2009-06-09,hate_speech_presence,-0.021819743933926754,2117
2009-06-09,politeness,0.015101215361270607,2117
2009-06-09,toxicity,0.0022728068804043293,2117
2009-06-16,emotion_anger,0.13049345681272492,2062
2009-06-16,emotion_fear,0.08165290263469366,2062
2009-06-16,emotion_joy,-0.029891963838721065,2062
2009-06-16,group_generalization_presence,-0.05172523328890198,2062
2009-06-16,hate_speech_presence,-0.03490141039353288,2062
2009-06-16,politeness,-0.04112350114298495,2062
2009-06-16,toxicity,0.03243564586069569,2062
2009-06-23,emotion_anger,-0.012314293719261576,1760
2009-06-23,emotion_fear,0.018630782989240754,1760
2009-06-23,emotion_joy,0.025720083117983548,1760
2009-06-23,group_generalization_presence,-0.051162121025227505,1760
2009-06-23,hate_speech_presence,-0.03277866593076147,1760
2009-06-23,politeness,0.014038188542648903,1760
2009-06-23,toxicity,-0.006562053654999897,1760
2009-06-30,emotion_anger,0.1805458609067852,1955
2009-06-30,emotion_fear,0.07353275001109992,1955
2009-06-30,emotion_joy,-0.09150875412550795,1955
2009-06-30,group_generalization_presence,0.007871716830650223,1955
2009-06-30,hate_speech_presence,-0.04678959929196185,1955
2009-06-30,politeness,-0.09627029071127702,1955
2009-06-30,toxicity,0.08393108352926013,1955
2009-07-07,emotion_anger,0.14867002397491455,1742
2009-07-07,emotion_fear,0.05306185370549137,1742
2009-07-07,emotion_joy,-0.019974825692530326,1742
2009-07-07,group_generalization_presence,-0.028058230712044434,1742
2009-07-07,hate_speech_presence,-0.04221317740678212,1742
2009-07-07,politeness,-0.0716561752162724,1742
2009-07-07,toxicity,0.07559394889824222,1742
2009-07-14,emotion_anger,0.11120749645126286,1970
2009-07-14,emotion_fear,0.013477204267956192,1970
2009-07-14,emotion_joy,-0.07256659196436013,1970
2009-07-14,group_generalization_presence,-0.041030849301744866,1970
2009-07-14,hate_speech_presence,-0.03385569182365903,1970
2009-07-14,politeness,-0.08993940672163568,1970
2009-07-14,toxicity,0.076075129896328,1970
2009-07-21,emotion_anger,0.07204276473655233,2121
2009-07-21,emotion_fear,0.01663080252548809,2121
2009-07-21,emotion_joy,-0.12474995762403572,2121
2009-07-21,group_generalization_presence,-0.0363431704740749,2121
2009-07-21,hate_speech_presence,-0.03708431664736855,2121
2009-07-21,politeness,-0.0828943483333184,2121
2009-07-21,toxicity,0.02748028961225278,2121
2009-07-28,emotion_anger,0.07418953951579464,2309
2009-07-28,emotion_fear,0.056659576421543796,2309
2009-07-28,emotion_joy,-0.006118267851067211,2309
2009-07-28,group_generalization_presence,-0.014863345249265787,2309
2009-07-28,hate_speech_presence,-0.03412640412448856,2309
2009-07-28,politeness,-0.02329885929184386,2309
2009-07-28,toxicity,0.03392702037266173,2309
2009-08-04,emotion_anger,0.12435558675247772,2092
2009-08-04,emotion_fear,0.0428409294381615,2092
2009-08-04,emotion_joy,-0.09059955444408642,2092
2009-08-04,group_generalization_presence,-0.012082689060231827,2092
2009-08-04,hate_speech_presence,-0.032887547060768026,2092
2009-08-04,politeness,-0.0592437707866746,2092
2009-08-04,toxicity,0.07913156915010625,2092
2009-08-11,emotion_anger,0.03777716098778972,2209
2009-08-11,emotion_fear,-0.011770663887494153,2209
2009-08-11,emotion_joy,-0.005158815181265324,2209
2009-08-11,group_generalization_presence,-0.02266276933877309,2209
2009-08-11,hate_speech_presence,-0.04632374747582257,2209
2009-08-11,politeness,-0.028045600965109812,2209
2009-08-11,toxicity,-0.015365893293568671,2209
2009-08-18,emotion_anger,0.049629193543820144,2173
2009-08-18,emotion_fear,-0.009427905383956749,2173
2009-08-18,emotion_joy,-0.0774077230456097,2173
2009-08-18,group_generalization_presence,-0.06131134351092208,2173
2009-08-18,hate_speech_presence,-0.016925582673235122,2173
2009-08-18,politeness,-0.0463818105926562,2173
2009-08-18,toxicity,0.008371029341003049,2173
2009-08-25,emotion_anger,0.012840810721908453,2319
2009-08-25,emotion_fear,0.01899917703178865,2319
2009-08-25,emotion_joy,-0.11363451156693789,2319
2009-08-25,group_generalization_presence,-0.060992133453425905,2319
2009-08-25,hate_speech_presence,-0.030642954540325843,2319
2009-08-25,politeness,-0.010240121765743602,2319
2009-08-25,toxicity,-0.01272934757319092,2319
2009-09-01,emotion_anger,0.028560542461149523,2553
2009-09-01,emotion_fear,-0.0030395994003398355,2553
2009-09-01,emotion_joy,-0.001987408749165523,2553
2009-09-01,group_generalization_presence,-0.0612466379025261,2553
2009-09-01,hate_speech_presence,-0.0418779138166519,2553
2009-09-01,politeness,0.0008285152875640035,2553
2009-09-01,toxicity,0.013907606595599798,2553
2009-09-08,emotion_anger,-0.05747006071983487,2389
2009-09-08,emotion_fear,0.016565347068819868,2389
2009-09-08,emotion_joy,-0.00715005901720129,2389
2009-09-08,group_generalization_presence,-0.012716079439956427,2389
2009-09-08,hate_speech_presence,-0.013915114367286196,2389
2009-09-08,politeness,0.03371310240181,2389
2009-09-08,toxicity,-0.029675076218679267,2389
2009-09-15,emotion_anger,0.05786402980028621,2564
2009-09-15,emotion_fear,0.025719184692689603,2564
2009-09-15,emotion_joy,-0.055858832484139434,2564
2009-09-15,group_generalization_presence,0.019894144416569726,2564
2009-09-15,hate_speech_presence,-0.003915563050237746,2564
2009-09-15,politeness,-0.007616325859194977,2564
2009-09-15,toxicity,0.047581456037378164,2564
2009-09-22,emotion_anger,0.13065308635906295,3240
2009-09-22,emotion_fear,0.024878987398420444,3240
2009-09-22,emotion_joy,-0.06480660618981697,3240
2009-09-22,group_generalization_presence,0.09283665644489494,3240
2009-09-22,hate_speech_presence,0.020379287561441244,3240
2009-09-22,politeness,-0.11240507079020239,3240
2009-09-22,toxicity,0.14418561107726524,3240
2009-09-29,emotion_anger,-0.017825942133925844,2732
2009-09-29,emotion_fear,-0.018140321389395878,2732
2009-09-29,emotion_joy,-0.04133965479371952,2732
2009-09-29,group_generalization_presence,-0.03921656372128018,2732
2009-09-29,hate_speech_presence,0.001930452732470416,2732
2009-09-29,politeness,0.030992547019683257,2732
2009-09-29,toxicity,-0.02048012818374263,2732
2009-10-06,emotion_anger,-0.031145621876353898,2341
2009-10-06,emotion_fear,-0.004115240013251,2341
2009-10-06,emotion_joy,-0.026202440806337837,2341
2009-10-06,group_generalization_presence,-0.012900531867590477,2341
2009-10-06,hate_speech_presence,-0.028448839403516214,2341
2009-10-06,politeness,0.0350448650895313,2341
2009-10-06,toxicity,-0.027175707655945715,2341
2009-10-13,emotion_anger,0.05356327408975307,2294
2009-10-13,emotion_fear,0.01860222942717803,2294
2009-10-13,emotion_joy,-0.007145318661700158,2294
2009-10-13,group_generalization_presence,0.012975549111831236,2294
2009-10-13,hate_speech_presence,-0.01927782111003465,2294
2009-10-13,politeness,-0.021135374006320776,2294
2009-10-13,toxicity,0.02191366762450925,2294
2009-10-20,emotion_anger,0.06025315901397381,2150
2009-10-20,emotion_fear,0.036125934338617126,2150
2009-10-20,emotion_joy,-0.005731156141759859,2150
2009-10-20,group_generalization_presence,-0.003969111409143887,2150
2009-10-20,hate_speech_presence,-0.03969896544746601,2150
2009-10-20,politeness,-0.017722046586987332,2150
2009-10-20,toxicity,0.09779235317197744,2150
2009-10-27,emotion_anger,0.034919370956338285,2364
2009-10-27,emotion_fear,0.029716227302106064,2364
2009-10-27,emotion_joy,-0.013143022790079733,2364
2009-10-27,group_generalization_presence,0.030320449573133516,2364
2009-10-27,hate_speech_presence,-0.00025927546888912116,2364
2009-10-27,politeness,-0.026445741926345405,2364
2009-10-27,toxicity,0.028630446241946106,2364
2009-11-03,emotion_anger,-0.1141236682281159,2013
2009-11-03,emotion_fear,-0.030444454565917857,2013
2009-11-03,emotion_joy,0.1136738899156588,2013
2009-11-03,group_generalization_presence,-0.06299876737251345,2013
2009-11-03,hate_speech_presence,-0.021410703127582868,2013
2009-11-03,politeness,0.09718102554230992,2013
2009-11-03,toxicity,-0.10706251800886382,2013
2009-11-10,emotion_anger,-0.020561438063393056,1999
2009-11-10,emotion_fear,-0.007317188871708313,1999
2009-11-10,emotion_joy,0.007146660704755142,1999
2009-11-10,group_generalization_presence,-0.05900077228906817,1999
2009-11-10,hate_speech_presence,-0.034387457689315615,1999
2009-11-10,politeness,0.004051291135019091,1999
2009-11-10,toxicity,-0.004929585149219745,1999
2009-11-17,emotion_anger,0.04438377654161567,2046
2009-11-17,emotion_fear,-0.031444914746089445,2046
2009-11-17,emotion_joy,-0.030953121186576955,2046
2009-11-17,group_generalization_presence,-0.025919064439336777,2046
2009-11-17,hate_speech_presence,-0.033559086075168394,2046
2009-11-17,politeness,-0.03896198351688171,2046
2009-11-17,toxicity,0.03422455898961251,2046
2009-11-24,emotion_anger,0.028775685575672963,1975
2009-11-24,emotion_fear,0.025373659208309134,1975
2009-11-24,emotion_joy,-0.0259697531349086,1975
2009-11-24,group_generalization_presence,0.04543535732544189,1975
2009-11-24,hate_speech_presence,0.06484270857884662,1975
2009-11-24,politeness,0.006126888862739166,1975
2009-11-24,toxicity,0.02616050302377636,1975
2009-12-01,emotion_anger,0.10382699979336772,2037
2009-12-01,emotion_fear,-0.0066014450688980176,2037
2009-12-01,emotion_joy,-0.019783056767936617,2037
2009-12-01,group_generalization_presence,0.026807742602937785,2037
2009-12-01,hate_speech_presence,-0.0013007354017148306,2037
2009-12-01,politeness,-0.039848278009353505,2037
2009-12-01,toxicity,0.07518693904821583,2037
2009-12-08,emotion_anger,-0.020925932811215173,1806
2009-12-08,emotion_fear,-0.029847965037307665,1806
2009-12-08,emotion_joy,0.01263244926084674,1806
2009-12-08,group_generalization_presence,-0.030995676092350863,1806
2009-12-08,hate_speech_presence,-0.028480913830875056,1806
2009-12-08,politeness,-0.007721990823038411,1806
2009-12-08,toxicity,-0.021058441416009318,1806
2009-12-15,emotion_anger,-0.12600914791643225,1512
2009-12-15,emotion_fear,0.009348426592206112,1512
2009-12-15,emotion_joy,0.13596183913593904,1512
2009-12-15,group_generalization_presence,0.0010615649423856826,1512
2009-12-15,hate_speech_presence,0.030786885432632437,1512
2009-12-15,politeness,0.045299323913258006,1512
2009-12-15,toxicity,-0.10103752643919633,1512
2009-12-22,emotion_anger,-0.10187755722384013,1267
2009-12-22,emotion_fear,-0.008065020691939305,1267
2009-12-22,emotion_joy,0.3377930819000699,1267
2009-12-22,group_generalization_presence,-0.036292277109936134,1267
2009-12-22,hate_speech_presence,-0.006364416557251679,1267
2009-12-22,politeness,0.15438194406210326,1267
2009-12-22,toxicity,-0.0916554695012004,1267
2009-12-29,emotion_anger,0.0230333881462975,1892
2009-12-29,emotion_fear,0.038511795490319814,1892
2009-12-29,emotion_joy,0.12960755552478195,1892
2009-12-29,group_generalization_presence,0.014030244262658035,1892
2009-12-29,hate_speech_presence,-0.011405504488216008,1892
2009-12-29,politeness,0.033011536685914944,1892
2009-12-29,toxicity,-0.031678179365619556,1892
2010-01-05,emotion_anger,0.05562120958800592,2189
2010-01-05,emotion_fear,0.0015239735594231474,2189
2010-01-05,emotion_joy,-0.024610618099903808,2189
2010-01-05,group_generalization_presence,-0.0676692618349701,2189
2010-01-05,hate_speech_presence,-0.04111420288895168,2189
2010-01-05,politeness,-0.007795586941450011,2189
2010-01-05,toxicity,-0.027529174422891198,2189
2010-01-12,emotion_anger,0.05753816665538972,1805
2010-01-12,emotion_fear,-0.00391162716301578,1805
2010-01-12,emotion_joy,-0.036761387579850105,1805
2010-01-12,group_generalization_presence,0.01902630752589601,1805
2010-01-12,hate_speech_presence,0.02144685547933741,1805
2010-01-12,politeness,-0.022595825691606158,1805
2010-01-12,toxicity,0.04030195612126812,1805
2010-01-19,emotion_anger,0.0027708523970044825,1899
2010-01-19,emotion_fear,0.0005150091981518865,1899
2010-01-19,emotion_joy,0.02709480682309416,1899
2010-01-19,group_generalization_presence,-0.04616223105113522,1899
2010-01-19,hate_speech_presence,-0.03548555176632803,1899
2010-01-19,politeness,0.04958207138456227,1899
2010-01-19,toxicity,-0.03649570752423132,1899
2010-01-26,emotion_anger,-0.004965894532644379,1447
2010-01-26,emotion_fear,0.02160034189973524,1447
2010-01-26,emotion_joy,0.037906274730196095,1447
2010-01-26,group_generalization_presence,0.014048974552684505,1447
2010-01-26,hate_speech_presence,-0.038465926520479726,1447
2010-01-26,politeness,0.04381670458750348,1447
2010-01-26,toxicity,-0.022479289284663678,1447
2010-02-02,emotion_anger,0.15399600773566705,1706
2010-02-02,emotion_fear,-0.02162918429972649,1706
2010-02-02,emotion_joy,-0.1114097080645131,1706
2010-02-02,group_generalization_presence,0.03556335220651727,1706
2010-02-02,hate_speech_presence,-0.03253239682546101,1706
2010-02-02,politeness,-0.10946247797558915,1706
2010-02-02,toxicity,0.1685692430130333,1706
2010-02-09,emotion_anger,-0.02681224734924787,1475
2010-02-09,emotion_fear,0.006566654716622957,1475
2010-02-09,emotion_joy,0.0477120027305756,1475
2010-02-09,group_generalization_presence,0.006398412145268665,1475
2010-02-09,hate_speech_presence,-0.03690822543715984,1475
2010-02-09,politeness,0.07542263578529562,1475
2010-02-09,toxicity,-0.08300363869064331,1475
2010-02-16,emotion_anger,-0.016355677363525983,1764
2010-02-16,emotion_fear,-0.024945827827960638,1764
2010-02-16,emotion_joy,0.05039639426806646,1764
2010-02-16,group_generalization_presence,0.03132854757337872,1764
2010-02-16,hate_speech_presence,-0.04694873085976892,1764
2010-02-16,politeness,0.04625647651476048,1764
2010-02-16,toxicity,-0.03605288304039013,1764
2010-02-23,emotion_anger,-0.023881990179962235,1454
2010-02-23,emotion_fear,-0.024078331833488203,1454
2010-02-23,emotion_joy,0.07383321936351002,1454
2010-02-23,group_generalization_presence,-0.026625618740516242,1454
2010-02-23,hate_speech_presence,-0.03335427496189173,1454
2010-02-23,politeness,0.043646505019556935,1454
2010-02-23,toxicity,-0.0699022994514149,1454
2010-03-02,emotion_anger,0.035099364511573944,1844
2010-03-02,emotion_fear,-0.041250236415269356,1844
2010-03-02,emotion_joy,0.05414809687179691,1844
2010-03-02,group_generalization_presence,-0.05674839198930353,1844
2010-03-02,hate_speech_presence,-0.047264240274137295,1844
2010-03-02,politeness,-0.04497574051972924,1844
2010-03-02,toxicity,0.007655327910768425,1844
2010-03-09,emotion_anger,0.0090756372446568,1343
2010-03-09,emotion_fear,-0.011870402333704264,1343
2010-03-09,emotion_joy,0.052566763957446076,1343
2010-03-09,group_generalization_presence,-0.028653200114892828,1343
2010-03-09,hate_speech_presence,-0.03249941459318704,1343
2010-03-09,politeness,0.03722316638901355,1343
2010-03-09,toxicity,-0.028937134793718747,1343
2010-03-16,emotion_anger,0.009361612139654727,1518
2010-03-16,emotion_fear,0.030681686681226106,1518
2010-03-16,emotion_joy,0.05898334770161368,1518
2010-03-16,group_generalization_presence,-0.010613065906063207,1518
2010-03-16,hate_speech_presence,-0.012553151455732273,1518
2010-03-16,politeness,-0.006103504657753237,1518
2010-03-16,toxicity,0.05068123595847612,1518
2010-03-23,emotion_anger,-0.07505848942903465,1474
2010-03-23,emotion_fear,-0.018450426481481274,1474
2010-03-23,emotion_joy,0.08290274688057445,1474
2010-03-23,group_generalization_presence,-0.05357515474160399,1474
2010-03-23,hate_speech_presence,-0.028356546716742516,1474
2010-03-23,politeness,-0.005589883055515041,1474
2010-03-23,toxicity,-0.04692780460789326,1474
2010-03-30,emotion_anger,-0.2807929523966396,1231
2010-03-30,emotion_fear,-0.07401067710882246,1231
2010-03-30,emotion_joy,0.21988975854312764,1231
2010-03-30,group_generalization_presence,-0.07294239457278237,1231
2010-03-30,hate_speech_presence,-0.0005005989896994067,1231
2010-03-30,politeness,0.1848796467088298,1231
2010-03-30,toxicity,-0.21735593936313274,1231
2010-04-06,emotion_anger,-0.01272538101332413,1829
2010-04-06,emotion_fear,-0.0027272829950097596,1829
2010-04-06,emotion_joy,0.008687490981841324,1829
2010-04-06,group_generalization_presence,-0.11956658670823912,1829
2010-04-06,hate_speech_presence,-0.04149408272504407,1829
2010-04-06,politeness,0.011995380050778714,1829
2010-04-06,toxicity,-0.009684435555441318,1829
2010-04-13,emotion_anger,0.001977559726567144,1690
2010-04-13,emotion_fear,-0.03302828743566199,1690
2010-04-13,emotion_joy,-0.03118765268826142,1690
2010-04-13,group_generalization_presence,-0.10591884780559901,1690
2010-04-13,hate_speech_presence,-0.04834838609224247,1690
2010-04-13,politeness,-0.031060571244009315,1690
2010-04-13,toxicity,-0.01228700721502763,1690
2010-04-20,emotion_anger,-0.14907584358953113,1525
2010-04-20,emotion_fear,-0.015530629166419122,1525
2010-04-20,emotion_joy,0.2131882631857421,1525
2010-04-20,group_generalization_presence,-0.06032622046809372,1525
2010-04-20,hate_speech_presence,-0.04137767883055678,1525
2010-04-20,politeness,0.13740975385444978,1525
2010-04-20,toxicity,-0.10995138407094593,1525
2010-04-27,emotion_anger,0.016523291196938954,1769
2010-04-27,emotion_fear,0.02035209064392559,1769
2010-04-27,emotion_joy,0.06390851967156938,1769
2010-04-27,group_generalization_presence,-0.05475930095801282,1769
2010-04-27,hate_speech_presence,-0.0407095348543956,1769
2010-04-27,politeness,0.03813561059865248,1769
2010-04-27,toxicity,-0.03521114497047096,1769
2010-05-04,emotion_anger,-0.07153906731692668,1225
2010-05-04,emotion_fear,0.017506316855364728,1225
2010-05-04,emotion_joy,0.052238500880277774,1225
2010-05-04,group_generalization_presence,-0.031067513073912506,1225
2010-05-04,hate_speech_presence,-0.027999612750484064,1225
2010-05-04,politeness,0.06251966143511153,1225
2010-05-04,toxicity,-0.07544627016001229,1225
2010-05-11,emotion_anger,0.23135084097681874,1730
2010-05-11,emotion_fear,0.022514933320157072,1730
2010-05-11,emotion_joy,-0.12760100072709563,1730
2010-05-11,group_generalization_presence,0.029787938615496605,1730
2010-05-11,hate_speech_presence,-0.03734251254835043,1730
2010-05-11,politeness,-0.16323425161842914,1730
2010-05-11,toxicity,0.2062507274600331,1730
2010-05-18,emotion_anger,-0.005332772512326528,1622
2010-05-18,emotion_fear,0.014346261733640096,1622
2010-05-18,emotion_joy,0.022693698020142126,1622
2010-05-18,group_generalization_presence,0.03504279051088755,1622
2010-05-18,hate_speech_presence,0.009185588033217465,1622
2010-05-18,politeness,-0.0016189060619589836,1622
2010-05-18,toxicity,0.03732066077918015,1622
2010-05-25,emotion_anger,0.04271786765865752,1418
2010-05-25,emotion_fear,-0.039484616432625616,1418
2010-05-25,emotion_joy,-0.04518451877556395,1418
2010-05-25,group_generalization_presence,-0.029223024314426783,1418
2010-05-25,hate_speech_presence,-0.02315388984701137,1418
2010-05-25,politeness,-0.07433686062192792,1418
2010-05-25,toxicity,0.017758204124808132,1418
2010-06-01,emotion_anger,0.21944606478935205,1743
2010-06-01,emotion_fear,0.008263039405219934,1743
2010-06-01,emotion_joy,-0.0838243873441422,1743
2010-06-01,group_generalization_presence,0.0992932624116369,1743
2010-06-01,hate_speech_presence,0.09930202484546312,1743
2010-06-01,politeness,-0.19762847803530897,1743
2010-06-01,toxicity,0.2569244594293125,1743
2010-06-08,emotion_anger,0.1361488963393391,1125
2010-06-08,emotion_fear,0.057294917091247156,1125
2010-06-08,emotion_joy,-0.08792640794489809,1125
2010-06-08,group_generalization_presence,0.0774024751344539,1125
2010-06-08,hate_speech_presence,0.006046064235372694,1125
2010-06-08,politeness,-0.10121834771451065,1125
2010-06-08,toxicity,0.12497455383541287,1125
2010-06-15,emotion_anger,0.08742891833401252,1519
2010-06-15,emotion_fear,-0.00039373405570754976,1519
2010-06-15,emotion_joy,0.03761054377329877,1519
2010-06-15,group_generalization_presence,-0.036483268597106,1519
2010-06-15,hate_speech_presence,-0.016074920134467548,1519
2010-06-15,politeness,-0.025023752247288308,1519
2010-06-15,toxicity,0.038272013622044083,1519
2010-06-22,emotion_anger,0.09055686765680039,1876
2010-06-22,emotion_fear,0.0011864203664419893,1876
2010-06-22,emotion_joy,-0.0038493483529849597,1876
2010-06-22,group_generalization_presence,-0.006184084070385055,1876
2010-06-22,hate_speech_presence,-0.014030437786548743,1876
2010-06-22,politeness,-0.06802051676455033,1876
2010-06-22,toxicity,0.044437199045520986,1876
2010-06-29,emotion_anger,-0.09538142506548279,1673
2010-06-29,emotion_fear,-0.03130191093199456,1673
2010-06-29,emotion_joy,0.060508036588573295,1673
2010-06-29,group_generalization_presence,-0.08050372179679045,1673
2010-06-29,hate_speech_presence,-0.039255161236629206,1673
2010-06-29,politeness,0.11256908485987074,1673
2010-06-29,toxicity,-0.11352203366702783,1673
2010-07-06,emotion_anger,0.008760512435987567,1598
2010-07-06,emotion_fear,-0.027694153984300522,1598
2010-07-06,emotion_joy,0.012089600223058062,1598
2010-07-06,group_generalization_presence,-0.0537618024874561,1598
2010-07-06,hate_speech_presence,-0.014034196438235193,1598
2010-07-06,politeness,-0.03045131637399952,1598
2010-07-06,toxicity,0.018703526333360518,1598
2010-07-13,emotion_anger,0.05757474335656004,1797
2010-07-13,emotion_fear,-0.06298377717640535,1797
2010-07-13,emotion_joy,0.030357473812290012,1797
2010-07-13,group_generalization_presence,0.025370758145353528,1797
2010-07-13,hate_speech_presence,-0.05008519317400254,1797
2010-07-13,politeness,-0.07730680679585479,1797
2010-07-13,toxicity,0.0669462279002073,1797
2010-07-20,emotion_anger,-0.054383804707981806,1852
2010-07-20,emotion_fear,-0.03928853174307347,1852
2010-07-20,emotion_joy,-0.02147963239643189,1852
2010-07-20,group_generalization_presence,-0.03402572443194031,1852
2010-07-20,hate_speech_presence,-0.037500371452986854,1852
2010-07-20,politeness,-0.004577683246985469,1852
2010-07-20,toxicity,-0.0011507628370277048,1852
2010-07-27,emotion_anger,-0.06638803254666079,1280
2010-07-27,emotion_fear,-0.05238883258625008,1280
2010-07-27,emotion_joy,-0.012331388990512877,1280
2010-07-27,group_generalization_presence,-0.04741607206462705,1280
2010-07-27,hate_speech_presence,-0.05069306350243634,1280
2010-07-27,politeness,0.06954790586893747,1280
2010-07-27,toxicity,-0.07250356946211547,1280
2010-08-03,emotion_anger,-0.0667580395455998,1899
2010-08-03,emotion_fear,-0.03436130765138724,1899
2010-08-03,emotion_joy,-0.019754082485968383,1899
2010-08-03,group_generalization_presence,0.02564845035948779,1899
2010-08-03,hate_speech_presence,-0.02915646827041423,1899
2010-08-03,politeness,0.06398425869148484,1899
2010-08-03,toxicity,-0.04921948721935738,1899
2010-08-10,emotion_anger,0.05783576118874299,2052
2010-08-10,emotion_fear,-0.038702481745224206,2052
2010-08-10,emotion_joy,-0.03278945214839558,2052
2010-08-10,group_generalization_presence,-0.01481222963531075,2052
2010-08-10,hate_speech_presence,-0.017990145983942975,2052
2010-08-10,politeness,-0.07707866037320488,2052
2010-08-10,toxicity,0.07769408769259731,2052
2010-08-17,emotion_anger,-0.03716416957999702,2029
2010-08-17,emotion_fear,-0.025830964940018936,2029
2010-08-17,emotion_joy,-0.030525110867173518,2029
2010-08-17,group_generalization_presence,-0.009183007125111988,2029
2010-08-17,hate_speech_presence,-0.042539290712326094,2029
2010-08-17,politeness,0.02042801087652971,2029
2010-08-17,toxicity,0.0085317254058459,2029
2010-08-24,emotion_anger,0.10716859607098769,1879
2010-08-24,emotion_fear,-0.01592607657117433,1879
2010-08-24,emotion_joy,-0.10747947382465084,1879
2010-08-24,group_generalization_presence,0.0025113522847625583,1879
2010-08-24,hate_speech_presence,0.031748293144149044,1879
2010-08-24,politeness,-0.0814713274783005,1879
2010-08-24,toxicity,0.12043998193471955,1879
2010-08-31,emotion_anger,0.02050275112019624,1989
2010-08-31,emotion_fear,-0.011135520738413762,1989
2010-08-31,emotion_joy,0.005664836716818806,1989
2010-08-31,group_generalization_presence,-0.022918152607073864,1989
2010-08-31,hate_speech_presence,-0.024922480012025346,1989
2010-08-31,politeness,-0.04496426545041078,1989
2010-08-31,toxicity,0.036064518553984744,1989
2010-09-07,emotion_anger,0.01310475485484262,2180
2010-09-07,emotion_fear,0.012310156785848705,2180
2010-09-07,emotion_joy,-0.01786890769981612,2180
2010-09-07,group_generalization_presence,0.08085297529596153,2180
2010-09-07,hate_speech_presence,0.09430445464156283,2180
2010-09-07,politeness,-0.020241447499816243,2180
2010-09-07,toxicity,0.05058174148973453,2180
2010-09-14,emotion_anger,-0.017008122835450206,1583
2010-09-14,emotion_fear,-0.01167937394265088,1583
2010-09-14,emotion_joy,-0.04614310422689964,1583
2010-09-14,group_generalization_presence,-0.0218385415532023,1583
2010-09-14,hate_speech_presence,0.028097419889718766,1583
2010-09-14,politeness,0.042327050360877,1583
2010-09-14,toxicity,-0.06000513389808163,1583
2010-09-21,emotion_anger,-0.020944433777938084,1610
2010-09-21,emotion_fear,-0.0004036386311162826,1610
2010-09-21,emotion_joy,-0.04260339817616838,1610
2010-09-21,group_generalization_presence,-0.09906109725296573,1610
2010-09-21,hate_speech_presence,-0.039825630267727674,1610
2010-09-21,politeness,0.03220464615681352,1610
2010-09-21,toxicity,-0.04461786721757589,1610
2010-09-28,emotion_anger,0.07425507767625335,1550
2010-09-28,emotion_fear,-0.01548738611408044,1550
2010-09-28,emotion_joy,-0.048568723319204844,1550
2010-09-28,group_generalization_presence,-0.0464784926180319,1550
2010-09-28,hate_speech_presence,-0.024478131185596302,1550
2010-09-28,politeness,-0.006560568220450562,1550
2010-09-28,toxicity,-0.0035679503643978234,1550
2010-10-05,emotion_anger,-0.007337591464219054,1595
2010-10-05,emotion_fear,0.027074152443699068,1595
2010-10-05,emotion_joy,0.05656012182015452,1595
2010-10-05,group_generalization_presence,-0.06516327955941059,1595
2010-10-05,hate_speech_presence,-0.00884881428402931,1595
2010-10-05,politeness,0.047279817298895285,1595
2010-10-05,toxicity,-0.07185594220882416,1595
2010-10-12,emotion_anger,0.04058054735740321,1729
2010-10-12,emotion_fear,0.02554446291953479,1729
2010-10-12,emotion_joy,-0.006055641315989818,1729
2010-10-12,group_generalization_presence,-0.02267237023166371,1729
2010-10-12,hate_speech_presence,-0.019634435208355915,1729
2010-10-12,politeness,0.011024734905114743,1729
2010-10-12,toxicity,-0.026681126328131348,1729
2010-10-19,emotion_anger,0.15249107742915535,1827
2010-10-19,emotion_fear,-0.010820918010672574,1827
2010-10-19,emotion_joy,-0.044193726304970975,1827
2010-10-19,group_generalization_presence,-0.005831042718452632,1827
2010-10-19,hate_speech_presence,-0.03619552150986863,1827
2010-10-19,politeness,-0.11276566553006252,1827
2010-10-19,toxicity,0.15994851697755605,1827
2010-10-26,emotion_anger,0.04904062647769264,1873
2010-10-26,emotion_fear,-0.039134035272547656,1873
2010-10-26,emotion_joy,-0.04881676803556016,1873
2010-10-26,group_generalization_presence,-0.017240670464622965,1873
2010-10-26,hate_speech_presence,-0.008706562573629378,1873
2010-10-26,politeness,-0.06746336242078108,1873
2010-10-26,toxicity,0.05972822992571992,1873
2010-11-02,emotion_anger,-0.014111710104519427,2037
2010-11-02,emotion_fear,-0.033804287591586185,2037
2010-11-02,emotion_joy,0.05451111776663024,2037
2010-11-02,group_generalization_presence,-0.0216133324149494,2037
2010-11-02,hate_speech_presence,-0.01581239926118289,2037
2010-11-02,politeness,0.016789914483148146,2037
2010-11-02,toxicity,-0.02635762616264558,2037
2010-11-09,emotion_anger,0.018286288267707954,1883
2010-11-09,emotion_fear,-0.03892259131856074,1883
2010-11-09,emotion_joy,0.03317295550125385,1883
2010-11-09,group_generalization_presence,-0.014967367678217873,1883
2010-11-09,hate_speech_presence,-0.03273640313575312,1883
2010-11-09,politeness,-0.016338042530330513,1883
2010-11-09,toxicity,0.00818942293795012,1883
2010-11-16,emotion_anger,0.0406122941566599,1874
2010-11-16,emotion_fear,-0.03354165709299631,1874
2010-11-16,emotion_joy,0.05664948916232798,1874
2010-11-16,group_generalization_presence,-0.05423122754112532,1874
2010-11-16,hate_speech_presence,-0.02877359735639549,1874
2010-11-16,politeness,-0.032847992910585884,1874
2010-11-16,toxicity,0.03843090704043754,1874
2010-11-23,emotion_anger,0.10802170153742668,1769
2010-11-23,emotion_fear,0.030943589701400577,1769
2010-11-23,emotion_joy,-0.0920599088927331,1769
2010-11-23,group_generalization_presence,-0.06552795639968582,1769
2010-11-23,hate_speech_presence,-0.03557740200013155,1769
2010-11-23,politeness,-0.06655401368733677,1769
2010-11-23,toxicity,0.050880724960898384,1769
2010-11-30,emotion_anger,0.10932558167886128,1963
2010-11-30,emotion_fear,0.02447130696285965,1963
2010-11-30,emotion_joy,-0.07648287582580372,1963
2010-11-30,group_generalization_presence,0.012134521717980101,1963
2010-11-30,hate_speech_presence,-0.01906014655973333,1963
2010-11-30,politeness,-0.08598047248692407,1963
2010-11-30,toxicity,0.08765329070603416,1963
2010-12-07,emotion_anger,0.08902695710074303,1459
2010-12-07,emotion_fear,-0.012104447230161134,1459
2010-12-07,emotion_joy,-0.03162885264558014,1459
2010-12-07,group_generalization_presence,-0.025699664007636923,1459
2010-12-07,hate_speech_presence,-0.03916568226204601,1459
2010-12-07,politeness,-0.04196658669350863,1459
2010-12-07,toxicity,0.04006507365890447,1459
2010-12-14,emotion_anger,-0.026711003315735376,1197
2010-12-14,emotion_fear,-0.05323226965082918,1197
2010-12-14,emotion_joy,0.03276836588309837,1197
2010-12-14,group_generalization_presence,-0.023356803147589283,1197
2010-12-14,hate_speech_presence,-0.03163300292745706,1197
2010-12-14,politeness,0.015816262981514288,1197
2010-12-14,toxicity,-0.04713856591838379,1197
2010-12-21,emotion_anger,-0.34123137523123753,859
2010-12-21,emotion_fear,-0.08280395537411975,859
2010-12-21,emotion_joy,0.45472267018678847,859
2010-12-21,group_generalization_presence,-0.07437029495798372,859
2010-12-21,hate_speech_presence,-0.03637828891450795,859
2010-12-21,politeness,0.328369541950047,859
2010-12-21,toxicity,-0.24717417195178926,859
2010-12-28,emotion_anger,-0.22031691206672024,1270
2010-12-28,emotion_fear,-0.049093642442714705,1270
2010-12-28,emotion_joy,0.3740272518678202,1270
2010-12-28,group_generalization_presence,-0.08789429969553968,1270
2010-12-28,hate_speech_presence,-0.04484975502742196,1270
2010-12-28,politeness,0.24071311102151413,1270
2010-12-28,toxicity,-0.21258602287891323,1270
2011-01-04,emotion_anger,0.046165043114499225,1411
2011-01-04,emotion_fear,-0.023355368503903087,1411
2011-01-04,emotion_joy,-0.06778400426082272,1411
2011-01-04,group_generalization_presence,0.011410687604491054,1411
2011-01-04,hate_speech_presence,-0.015946100751080397,1411
2011-01-04,politeness,-0.022571480345835025,1411
2011-01-04,toxicity,0.04362540261334269,1411
2011-01-11,emotion_anger,-0.06532786720334037,1269
2011-01-11,emotion_fear,-0.006811580442273623,1269
2011-01-11,emotion_joy,-0.02263763454039016,1269
2011-01-11,group_generalization_presence,-0.0580673594480806,1269
2011-01-11,hate_speech_presence,-0.02327543523374774,1269
2011-01-11,politeness,0.04957365754280687,1269
2011-01-11,toxicity,-0.06112094606130837,1269
2011-01-18,emotion_anger,-0.011869913865972475,1253
2011-01-18,emotion_fear,-0.022466873428561376,1253
2011-01-18,emotion_joy,-0.027984286346589858,1253
2011-01-18,group_generalization_presence,-0.046525295207051835,1253
2011-01-18,hate_speech_presence,-0.01363734734378827,1253
2011-01-18,politeness,-0.005655117968881696,1253
2011-01-18,toxicity,-0.04824032781569151,1253
2011-01-25,emotion_anger,0.06220961629425095,1655
2011-01-25,emotion_fear,-0.034621731711144806,1655
2011-01-25,emotion_joy,-0.023305006032068514,1655
2011-01-25,group_generalization_presence,-0.011035730544643532,1655
2011-01-25,hate_speech_presence,-0.024065692043733735,1655
2011-01-25,politeness,-0.02565230097113005,1655
2011-01-25,toxicity,0.04358579778477769,1655
2011-02-01,emotion_anger,0.04747404176512389,1649
2011-02-01,emotion_fear,0.011807175031163753,1649
2011-02-01,emotion_joy,-0.023490658943122997,1649
2011-02-01,group_generalization_presence,-0.04687344840708135,1649
2011-02-01,hate_speech_presence,-0.0198906072856048,1649
2011-02-01,politeness,0.01638790207030356,1649
2011-02-01,toxicity,-0.057953621618696896,1649
2011-02-08,emotion_anger,-0.11635927089934969,1178
2011-02-08,emotion_fear,-0.017121919154634412,1178
2011-02-08,emotion_joy,0.010609734107857744,1178
2011-02-08,group_generalization_presence,-0.08217440731856432,1178
2011-02-08,hate_speech_presence,-0.032178097909186874,1178
2011-02-08,politeness,0.08228251042515013,1178
2011-02-08,toxicity,-0.10720248662258844,1178
2011-02-15,emotion_anger,-0.058084166382175166,1604
2011-02-15,emotion_fear,-0.004013720205846785,1604
2011-02-15,emotion_joy,0.024469620329243477,1604
2011-02-15,group_generalization_presence,-0.11521339552545419,1604
2011-02-15,hate_speech_presence,-0.037435868780436164,1604
2011-02-15,politeness,0.08542697278982271,1604
2011-02-15,toxicity,-0.1015009484712143,1604
2011-02-22,emotion_anger,0.016543802983078476,1375
2011-02-22,emotion_fear,0.017935741840774424,1375
2011-02-22,emotion_joy,-0.014651188832177222,1375
2011-02-22,group_generalization_presence,-0.07799118256520987,1375
2011-02-22,hate_speech_presence,-0.01730849919452366,1375
2011-02-22,politeness,-0.00618137878041844,1375
2011-02-22,toxicity,-0.05449787237909348,1375
2011-03-01,emotion_anger,0.08749686165879715,1413
2011-03-01,emotion_fear,0.002039306595757746,1413
2011-03-01,emotion_joy,-0.04452298996803217,1413
2011-03-01,group_generalization_presence,-0.0641543639157195,1413
2011-03-01,hate_speech_presence,-0.0407589515236389,1413
2011-03-01,politeness,-0.019532592882426508,1413
2011-03-01,toxicity,0.02616636172529692,1413
2011-03-08,emotion_anger,0.02195189046192093,1261
2011-03-08,emotion_fear,-0.012769407007237516,1261
2011-03-08,emotion_joy,-0.05088401489269901,1261
2011-03-08,group_generalization_presence,-0.07031156749385142,1261
2011-03-08,hate_speech_presence,-0.045067652947284015,1261
2011-03-08,politeness,-0.02301264274242333,1261
2011-03-08,toxicity,-0.04972716372007684,1261
2011-03-15,emotion_anger,-0.030632700051830015,1243
2011-03-15,emotion_fear,0.013761012917921716,1243
2011-03-15,emotion_joy,0.07258411384915824,1243
2011-03-15,group_generalization_presence,-0.0323781825321956,1243
2011-03-15,hate_speech_presence,-0.024148906725369516,1243
2011-03-15,politeness,0.02930455333078741,1243
2011-03-15,toxicity,-0.07789745833784081,1243
2011-03-22,emotion_anger,-0.030830913779510128,1578
2011-03-22,emotion_fear,0.011274014434511353,1578
2011-03-22,emotion_joy,0.008649402256694557,1578
2011-03-22,group_generalization_presence,-0.024643336759941733,1578
2011-03-22,hate_speech_presence,-0.025619752628206937,1578
2011-03-22,politeness,0.01920296390579489,1578
2011-03-22,toxicity,-0.03398677191261971,1578
2011-03-29,emotion_anger,0.06320208259245831,1484
2011-03-29,emotion_fear,-0.0009850379346251184,1484
2011-03-29,emotion_joy,-0.057943917022605256,1484
2011-03-29,group_generalization_presence,-0.01194228186649617,1484
2011-03-29,hate_speech_presence,-0.039385528353284786,1484
2011-03-29,politeness,-0.03127162255510155,1484
2011-03-29,toxicity,-0.04451501405305795,1484
2011-04-05,emotion_anger,-0.09026250310798963,2030
2011-04-05,emotion_fear,-0.013012781725918883,2030
2011-04-05,emotion_joy,0.10032035869105965,2030
2011-04-05,group_generalization_presence,-0.11013572820274012,2030
2011-04-05,hate_speech_presence,-0.04764949991160442,2030
2011-04-05,politeness,0.0859649214053874,2030
2011-04-05,toxicity,-0.15738673662735636,2030
2011-04-12,emotion_anger,-0.040143315058760454,1600
2011-04-12,emotion_fear,-0.019537195279985983,1600
2011-04-12,emotion_joy,-0.04475441737783012,1600
2011-04-12,group_generalization_presence,-0.04862343149907718,1600
2011-04-12,hate_speech_presence,-0.027270405494751723,1600
2011-04-12,politeness,1.836107695573963e-05,1600
2011-04-12,toxicity,-0.07042711095764227,1600
2011-04-19,emotion_anger,0.014279961424266909,1065
2011-04-19,emotion_fear,-0.06520173295110317,1065
2011-04-19,emotion_joy,0.001535690470128775,1065
2011-04-19,group_generalization_presence,-0.01935398476189718,1065
2011-04-19,hate_speech_presence,-0.03015920021297044,1065
2011-04-19,politeness,-0.05240398293303002,1065
2011-04-19,toxicity,-0.004646848444884913,1065
2011-04-26,emotion_anger,0.04602450400135921,1611
2011-04-26,emotion_fear,-0.03310629236746898,1611
2011-04-26,emotion_joy,0.025863863084778,1611
2011-04-26,group_generalization_presence,-0.0365419762413263,1611
2011-04-26,hate_speech_presence,-0.024694220004040035,1611
2011-04-26,politeness,-0.06131350778653336,1611
2011-04-26,toxicity,0.011002276561725382,1611
2011-05-03,emotion_anger,0.03827569186441591,1439
2011-05-03,emotion_fear,-0.020198856015843463,1439
2011-05-03,emotion_joy,-0.06882725507296253,1439
2011-05-03,group_generalization_presence,-0.030524154364783947,1439
2011-05-03,hate_speech_presence,-0.0296335196978704,1439
2011-05-03,politeness,-0.07764605073836596,1439
2011-05-03,toxicity,0.033640720135255875,1439
2011-05-10,emotion_anger,-0.07120031752073681,1162
2011-05-10,emotion_fear,0.03575583508835914,1162
2011-05-10,emotion_joy,0.03515735231318872,1162
2011-05-10,group_generalization_presence,0.022096228440296694,1162
2011-05-10,hate_speech_presence,0.05623689330037151,1162
2011-05-10,politeness,0.010309171318892063,1162
2011-05-10,toxicity,-0.007481773361566596,1162
2011-05-17,emotion_anger,-0.06032902289368971,1134
2011-05-17,emotion_fear,-0.024859654150673118,1134
2011-05-17,emotion_joy,-0.013492498660136923,1134
2011-05-17,group_generalization_presence,-0.07388781859678677,1134
2011-05-17,hate_speech_presence,-0.04171041513566452,1134
2011-05-17,politeness,0.0395781089392763,1134
2011-05-17,toxicity,-0.07403562127584623,1134
2011-05-24,emotion_anger,-0.026629863409388985,1255
2011-05-24,emotion_fear,-0.02592529657157647,1255
2011-05-24,emotion_joy,0.010312968162544895,1255
2011-05-24,group_generalization_presence,-0.04858140413442133,1255
2011-05-24,hate_speech_presence,-0.037998927605786936,1255
2011-05-24,politeness,0.016243164733297004,1255
2011-05-24,toxicity,-0.04448235885209179,1255
2011-05-31,emotion_anger,0.01155855564533454,1311
2011-05-31,emotion_fear,-0.055586954265279154,1311
2011-05-31,emotion_joy,-0.003934184012321947,1311
2011-05-31,group_generalization_presence,-0.08520281109568648,1311
2011-05-31,hate_speech_presence,-0.054842779021629665,1311
2011-05-31,politeness,0.00040883932349650463,1311
2011-05-31,toxicity,-0.01910347816969381,1311
2011-06-07,emotion_anger,0.009822833002860843,1017
2011-06-07,emotion_fear,-0.0371189469906584,1017
2011-06-07,emotion_joy,0.12420334920697186,1017
2011-06-07,group_generalization_presence,-0.04535419879807208,1017
2011-06-07,hate_speech_presence,-0.0175119959051233,1017
2011-06-07,politeness,0.045963678236949995,1017
2011-06-07,toxicity,-0.03640006876327469,1017
2011-06-14,emotion_anger,-0.001785719745838284,883
2011-06-14,emotion_fear,-0.006315222516671422,883
2011-06-14,emotion_joy,-0.04657263438710726,883
2011-06-14,group_generalization_presence,-0.03671644393803953,883
2011-06-14,hate_speech_presence,-0.039734272114357184,883
2011-06-14,politeness,0.017878240098110287,883
2011-06-14,toxicity,-0.03863110578872399,883
2011-06-21,emotion_anger,-0.027270766220830342,939
2011-06-21,emotion_fear,-0.022642457728435074,939
2011-06-21,emotion_joy,-0.004762139820764201,939
2011-06-21,group_generalization_presence,-0.040709510508967366,939
2011-06-21,hate_speech_presence,-0.03860015045345492,939
2011-06-21,politeness,0.016446753828765977,939
2011-06-21,toxicity,-0.033912215634166326,939
2011-06-28,emotion_anger,0.07544939341028717,1288
2011-06-28,emotion_fear,0.037757086956196756,1288
2011-06-28,emotion_joy,-0.04506558507558876,1288
2011-06-28,group_generalization_presence,-0.031274703137529565,1288
2011-06-28,hate_speech_presence,-0.049986175946364515,1288
2011-06-28,politeness,-0.024058997217436862,1288
2011-06-28,toxicity,0.02379018383670046,1288
2011-07-05,emotion_anger,-0.031047709608319634,991
2011-07-05,emotion_fear,-0.006229942257940385,991
2011-07-05,emotion_joy,0.0270312292050823,991
2011-07-05,group_generalization_presence,-0.06453578286192146,991
2011-07-05,hate_speech_presence,-0.060924092777073835,991
2011-07-05,politeness,0.03178908215662923,991
2011-07-05,toxicity,-0.008196586500686161,991
2011-07-12,emotion_anger,0.04190360997804499,1044
2011-07-12,emotion_fear,0.026400851239681253,1044
2011-07-12,emotion_joy,-0.056605584052954086,1044
2011-07-12,group_generalization_presence,-0.019462403838053366,1044
2011-07-12,hate_speech_presence,-0.043340261944555696,1044
2011-07-12,politeness,-0.05826403423936564,1044
2011-07-12,toxicity,0.05085557816135693,1044
2011-07-19,emotion_anger,0.24025169693049506,1038
2011-07-19,emotion_fear,0.08067199506116436,1038
2011-07-19,emotion_joy,-0.18289924321507622,1038
2011-07-19,group_generalization_presence,0.214249216777535,1038
2011-07-19,hate_speech_presence,0.1950801550979816,1038
2011-07-19,politeness,-0.14133890453335124,1038
2011-07-19,toxicity,0.23837297395956966,1038
2011-07-26,emotion_anger,0.09577525567962235,976
2011-07-26,emotion_fear,0.0570213099434816,976
2011-07-26,emotion_joy,-0.10547795458060129,976
2011-07-26,group_generalization_presence,0.09907917754460906,976
2011-07-26,hate_speech_presence,0.05429811355682645,976
2011-07-26,politeness,-0.06155360809846095,976
2011-07-26,toxicity,0.0689212968952603,976
2011-08-02,emotion_anger,0.042920913525400936,1071
2011-08-02,emotion_fear,0.041046569068436504,1071
2011-08-02,emotion_joy,-0.06502894495953351,1071
2011-08-02,group_generalization_presence,0.11892570129787058,1071
2011-08-02,hate_speech_presence,0.10529568995280364,1071
2011-08-02,politeness,-0.07070534373173515,1071
2011-08-02,toxicity,0.08239253844559159,1071
2011-08-09,emotion_anger,0.07535232883403462,1152
2011-08-09,emotion_fear,0.025374058406322477,1152
2011-08-09,emotion_joy,-0.1135579790162576,1152
2011-08-09,group_generalization_presence,0.07272490933098268,1152
2011-08-09,hate_speech_presence,0.04160409924878116,1152
2011-08-09,politeness,-0.03848270309392555,1152
2011-08-09,toxicity,0.06796723846655574,1152
2011-08-16,emotion_anger,0.10600748438064712,1392
2011-08-16,emotion_fear,-0.025668265586056498,1392
2011-08-16,emotion_joy,-0.10176847028100477,1392
2011-08-16,group_generalization_presence,-0.006132439033315672,1392
2011-08-16,hate_speech_presence,-0.025723035136888107,1392
2011-08-16,politeness,-0.0939075410098039,1392
2011-08-16,toxicity,0.09660627999389759,1392
2011-08-23,emotion_anger,0.16335570534248495,1589
2011-08-23,emotion_fear,-0.004838871806388583,1589
2011-08-23,emotion_joy,-0.16883855101787296,1589
2011-08-23,group_generalization_presence,-0.0036755556979553416,1589
2011-08-23,hate_speech_presence,-0.043081583516003746,1589
2011-08-23,politeness,-0.13219482834287047,1589
2011-08-23,toxicity,0.1090302917569784,1589
2011-08-30,emotion_anger,0.08200201845754021,1496
2011-08-30,emotion_fear,0.010166724292759279,1496
2011-08-30,emotion_joy,-0.06412157873327139,1496
2011-08-30,group_generalization_presence,0.012491812842906168,1496
2011-08-30,hate_speech_presence,-0.019185227305650008,1496
2011-08-30,politeness,-0.04925632137564254,1496
2011-08-30,toxicity,0.09099186424232207,1496
2011-09-06,emotion_anger,0.09009831973115452,1247
2011-09-06,emotion_fear,0.010095413481939965,1247
2011-09-06,emotion_joy,-0.10606539686201068,1247
2011-09-06,group_generalization_presence,0.001395903387029943,1247
2011-09-06,hate_speech_presence,0.014274812458496482,1247
2011-09-06,politeness,-0.06560739613357655,1247
2011-09-06,toxicity,0.07151557758411205,1247
2011-09-13,emotion_anger,0.12187273165241173,1394
2011-09-13,emotion_fear,-0.005419127201049499,1394
2011-09-13,emotion_joy,-0.09860536477845364,1394
2011-09-13,group_generalization_presence,-0.04263345575182371,1394
2011-09-13,hate_speech_presence,-0.02770860304971142,1394
2011-09-13,politeness,-0.10379339783009384,1394
2011-09-13,toxicity,0.08694478731900004,1394
2011-09-20,emotion_anger,-0.0997233673891536,1170
2011-09-20,emotion_fear,-0.05184067686166645,1170
2011-09-20,emotion_joy,0.07725079199169758,1170
2011-09-20,group_generalization_presence,-0.037228488071423475,1170
2011-09-20,hate_speech_presence,-0.028035079980930185,1170
2011-09-20,politeness,0.06876324284474676,1170
2011-09-20,toxicity,-0.0945751274166918,1170
2011-09-27,emotion_anger,0.007468113198676153,1321
2011-09-27,emotion_fear,-0.031010297924384166,1321
2011-09-27,emotion_joy,-0.00554675478708614,1321
2011-09-27,group_generalization_presence,-0.045365546970387104,1321
2011-09-27,hate_speech_presence,-0.03041069208998095,1321
2011-09-27,politeness,-0.023831286698673553,1321
2011-09-27,toxicity,0.009225185596784764,1321
2011-10-04,emotion_anger,0.003957883925570931,1421
2011-10-04,emotion_fear,-0.027951137925682587,1421
2011-10-04,emotion_joy,0.02022614073200807,1421
2011-10-04,group_generalization_presence,0.01651540720904066,1421
2011-10-04,hate_speech_presence,-0.034678421855117776,1421
2011-10-04,politeness,0.03385199070614923,1421
2011-10-04,toxicity,-0.018778466203523532,1421
2011-10-11,emotion_anger,-0.08872184505752148,1155
2011-10-11,emotion_fear,0.012987384542302388,1155
2011-10-11,emotion_joy,-0.012894161298499367,1155
2011-10-11,group_generalization_presence,-0.07611645844130993,1155
2011-10-11,hate_speech_presence,-0.04067893502103295,1155
2011-10-11,politeness,0.021525644652966552,1155
2011-10-11,toxicity,-0.08766373853832049,1155
2011-10-18,emotion_anger,0.23277899604120317,1576
2011-10-18,emotion_fear,-0.004175941805746776,1576
2011-10-18,emotion_joy,-0.14645659017143148,1576
2011-10-18,group_generalization_presence,0.0331749470146487,1576
2011-10-18,hate_speech_presence,0.002418427418342465,1576
2011-10-18,politeness,-0.16653635900093502,1576
2011-10-18,toxicity,0.17698004395648684,1576
2011-10-25,emotion_anger,0.11227999105460817,1596
2011-10-25,emotion_fear,0.01516729414162874,1596
2011-10-25,emotion_joy,-0.07255070988139176,1596
2011-10-25,group_generalization_presence,-0.04551724656687706,1596
2011-10-25,hate_speech_presence,-0.040337544954409055,1596
2011-10-25,politeness,-0.055763017120174806,1596
2011-10-25,toxicity,0.018666367677791233,1596
2011-11-01,emotion_anger,0.004608804927637231,1404
2011-11-01,emotion_fear,-0.01957806249498553,1404
2011-11-01,emotion_joy,-0.08436311682722838,1404
2011-11-01,group_generalization_presence,0.02821800348988261,1404
2011-11-01,hate_speech_presence,-0.006243743207908035,1404
2011-11-01,politeness,-0.011051095710451818,1404
2011-11-01,toxicity,0.021002907531816776,1404
2011-11-08,emotion_anger,0.03919367326969392,1312
2011-11-08,emotion_fear,-0.008703861831495378,1312
2011-11-08,emotion_joy,-0.0446989579645123,1312
2011-11-08,group_generalization_presence,0.005090799986551108,1312
2011-11-08,hate_speech_presence,-0.01373061714588636,1312
2011-11-08,politeness,-0.05200019046671529,1312
2011-11-08,toxicity,0.06497122874855764,1312
2011-11-15,emotion_anger,0.03286442899673979,1501
2011-11-15,emotion_fear,-0.02304006423484659,1501
2011-11-15,emotion_joy,-0.06261611897589484,1501
2011-11-15,group_generalization_presence,-0.02283501061989663,1501
2011-11-15,hate_speech_presence,-0.05371763330231502,1501
2011-11-15,politeness,-0.004782046546790668,1501
2011-11-15,toxicity,-0.02103165058950555,1501
2011-11-22,emotion_anger,0.16172858513640614,1780
2011-11-22,emotion_fear,-0.006044892467293019,1780
2011-11-22,emotion_joy,-0.088585591670406,1780
2011-11-22,group_generalization_presence,0.05087084835092418,1780
2011-11-22,hate_speech_presence,-0.03065365298920287,1780
2011-11-22,politeness,-0.18821638851774208,1780
2011-11-22,toxicity,0.2099767154445886,1780
2011-11-29,emotion_anger,0.15189389709105663,1269
2011-11-29,emotion_fear,0.011698925180664949,1269
2011-11-29,emotion_joy,-0.12917759516305335,1269
2011-11-29,group_generalization_presence,0.09512113158919218,1269
2011-11-29,hate_speech_presence,0.06517870656701655,1269
2011-11-29,politeness,-0.14120394822730536,1269
2011-11-29,toxicity,0.13831727675479902,1269
2011-12-06,emotion_anger,-0.03463368677236833,1466
2011-12-06,emotion_fear,-0.03586638346778679,1466
2011-12-06,emotion_joy,0.008839208102818269,1466
2011-12-06,group_generalization_presence,-0.00366964623545006,1466
2011-12-06,hate_speech_presence,0.008232452702610393,1466
2011-12-06,politeness,0.010637546666782004,1466
2011-12-06,toxicity,-0.017080078899570715,1466
2011-12-13,emotion_anger,0.012163742558557507,1104
2011-12-13,emotion_fear,-0.04628272334336049,1104
2011-12-13,emotion_joy,-0.019768656583326615,1104
2011-12-13,group_generalization_presence,-0.08065928870936057,1104
2011-12-13,hate_speech_presence,-0.0556920261125371,1104
2011-12-13,politeness,0.030786839016284585,1104
2011-12-13,toxicity,-0.03418850124710026,1104
2011-12-20,emotion_anger,-0.2718400274636462,765
2011-12-20,emotion_fear,-0.06823463241957674,765
2011-12-20,emotion_joy,0.33339590987610834,765
2011-12-20,group_generalization_presence,-0.05674282393658303,765
2011-12-20,hate_speech_presence,-0.016853627285908092,765
2011-12-20,politeness,0.25486066280900443,765
2011-12-20,toxicity,-0.2666366212277814,765
2011-12-27,emotion_anger,-0.0376618873377731,1395
2011-12-27,emotion_fear,-0.032000171414093344,1395
2011-12-27,emotion_joy,0.09666208821471017,1395
2011-12-27,group_generalization_presence,0.1354120701316814,1395
2011-12-27,hate_speech_presence,0.13545467625879928,1395
2011-12-27,politeness,0.045912235055790174,1395
2011-12-27,toxicity,-0.0017725226055225682,1395
2012-01-03,emotion_anger,-0.026948750334922427,1059
2012-01-03,emotion_fear,-0.09372162041848416,1059
2012-01-03,emotion_joy,-0.028472174841308158,1059
2012-01-03,group_generalization_presence,-0.04040234597950742,1059
2012-01-03,hate_speech_presence,-0.03869365475898506,1059
2012-01-03,politeness,0.03084405107353535,1059
2012-01-03,toxicity,-0.018224160823232995,1059
2012-01-10,emotion_anger,-0.09338602637224963,1050
2012-01-10,emotion_fear,-0.054720808891484174,1050
2012-01-10,emotion_joy,-0.0618896352776343,1050
2012-01-10,group_generalization_presence,-0.1519154720099995,1050
2012-01-10,hate_speech_presence,-0.05785276444858448,1050
2012-01-10,politeness,0.040072208612819266,1050
2012-01-10,toxicity,-0.14556087736146617,1050
2012-01-17,emotion_anger,0.010909474558978964,1221
2012-01-17,emotion_fear,-0.0012091316226401198,1221
2012-01-17,emotion_joy,0.01155590222400175,1221
2012-01-17,group_generalization_presence,-0.030940240551469465,1221
2012-01-17,hate_speech_presence,-0.047134002574885994,1221
2012-01-17,politeness,0.05612368535699519,1221
2012-01-17,toxicity,-0.06344640912668814,1221
2012-01-24,emotion_anger,0.10828725113509548,1275
2012-01-24,emotion_fear,0.0473750879486863,1275
2012-01-24,emotion_joy,-0.09180080014716231,1275
2012-01-24,group_generalization_presence,-0.006784633065514969,1275
2012-01-24,hate_speech_presence,-0.03399548402255719,1275
2012-01-24,politeness,-0.051676421840712444,1275
2012-01-24,toxicity,0.049924007361900995,1275
2012-01-31,emotion_anger,0.033538664789281615,942
2012-01-31,emotion_fear,-0.03452383247649464,942
2012-01-31,emotion_joy,-0.05837239156990932,942
2012-01-31,group_generalization_presence,0.041101253024588245,942
2012-01-31,hate_speech_presence,-0.006846012785558684,942
2012-01-31,politeness,-0.05383587376454503,942
2012-01-31,toxicity,0.03461649560968556,942
2012-02-07,emotion_anger,0.10939930404172327,1261
2012-02-07,emotion_fear,-0.012505664565701385,1261
2012-02-07,emotion_joy,-0.08593450779152681,1261
2012-02-07,group_generalization_presence,0.11763556804804665,1261
2012-02-07,hate_speech_presence,0.14485357399219081,1261
2012-02-07,politeness,-0.0865069758159791,1261
2012-02-07,toxicity,0.14696884065290985,1261
2012-02-14,emotion_anger,0.09530351019887595,1168
2012-02-14,emotion_fear,0.00910460639521189,1168
2012-02-14,emotion_joy,-0.05825444643433654,1168
2012-02-14,group_generalization_presence,0.08137446835407597,1168
2012-02-14,hate_speech_presence,0.20624347312138278,1168
2012-02-14,politeness,0.009713993115503862,1168
2012-02-14,toxicity,0.069449972168027,1168
2012-02-21,emotion_anger,-0.012958603590705445,1025
2012-02-21,emotion_fear,-0.0019120440438788874,1025
2012-02-21,emotion_joy,0.028430239167384373,1025
2012-02-21,group_generalization_presence,0.03927710868025362,1025
2012-02-21,hate_speech_presence,0.0953847736501059,1025
2012-02-21,politeness,0.03206348294671956,1025
2012-02-21,toxicity,-0.025070979542324155,1025
2012-02-28,emotion_anger,-0.025717689022928703,1598
2012-02-28,emotion_fear,-0.02303256992975616,1598
2012-02-28,emotion_joy,-0.03358264589186088,1598
2012-02-28,group_generalization_presence,-0.08834144045171191,1598
2012-02-28,hate_speech_presence,-0.045738801012407626,1598
2012-02-28,politeness,-0.027564197276347995,1598
2012-02-28,toxicity,-0.03311934910885235,1598
2012-03-06,emotion_anger,-0.014035562412937245,1326
2012-03-06,emotion_fear,-0.027913937668885117,1326
2012-03-06,emotion_joy,0.012602294245172386,1326
2012-03-06,group_generalization_presence,-0.047154897887925894,1326
2012-03-06,hate_speech_presence,-0.0387278722055168,1326
2012-03-06,politeness,0.023908957475771504,1326
2012-03-06,toxicity,0.03211559775265949,1326
2012-03-13,emotion_anger,0.044314895274375786,1045
2012-03-13,emotion_fear,-0.04920589137396963,1045
2012-03-13,emotion_joy,-0.11510176981078891,1045
2012-03-13,group_generalization_presence,-0.034161261278725825,1045
2012-03-13,hate_speech_presence,-0.06326796350726402,1045
2012-03-13,politeness,-0.016373889051312585,1045
2012-03-13,toxicity,0.009911029675663364,1045
2012-03-20,emotion_anger,-0.026167996920165196,1014
2012-03-20,emotion_fear,-0.0520668800897486,1014
2012-03-20,emotion_joy,-0.03491179821396448,1014
2012-03-20,group_generalization_presence,0.04144153347411213,1014
2012-03-20,hate_speech_presence,-0.03131195981692995,1014
2012-03-20,politeness,-0.017863239305790438,1014
2012-03-20,toxicity,0.034810726683470336,1014
2012-03-27,emotion_anger,0.09713459174502354,1033
2012-03-27,emotion_fear,-0.0210892560968413,1033
2012-03-27,emotion_joy,0.029271403655376633,1033
2012-03-27,group_generalization_presence,0.0013018114419249118,1033
2012-03-27,hate_speech_presence,-0.04044027114795174,1033
2012-03-27,politeness,-0.07912495933287501,1033
2012-03-27,toxicity,0.08766936398478573,1033
2012-04-03,emotion_anger,-0.0871191574995023,1048
2012-04-03,emotion_fear,-0.023325896278920327,1048
2012-04-03,emotion_joy,0.07955062673887313,1048
2012-04-03,group_generalization_presence,-0.03252353396637592,1048
2012-04-03,hate_speech_presence,-0.0375150412604219,1048
2012-04-03,politeness,0.05218939746468992,1048
2012-04-03,toxicity,-0.07167736669009579,1048
2012-04-10,emotion_anger,0.11598360872682935,1229
2012-04-10,emotion_fear,-0.016759496572938595,1229
2012-04-10,emotion_joy,-0.11950337652795216,1229
2012-04-10,group_generalization_presence,-0.03797712153061409,1229
2012-04-10,hate_speech_presence,-0.05628141312134489,1229
2012-04-10,politeness,-0.10712425676203914,1229
2012-04-10,toxicity,0.057475746036341986,1229
2012-04-17,emotion_anger,0.006448727017895618,1112
2012-04-17,emotion_fear,-0.05539639028018078,1112
2012-04-17,emotion_joy,0.015459009740605836,1112
2012-04-17,group_generalization_presence,-0.05292435286924537,1112
2012-04-17,hate_speech_presence,-0.0432832309123692,1112
2012-04-17,politeness,-0.041017223870000265,1112
2012-04-17,toxicity,-0.00916591571995961,1112
2012-04-24,emotion_anger,0.09144596396668432,982
2012-04-24,emotion_fear,-0.014228916286796988,982
2012-04-24,emotion_joy,-0.08488669509689162,982
2012-04-24,group_generalization_presence,-0.03325819594048317,982
2012-04-24,hate_speech_presence,-0.05346766197475627,982
2012-04-24,politeness,-0.08927087014423217,982
2012-04-24,toxicity,0.06488470255753538,982
2012-05-01,emotion_anger,-0.12398098186577769,1036
2012-05-01,emotion_fear,-0.013847772634342267,1036
2012-05-01,emotion_joy,0.006962193817385274,1036
2012-05-01,group_generalization_presence,-0.022385759114537707,1036
2012-05-01,hate_speech_presence,-0.019427496229299034,1036
2012-05-01,politeness,0.13315135253303453,1036
2012-05-01,toxicity,-0.11994060606723413,1036
2012-05-08,emotion_anger,0.09446436917319173,1114
2012-05-08,emotion_fear,0.05342353590135126,1114
2012-05-08,emotion_joy,-0.06966400547184351,1114
2012-05-08,group_generalization_presence,0.0780716556710383,1114
2012-05-08,hate_speech_presence,0.03576612356041965,1114
2012-05-08,politeness,-0.11531551020912882,1114
2012-05-08,toxicity,0.10316743320303491,1114
2012-05-15,emotion_anger,0.06851626604242193,1126
2012-05-15,emotion_fear,0.021283987851549762,1126
2012-05-15,emotion_joy,-0.06515077739110765,1126
2012-05-15,group_generalization_presence,0.07267234498804713,1126
2012-05-15,hate_speech_presence,0.021366233383313636,1126
2012-05-15,politeness,-0.1084027174782793,1126
2012-05-15,toxicity,0.03089277613883359,1126
2012-05-22,emotion_anger,0.14217082883785512,943
2012-05-22,emotion_fear,0.02575630446519064,943
2012-05-22,emotion_joy,-0.032737071235587875,943
2012-05-22,group_generalization_presence,-0.007417762177345756,943
2012-05-22,hate_speech_presence,-0.035530884973015237,943
2012-05-22,politeness,-0.10453871560121293,943
2012-05-22,toxicity,0.06953832058835939,943
2012-05-29,emotion_anger,0.03409929967000235,917
2012-05-29,emotion_fear,-0.015411013963669151,917
2012-05-29,emotion_joy,-0.07069088086777812,917
2012-05-29,group_generalization_presence,-0.04979545284507702,917
2012-05-29,hate_speech_presence,-0.056470089234949665,917
2012-05-29,politeness,-0.03178184766714129,917
2012-05-29,toxicity,-0.005798229399722572,917
2012-06-05,emotion_anger,-0.040620572698143106,978
2012-06-05,emotion_fear,-0.05127000224685889,978
2012-06-05,emotion_joy,-0.037309451354507965,978
2012-06-05,group_generalization_presence,-0.06246211142762145,978
2012-06-05,hate_speech_presence,-0.05926463582990879,978
2012-06-05,politeness,0.01873809165628139,978
2012-06-05,toxicity,-0.06979475153215947,978
2012-06-12,emotion_anger,0.08954755812625287,1110
2012-06-12,emotion_fear,-0.0013548194235053804,1110
2012-06-12,emotion_joy,-0.1283790909056542,1110
2012-06-12,group_generalization_presence,-0.09448267092526187,1110
2012-06-12,hate_speech_presence,-0.04555198696369471,1110
2012-06-12,politeness,-0.07199852752982658,1110
2012-06-12,toxicity,0.06288653453359862,1110
2012-06-19,emotion_anger,-0.03469605051926702,977
2012-06-19,emotion_fear,-0.05111104170195405,977
2012-06-19,emotion_joy,-0.05148463786842356,977
2012-06-19,group_generalization_presence,-0.024362461777415807,977
2012-06-19,hate_speech_presence,-0.008676903911838165,977
2012-06-19,politeness,-0.01970547986977692,977
2012-06-19,toxicity,0.011547262160151922,977
2012-06-26,emotion_anger,-0.04387625994586248,1124
2012-06-26,emotion_fear,-0.022905486755092047,1124
2012-06-26,emotion_joy,0.09608136701855499,1124
2012-06-26,group_generalization_presence,0.0004976388828343043,1124
2012-06-26,hate_speech_presence,-0.026460392148818745,1124
2012-06-26,politeness,-0.0038408229106570847,1124
2012-06-26,toxicity,0.0030046147653284535,1124
2012-07-03,emotion_anger,0.04219135071061543,926
2012-07-03,emotion_fear,0.018287834254237308,926
2012-07-03,emotion_joy,0.005664939720893919,926
2012-07-03,group_generalization_presence,-0.015869563710299895,926
2012-07-03,hate_speech_presence,0.006617055092289801,926
2012-07-03,politeness,-0.03485268242462482,926
2012-07-03,toxicity,0.04328191712396546,926
2012-07-10,emotion_anger,0.1098955264008191,993
2012-07-10,emotion_fear,0.026286820487180076,993
2012-07-10,emotion_joy,-0.11224983607550783,993
2012-07-10,group_generalization_presence,0.17708783103905976,993
2012-07-10,hate_speech_presence,0.15925589274583926,993
2012-07-10,politeness,-0.15801092520553495,993
2012-07-10,toxicity,0.1923071190567199,993
2012-07-17,emotion_anger,0.15936891757807806,1103
2012-07-17,emotion_fear,0.010810200691248717,1103
2012-07-17,emotion_joy,-0.12064548110544658,1103
2012-07-17,group_generalization_presence,0.06579414140982282,1103
2012-07-17,hate_speech_presence,0.027819833157462535,1103
2012-07-17,politeness,-0.16506518844442886,1103
2012-07-17,toxicity,0.2124791382413925,1103
2012-07-24,emotion_anger,-0.059509319051734975,858
2012-07-24,emotion_fear,-0.04569210476928736,858
2012-07-24,emotion_joy,0.020204884663523926,858
2012-07-24,group_generalization_presence,0.03813459304810848,858
2012-07-24,hate_speech_presence,0.025599290631183762,858
2012-07-24,politeness,0.034688584850793354,858
2012-07-24,toxicity,-0.02771375029981351,858
2012-07-31,emotion_anger,0.0021173606154193604,699
2012-07-31,emotion_fear,-0.061515921721467005,699
2012-07-31,emotion_joy,-0.003008886067393709,699
2012-07-31,group_generalization_presence,-0.13157228207755797,699
2012-07-31,hate_speech_presence,-0.06775399844480322,699
2012-07-31,politeness,-0.005371766292181809,699
2012-07-31,toxicity,-0.013813290302198968,699
2012-08-07,emotion_anger,0.0010950081274981151,829
2012-08-07,emotion_fear,-0.05965587723159817,829
2012-08-07,emotion_joy,-0.013838972112825615,829
2012-08-07,group_generalization_presence,-0.0908622532093777,829
2012-08-07,hate_speech_presence,-0.06400774198034093,829
2012-08-07,politeness,-0.03004023528028776,829
2012-08-07,toxicity,-0.0031488248411828974,829
2012-08-14,emotion_anger,0.055806875116910334,954
2012-08-14,emotion_fear,-0.033234705078443574,954
2012-08-14,emotion_joy,-0.08219553910944155,954
2012-08-14,group_generalization_presence,-0.07502614281512018,954
2012-08-14,hate_speech_presence,-0.050292017597853074,954
2012-08-14,politeness,-0.07551573150391931,954
2012-08-14,toxicity,0.05358942155964642,954
2012-08-21,emotion_anger,0.1378333974917405,851
2012-08-21,emotion_fear,-0.012945156895302576,851
2012-08-21,emotion_joy,-0.15467754400905495,851
2012-08-21,group_generalization_presence,-0.05238702744004139,851
2012-08-21,hate_speech_presence,-0.03132623537185722,851
2012-08-21,politeness,-0.11197372014993869,851
2012-08-21,toxicity,0.06046123854968741,851
2012-08-28,emotion_anger,-0.09824565138642266,802
2012-08-28,emotion_fear,-0.028454588651544214,802
2012-08-28,emotion_joy,0.0339149719205913,802
2012-08-28,group_generalization_presence,-0.08224343908011934,802
2012-08-28,hate_speech_presence,-0.05999739587855444,802
2012-08-28,politeness,0.07425651972354504,802
2012-08-28,toxicity,-0.11317312973467256,802
2012-09-04,emotion_anger,0.042749245214353526,856
2012-09-04,emotion_fear,-0.045045683316804835,856
2012-09-04,emotion_joy,-0.09682391148596281,856
2012-09-04,group_generalization_presence,-0.038205131737995404,856
2012-09-04,hate_speech_presence,-0.03160074678951635,856
2012-09-04,politeness,-0.11752745157143032,856
2012-09-04,toxicity,0.027587058106442262,856
2012-09-11,emotion_anger,-0.017155613905972443,998
2012-09-11,emotion_fear,-0.004625624505724211,998
2012-09-11,emotion_joy,-0.06267789041700235,998
2012-09-11,group_generalization_presence,0.04011750199527082,998
2012-09-11,hate_speech_presence,0.01821174931040996,998
2012-09-11,politeness,0.005032918812459465,998
2012-09-11,toxicity,-0.014342915105271747,998
2012-09-18,emotion_anger,0.1354392183356596,1099
2012-09-18,emotion_fear,0.025896311753220814,1099
2012-09-18,emotion_joy,-0.19702576800168992,1099
2012-09-18,group_generalization_presence,0.06800499681198684,1099
2012-09-18,hate_speech_presence,0.04626119585698367,1099
2012-09-18,politeness,-0.14557413368414845,1099
2012-09-18,toxicity,0.12144952100537015,1099
2012-09-25,emotion_anger,0.11558187583218262,1155
2012-09-25,emotion_fear,0.015815147239799127,1155
2012-09-25,emotion_joy,-0.1608391612103265,1155
2012-09-25,group_generalization_presence,-0.0367647544436321,1155
2012-09-25,hate_speech_presence,-0.04822428809710492,1155
2012-09-25,politeness,-0.11199918416102723,1155
2012-09-25,toxicity,0.0498063012098745,1155
2012-10-02,emotion_anger,0.06307260473203825,986
2012-10-02,emotion_fear,-0.015435139021111207,986
2012-10-02,emotion_joy,-0.07305379510829577,986
2012-10-02,group_generalization_presence,0.06401718804542901,986
2012-10-02,hate_speech_presence,-0.025687780515404775,986
2012-10-02,politeness,-0.05481726694620474,986
2012-10-02,toxicity,0.10082829069898136,986
2012-10-09,emotion_anger,-0.045042686632987314,974
2012-10-09,emotion_fear,-0.027707056528142746,974
2012-10-09,emotion_joy,0.04618569691527629,974
2012-10-09,group_generalization_presence,0.009644055282299356,974
2012-10-09,hate_speech_presence,0.00909176659912217,974
2012-10-09,politeness,0.04350499469260589,974
2012-10-09,toxicity,-0.03657654289444194,974
2012-10-16,emotion_anger,0.01073453869642447,1140
2012-10-16,emotion_fear,-0.03556397205006018,1140
2012-10-16,emotion_joy,-0.017294094557432235,1140
2012-10-16,group_generalization_presence,-0.04596622359912453,1140
2012-10-16,hate_speech_presence,-0.04797776082216456,1140
2012-10-16,politeness,0.059862811340260086,1140
2012-10-16,toxicity,-0.10279794517411024,1140
2012-10-23,emotion_anger,-0.03523559454422578,839
2012-10-23,emotion_fear,-0.03269474501612317,839
2012-10-23,emotion_joy,-0.0980613027883934,839
2012-10-23,group_generalization_presence,-0.05743700408553474,839
2012-10-23,hate_speech_presence,-0.03862216317579211,839
2012-10-23,politeness,0.041153778943482315,839
2012-10-23,toxicity,-0.12154428148512082,839
2012-10-30,emotion_anger,0.01950656839427354,808
2012-10-30,emotion_fear,-0.03180865150512951,808
2012-10-30,emotion_joy,-0.0334740149222139,808
2012-10-30,group_generalization_presence,-0.07584362048864621,808
2012-10-30,hate_speech_presence,-0.05386874131048455,808
2012-10-30,politeness,-0.026963171510528794,808
2012-10-30,toxicity,0.058078993443602345,808
2012-11-06,emotion_anger,-0.05051967134165072,980
2012-11-06,emotion_fear,-0.06898400228652635,980
2012-11-06,emotion_joy,-0.03937256640635293,980
2012-11-06,group_generalization_presence,-0.03587669794580415,980
2012-11-06,hate_speech_presence,-0.04323386028213998,980
2012-11-06,politeness,-0.026871312887945187,980
2012-11-06,toxicity,0.0324902259442431,980
2012-11-13,emotion_anger,0.13462967619758295,963
2012-11-13,emotion_fear,0.008247169064183497,963
2012-11-13,emotion_joy,-0.046808694821534866,963
2012-11-13,group_generalization_presence,0.08138434478260693,963
2012-11-13,hate_speech_presence,0.06390207906242894,963
2012-11-13,politeness,-0.1180349937958815,963
2012-11-13,toxicity,0.14864730431316425,963
2012-11-20,emotion_anger,0.004694670987603101,834
2012-11-20,emotion_fear,-0.03898447704542399,834
2012-11-20,emotion_joy,-0.005316495494118816,834
2012-11-20,group_generalization_presence,0.1330417687821331,834
2012-11-20,hate_speech_presence,0.1521359030770441,834
2012-11-20,politeness,0.0007917253053636112,834
2012-11-20,toxicity,0.06033885743037328,834
2012-11-27,emotion_anger,0.14239390020451867,1051
2012-11-27,emotion_fear,-0.06125133460504876,1051
2012-11-27,emotion_joy,-0.10600512811997238,1051
2012-11-27,group_generalization_presence,0.14860273775639649,1051
2012-11-27,hate_speech_presence,0.12741157277917753,1051
2012-11-27,politeness,-0.1618445244587344,1051
2012-11-27,toxicity,0.193412939735247,1051
2012-12-04,emotion_anger,0.07267274435774962,882
2012-12-04,emotion_fear,0.008707060143041475,882
2012-12-04,emotion_joy,-0.11697138990570315,882
2012-12-04,group_generalization_presence,0.02436982965592897,882
2012-12-04,hate_speech_presence,-0.032595955233609086,882
2012-12-04,politeness,-0.052712044005355396,882
2012-12-04,toxicity,0.056007396645303034,882
2012-12-11,emotion_anger,0.08048415558657385,897
2012-12-11,emotion_fear,-0.01018914526696846,897
2012-12-11,emotion_joy,-0.037090545901524934,897
2012-12-11,group_generalization_presence,0.05010272587935449,897
2012-12-11,hate_speech_presence,-0.016397922429636412,897
2012-12-11,politeness,-0.0720985673487973,897
2012-12-11,toxicity,0.06700725056055634,897
2012-12-18,emotion_anger,-0.06089090085318983,696
2012-12-18,emotion_fear,-0.032567289398299615,696
2012-12-18,emotion_joy,0.13836501958386913,696
2012-12-18,group_generalization_presence,-0.11339705643023998,696
2012-12-18,hate_speech_presence,-0.04384561802581426,696
2012-12-18,politeness,0.09288587228592243,696
2012-12-18,toxicity,-0.10492170933284381,696
2012-12-25,emotion_anger,-0.06477164723603723,619
2012-12-25,emotion_fear,0.005691946329695324,619
2012-12-25,emotion_joy,0.16310220174114146,619
2012-12-25,group_generalization_presence,-0.028154104304090214,619
2012-12-25,hate_speech_presence,-0.018522053162555945,619
2012-12-25,politeness,0.149337313258616,619
2012-12-25,toxicity,-0.07411067799903984,619
2013-01-01,emotion_anger,0.19484136848373515,1042
2013-01-01,emotion_fear,0.0025499446142251123,1042
2013-01-01,emotion_joy,-0.09856965166421679,1042
2013-01-01,group_generalization_presence,0.058671098031528555,1042
2013-01-01,hate_speech_presence,-0.04793599763567553,1042
2013-01-01,politeness,-0.12479673051751472,1042
2013-01-01,toxicity,0.21573879965478507,1042
2013-01-08,emotion_anger,-0.012694292358644565,784
2013-01-08,emotion_fear,-0.008882554406215801,784
2013-01-08,emotion_joy,-0.11960008822803783,784
2013-01-08,group_generalization_presence,-0.050120998748406996,784
2013-01-08,hate_speech_presence,-0.020651825832054046,784
2013-01-08,politeness,0.003103003347219311,784
2013-01-08,toxicity,-0.04264089531964947,784
2013-01-15,emotion_anger,0.08454550585600241,853
2013-01-15,emotion_fear,0.01631533562938947,853
2013-01-15,emotion_joy,-0.16413686434971114,853
2013-01-15,group_generalization_presence,-0.04256439169406947,853
2013-01-15,hate_speech_presence,-0.018347337189562146,853
2013-01-15,politeness,-0.12789209215717795,853
2013-01-15,toxicity,0.018966590678977036,853
2013-01-22,emotion_anger,0.01730556753129684,1198
2013-01-22,emotion_fear,-0.07311291070909649,1198
2013-01-22,emotion_joy,-0.01645135182021352,1198
2013-01-22,group_generalization_presence,-0.06843071093578906,1198
2013-01-22,hate_speech_presence,-0.06494777133188485,1198
2013-01-22,politeness,-0.04668391022626392,1198
2013-01-22,toxicity,-0.011030244420398959,1198
2013-01-29,emotion_anger,-0.11205240411000592,1052
2013-01-29,emotion_fear,-0.082151448394086,1052
2013-01-29,emotion_joy,0.10881062704368856,1052
2013-01-29,group_generalization_presence,-0.10753800843659118,1052
2013-01-29,hate_speech_presence,-0.07634231340161347,1052
2013-01-29,politeness,0.10421668934571014,1052
2013-01-29,toxicity,-0.1006159408819882,1052
2013-02-05,emotion_anger,0.031579864204775286,911
2013-02-05,emotion_fear,-0.009739910107672124,911
2013-02-05,emotion_joy,-0.15399852506938225,911
2013-02-05,group_generalization_presence,-0.08032068799889652,911
2013-02-05,hate_speech_presence,-0.04524112625027626,911
2013-02-05,politeness,-0.05381765560748966,911
2013-02-05,toxicity,-0.026059128874013997,911
2013-02-12,emotion_anger,0.05438583996346201,924
2013-02-12,emotion_fear,-0.06740842940513209,924
2013-02-12,emotion_joy,-0.08673242286413402,924
2013-02-12,group_generalization_presence,-0.08793244114113963,924
2013-02-12,hate_speech_presence,-0.05555614373302385,924
2013-02-12,politeness,-0.08870975641222656,924
2013-02-12,toxicity,0.016848556096164414,924
2013-02-19,emotion_anger,-0.01843735679986524,935
2013-02-19,emotion_fear,-0.05614680579191032,935
2013-02-19,emotion_joy,-0.05750877049777112,935
2013-02-19,group_generalization_presence,-0.09001049599407832,935
2013-02-19,hate_speech_presence,-0.05818764030507261,935
2013-02-19,politeness,-7.309307808771046e-05,935
2013-02-19,toxicity,-0.056105824641158965,935
2013-02-26,emotion_anger,0.0336268143942053,773
2013-02-26,emotion_fear,-0.01394165433011053,773
2013-02-26,emotion_joy,-0.059225624270049654,773
2013-02-26,group_generalization_presence,0.0069606356700419,773
2013-02-26,hate_speech_presence,-0.04560933179003808,773
2013-02-26,politeness,0.014322707221557755,773
2013-02-26,toxicity,-0.02724990977744501,773
2013-03-05,emotion_anger,-0.03105166824706367,781
2013-03-05,emotion_fear,-0.05549629235703464,781
2013-03-05,emotion_joy,0.023574125727698212,781
2013-03-05,group_generalization_presence,-0.07421856795638605,781
2013-03-05,hate_speech_presence,-0.05039704988577796,781
2013-03-05,politeness,0.03481673090198041,781
2013-03-05,toxicity,-0.10069060686991595,781
2013-03-12,emotion_anger,-0.004376174610589278,797
2013-03-12,emotion_fear,-0.037902403237906,797
2013-03-12,emotion_joy,-0.03765267939645767,797
2013-03-12,group_generalization_presence,-0.012796686066423866,797
2013-03-12,hate_speech_presence,-0.028847027876194274,797
2013-03-12,politeness,0.04383407360654755,797
2013-03-12,toxicity,-0.09101743026107063,797
2013-03-19,emotion_anger,0.002787979530446967,943
2013-03-19,emotion_fear,-0.015946621723890265,943
2013-03-19,emotion_joy,-0.07359442576976574,943
2013-03-19,group_generalization_presence,-0.10332399533380034,943
2013-03-19,hate_speech_presence,-0.05560294027102458,943
2013-03-19,politeness,-0.0330240100932814,943
2013-03-19,toxicity,-0.06316983847731705,943
2013-03-26,emotion_anger,0.04846074908870438,846
2013-03-26,emotion_fear,0.009692474027882548,846
2013-03-26,emotion_joy,-0.10803898121704163,846
2013-03-26,group_generalization_presence,-0.05171317742696477,846
2013-03-26,hate_speech_presence,-0.028719444251158306,846
2013-03-26,politeness,-0.04418593164304836,846
2013-03-26,toxicity,0.01664580725076913,846
2013-04-02,emotion_anger,-0.02473324425097837,786
2013-04-02,emotion_fear,-0.013959232434956831,786
2013-04-02,emotion_joy,-0.06362982412336576,786
2013-04-02,group_generalization_presence,-0.035288345790921556,786
2013-04-02,hate_speech_presence,-0.005225644237555575,786
2013-04-02,politeness,-0.013400054470676229,786
2013-04-02,toxicity,-0.10457055033405416,786
2013-04-09,emotion_anger,-0.02562771199089443,1041
2013-04-09,emotion_fear,-0.038500983485855046,1041
2013-04-09,emotion_joy,-0.09289692946853859,1041
2013-04-09,group_generalization_presence,-0.04248480398858375,1041
2013-04-09,hate_speech_presence,-0.07388440315210923,1041
2013-04-09,politeness,-0.00810053309320645,1041
2013-04-09,toxicity,-0.08470689540736612,1041
2013-04-16,emotion_anger,-0.04180739363505385,824
2013-04-16,emotion_fear,-0.03213354564658311,824
2013-04-16,emotion_joy,-0.058655073718380114,824
2013-04-16,group_generalization_presence,-0.03658863362778373,824
2013-04-16,hate_speech_presence,-0.06198722702981585,824
2013-04-16,politeness,-0.025248081743061188,824
2013-04-16,toxicity,-0.07614701949757055,824
2013-04-23,emotion_anger,-0.1384058145547853,854
2013-04-23,emotion_fear,-0.0718969871767163,854
2013-04-23,emotion_joy,0.12247727101283301,854
2013-04-23,group_generalization_presence,-0.07846030073722748,854
2013-04-23,hate_speech_presence,-0.05971917182979731,854
2013-04-23,politeness,0.08688154785349732,854
2013-04-23,toxicity,-0.15386746541691407,854
2013-04-30,emotion_anger,-0.001128487722648238,743
2013-04-30,emotion_fear,-0.07542909263397504,743
2013-04-30,emotion_joy,-0.0378760167173584,743
2013-04-30,group_generalization_presence,-0.026906252564556574,743
2013-04-30,hate_speech_presence,-0.05235746281959713,743
2013-04-30,politeness,-0.08773316724238112,743
2013-04-30,toxicity,-0.07400631535452981,743
2013-05-07,emotion_anger,0.007492062506970809,651
2013-05-07,emotion_fear,-0.023487058214789285,651
2013-05-07,emotion_joy,-0.028842020883497178,651
2013-05-07,group_generalization_presence,-0.08934763472276885,651
2013-05-07,hate_speech_presence,-0.05742547915747841,651
2013-05-07,politeness,-0.018024218229933442,651
2013-05-07,toxicity,-0.010649168877452828,651
2013-05-14,emotion_anger,0.01789666867385326,551
2013-05-14,emotion_fear,-0.03054235739918463,551
2013-05-14,emotion_joy,-0.027522530358250977,551
2013-05-14,group_generalization_presence,0.018894962293782278,551
2013-05-14,hate_speech_presence,-0.03954761620139779,551
2013-05-14,politeness,-0.016504085378978278,551
2013-05-14,toxicity,-0.014621182336160323,551
2013-05-21,emotion_anger,-0.14640867294781443,601
2013-05-21,emotion_fear,-0.017321248992456014,601
2013-05-21,emotion_joy,-0.014133190901991687,601
2013-05-21,group_generalization_presence,-0.016155812607685775,601
2013-05-21,hate_speech_presence,0.0155855644611715,601
2013-05-21,politeness,0.04636439197094567,601
2013-05-21,toxicity,-0.09455994003131861,601
2013-05-28,emotion_anger,-0.08119047885204007,772
2013-05-28,emotion_fear,-0.06172338310312248,772
2013-05-28,emotion_joy,0.08679300533746839,772
2013-05-28,group_generalization_presence,-0.08532184726651539,772
2013-05-28,hate_speech_presence,-0.07918349393491263,772
2013-05-28,politeness,0.04896268217780071,772
2013-05-28,toxicity,-0.09870559629406114,772
2013-06-04,emotion_anger,-0.06602788702615693,466
2013-06-04,emotion_fear,-0.026117882835261886,466
2013-06-04,emotion_joy,0.07010227133759118,466
2013-06-04,group_generalization_presence,-0.10869977529583691,466
2013-06-04,hate_speech_presence,-0.06851515289660065,466
2013-06-04,politeness,0.06144645853202817,466
2013-06-04,toxicity,-0.08827637125423886,466
2013-06-11,emotion_anger,-0.07863256112510457,616
2013-06-11,emotion_fear,-0.0408189874869964,616
2013-06-11,emotion_joy,0.09181792613516307,616
2013-06-11,group_generalization_presence,-0.08432289902212074,616
2013-06-11,hate_speech_presence,-0.052317415031766956,616
2013-06-11,politeness,0.078655418395431,616
2013-06-11,toxicity,-0.0878560078462302,616
2013-06-18,emotion_anger,-0.10737232214888612,691
2013-06-18,emotion_fear,-0.006825361603707496,691
2013-06-18,emotion_joy,-0.00036139529920769386,691
2013-06-18,group_generalization_presence,-0.08448236536700802,691
2013-06-18,hate_speech_presence,-0.06233216082901338,691
2013-06-18,politeness,0.03611953678098759,691
2013-06-18,toxicity,-0.07247040487536864,691
2013-06-25,emotion_anger,-0.11060003476058598,596
2013-06-25,emotion_fear,-0.06466134012516153,596
2013-06-25,emotion_joy,-0.017335573242870203,596
2013-06-25,group_generalization_presence,-0.14001860681701447,596
2013-06-25,hate_speech_presence,-0.06099445456807124,596
2013-06-25,politeness,0.015411143678536736,596
2013-06-25,toxicity,-0.1261469934493775,596
2013-07-02,emotion_anger,-0.06935218154017088,612
2013-07-02,emotion_fear,-0.05373764975157293,612
2013-07-02,emotion_joy,-0.020343864901986895,612
2013-07-02,group_generalization_presence,-0.05817141809061999,612
2013-07-02,hate_speech_presence,-0.06167979854178603,612
2013-07-02,politeness,0.08178691737155605,612
2013-07-02,toxicity,-0.0734285742617359,612
2013-07-09,emotion_anger,0.09765850313078493,739
2013-07-09,emotion_fear,-0.0031454002649101585,739
2013-07-09,emotion_joy,-0.10484352622494794,739
2013-07-09,group_generalization_presence,-0.054009344089066075,739
2013-07-09,hate_speech_presence,0.00402591855293655,739
2013-07-09,politeness,-0.12315717724331873,739
2013-07-09,toxicity,0.09973222237232619,739
2013-07-16,emotion_anger,0.10284867560662803,696
2013-07-16,emotion_fear,0.039601307700861,696
2013-07-16,emotion_joy,-0.06373769919300973,696
2013-07-16,group_generalization_presence,0.18208613115738764,696
2013-07-16,hate_speech_presence,0.19920828911236604,696
2013-07-16,politeness,-0.05635308137150946,696
2013-07-16,toxicity,0.10837789711836442,696
2013-07-23,emotion_anger,-0.037340658116108594,572
2013-07-23,emotion_fear,-0.009616371003962891,572
2013-07-23,emotion_joy,-0.052938961885812555,572
2013-07-23,group_generalization_presence,-0.0181792109818916,572
2013-07-23,hate_speech_presence,0.049556525806878,572
2013-07-23,politeness,0.0534760022865927,572
2013-07-23,toxicity,-0.11088482911308664,572
2013-07-30,emotion_anger,-0.1471513770810459,653
2013-07-30,emotion_fear,-0.0294439208976252,653
2013-07-30,emotion_joy,0.12568209319212903,653
2013-07-30,group_generalization_presence,-0.03581360016756794,653
2013-07-30,hate_speech_presence,-0.03745717830194964,653
2013-07-30,politeness,0.09619741892364485,653
2013-07-30,toxicity,-0.07179745352687268,653
2013-08-06,emotion_anger,-0.011753755183484005,630
2013-08-06,emotion_fear,-0.016619484859172303,630
2013-08-06,emotion_joy,0.044240010159926055,630
2013-08-06,group_generalization_presence,0.06681057391446307,630
2013-08-06,hate_speech_presence,0.12927249648417657,630
2013-08-06,politeness,-0.05439951796545982,630
2013-08-06,toxicity,0.06258629312119345,630
2013-08-13,emotion_anger,0.006685816984484237,714
2013-08-13,emotion_fear,-0.006259228805659249,714
2013-08-13,emotion_joy,-0.03130505077365696,714
2013-08-13,group_generalization_presence,0.005033792651738115,714
2013-08-13,hate_speech_presence,0.03139632546658743,714
2013-08-13,politeness,0.05356438968725825,714
2013-08-13,toxicity,0.0013115371486270946,714
2013-08-20,emotion_anger,0.0061770826419971295,599
2013-08-20,emotion_fear,-0.006050982922101778,599
2013-08-20,emotion_joy,-0.07147501546505704,599
2013-08-20,group_generalization_presence,0.054325108853966006,599
2013-08-20,hate_speech_presence,0.06424996629396577,599
2013-08-20,politeness,-0.009932694989790151,599
2013-08-20,toxicity,-0.02209408722239792,599
2013-08-27,emotion_anger,0.010101722254455372,795
2013-08-27,emotion_fear,0.0008266853272125869,795
2013-08-27,emotion_joy,-0.13779066233038562,795
2013-08-27,group_generalization_presence,0.0046637096350549065,795
2013-08-27,hate_speech_presence,-0.06132807499384113,795
2013-08-27,politeness,-0.03951228344636088,795
2013-08-27,toxicity,0.02006380962724019,795
2013-09-03,emotion_anger,0.03880354851943751,565
2013-09-03,emotion_fear,-0.06784877599217919,565
2013-09-03,emotion_joy,-0.062210983329353695,565
2013-09-03,group_generalization_presence,-0.03050004706012324,565
2013-09-03,hate_speech_presence,-0.05826092157662287,565
2013-09-03,politeness,-0.07569503446212437,565
2013-09-03,toxicity,0.08141971191295999,565
2013-09-10,emotion_anger,0.19134772353727061,703
2013-09-10,emotion_fear,-0.006409633230935998,703
2013-09-10,emotion_joy,-0.058261015146298556,703
2013-09-10,group_generalization_presence,0.001764275531071907,703
2013-09-10,hate_speech_presence,-0.07521224286455917,703
2013-09-10,politeness,-0.1369487432831339,703
2013-09-10,toxicity,0.21278192599161014,703
2013-09-17,emotion_anger,0.027537060012307064,557
2013-09-17,emotion_fear,-0.012446652919187997,557
2013-09-17,emotion_joy,-0.045490647609864376,557
2013-09-17,group_generalization_presence,0.05003854929609019,557
2013-09-17,hate_speech_presence,0.08927307836478637,557
2013-09-17,politeness,-0.025409936160480193,557
2013-09-17,toxicity,0.035441674963902985,557
2013-09-24,emotion_anger,0.11166904795565703,711
2013-09-24,emotion_fear,0.011440682924870358,711
2013-09-24,emotion_joy,-0.054203137226569865,711
2013-09-24,group_generalization_presence,0.015309508285171568,711
2013-09-24,hate_speech_presence,0.03102816461698527,711
2013-09-24,politeness,-0.11758018556966704,711
2013-09-24,toxicity,0.10676011904539354,711
2013-10-01,emotion_anger,-0.04292300466569412,700
2013-10-01,emotion_fear,-0.0232955008088532,700
2013-10-01,emotion_joy,-0.0423214617234622,700
2013-10-01,group_generalization_presence,0.0221416956544948,700
2013-10-01,hate_speech_presence,0.013464235837939048,700
2013-10-01,politeness,0.017241622069678993,700
2013-10-01,toxicity,0.008842451049307856,700
2013-10-08,emotion_anger,-0.21844540865817008,619
2013-10-08,emotion_fear,-0.069147162598369,619
2013-10-08,emotion_joy,0.12612313201384517,619
2013-10-08,group_generalization_presence,-0.08740722650351876,619
2013-10-08,hate_speech_presence,-0.05915364259837006,619
2013-10-08,politeness,0.16047787577397352,619
2013-10-08,toxicity,-0.23146563171300347,619
2013-10-15,emotion_anger,0.04718293429069243,633
2013-10-15,emotion_fear,0.02258879313755481,633
2013-10-15,emotion_joy,-0.16868568964599204,633
2013-10-15,group_generalization_presence,0.0071554495935608345,633
2013-10-15,hate_speech_presence,-0.016440364333764793,633
2013-10-15,politeness,0.024233125862011595,633
2013-10-15,toxicity,-0.09295508552006311,633
2013-10-22,emotion_anger,0.19349409789172817,745
2013-10-22,emotion_fear,0.02454228111956351,745
2013-10-22,emotion_joy,-0.1439195629982886,745
2013-10-22,group_generalization_presence,0.06497601616910118,745
2013-10-22,hate_speech_presence,0.032856546082190276,745
2013-10-22,politeness,-0.09735466734406109,745
2013-10-22,toxicity,0.12828213461257332,745
2013-10-29,emotion_anger,-0.060705673714166596,630
2013-10-29,emotion_fear,-0.040390327715070215,630
2013-10-29,emotion_joy,0.0664539004508207,630
2013-10-29,group_generalization_presence,-0.017490463281013342,630
2013-10-29,hate_speech_presence,-0.008218034714036088,630
2013-10-29,politeness,0.02049794210528891,630
2013-10-29,toxicity,-0.03396676948950347,630
2013-11-05,emotion_anger,-0.015174008036422187,582
2013-11-05,emotion_fear,-0.02447418171606592,582
2013-11-05,emotion_joy,0.03411992525955144,582
2013-11-05,group_generalization_presence,-0.006908070743584024,582
2013-11-05,hate_speech_presence,-0.018094678559000498,582
2013-11-05,politeness,-0.04579200400797448,582
2013-11-05,toxicity,0.013158707157548171,582
2013-11-12,emotion_anger,0.11814187311545062,844
2013-11-12,emotion_fear,-0.029562366379787937,844
2013-11-12,emotion_joy,-0.029938026790807173,844
2013-11-12,group_generalization_presence,0.06305896328699019,844
2013-11-12,hate_speech_presence,0.005813898373884659,844
2013-11-12,politeness,-0.04825889473149284,844
2013-11-12,toxicity,0.04019243583662609,844
2013-11-19,emotion_anger,0.0797790898388725,664
2013-11-19,emotion_fear,-0.04059296406104878,664
2013-11-19,emotion_joy,-0.015190430338034503,664
2013-11-19,group_generalization_presence,0.0073011347712655895,664
2013-11-19,hate_speech_presence,-0.003644270312947188,664
2013-11-19,politeness,-0.04485810351306,664
2013-11-19,toxicity,0.05222639780009286,664
2013-11-26,emotion_anger,0.12417426728060126,793
2013-11-26,emotion_fear,-0.06826710249571208,793
2013-11-26,emotion_joy,-0.06418032943051084,793
2013-11-26,group_generalization_presence,-0.04118353356625692,793
2013-11-26,hate_speech_presence,-0.059124557097389244,793
2013-11-26,politeness,-0.1091990221035784,793
2013-11-26,toxicity,0.08676096873686538,793
2013-12-03,emotion_anger,-0.1485496461394221,604
2013-12-03,emotion_fear,-0.042027841984441955,604
2013-12-03,emotion_joy,0.05987777021375336,604
2013-12-03,group_generalization_presence,-0.1161991543631381,604
2013-12-03,hate_speech_presence,-0.024759773038824706,604
2013-12-03,politeness,0.09385611096797333,604
2013-12-03,toxicity,-0.08132230295492136,604
2013-12-10,emotion_anger,-0.003995560828992481,673
2013-12-10,emotion_fear,-0.031779171052064396,673
2013-12-10,emotion_joy,-0.034645999679056905,673
2013-12-10,group_generalization_presence,0.034082529949733584,673
2013-12-10,hate_speech_presence,0.05315619767174069,673
2013-12-10,politeness,-0.008359526733564783,673
2013-12-10,toxicity,-0.02661048052422307,673
2013-12-17,emotion_anger,0.015651211513278585,529
2013-12-17,emotion_fear,-0.04341438425731129,529
2013-12-17,emotion_joy,0.05162416711121935,529
2013-12-17,group_generalization_presence,-0.02910495639498056,529
2013-12-17,hate_speech_presence,-0.04664654851114088,529
2013-12-17,politeness,0.0468189908009579,529
2013-12-17,toxicity,-0.033403254023669504,529
2013-12-24,emotion_anger,-0.10713930300307306,529
2013-12-24,emotion_fear,-0.06144318339126181,529
2013-12-24,emotion_joy,0.10311258850396414,529
2013-12-24,group_generalization_presence,-0.03637725935448189,529
2013-12-24,hate_speech_presence,-0.03232168204031636,529
2013-12-24,politeness,0.12023329777117477,529
2013-12-24,toxicity,-0.11071397449751046,529
2013-12-31,emotion_anger,-0.08972178608361363,761
2013-12-31,emotion_fear,-0.09004464975648832,761
2013-12-31,emotion_joy,0.12029099464125008,761
2013-12-31,group_generalization_presence,-0.11557024330824495,761
2013-12-31,hate_speech_presence,-0.0618554360762066,761
2013-12-31,politeness,0.04872191925082931,761
2013-12-31,toxicity,-0.034966547938947753,761
2014-01-07,emotion_anger,-0.060460340969658126,611
2014-01-07,emotion_fear,-0.008751985907488094,611
2014-01-07,emotion_joy,0.007890299443429987,611
2014-01-07,group_generalization_presence,-0.021464236139237158,611
2014-01-07,hate_speech_presence,-0.05042189401099227,611
2014-01-07,politeness,0.08203626549538133,611
2014-01-07,toxicity,-0.08529638695785749,611
2014-01-14,emotion_anger,0.16706880171943042,604
2014-01-14,emotion_fear,-0.05560185381886615,604
2014-01-14,emotion_joy,-0.14623903378082045,604
2014-01-14,group_generalization_presence,-0.06463721562061302,604
2014-01-14,hate_speech_presence,-0.026189106372366072,604
2014-01-14,politeness,-0.14982644901264922,604
2014-01-14,toxicity,0.14120875402131966,604
2014-01-21,emotion_anger,0.08835613052340076,779
2014-01-21,emotion_fear,0.0025955817922878274,779
2014-01-21,emotion_joy,-0.09449877289484174,779
2014-01-21,group_generalization_presence,0.04811164552729725,779
2014-01-21,hate_speech_presence,0.0271929167562474,779
2014-01-21,politeness,-0.14292817699716037,779
2014-01-21,toxicity,0.18526048655019245,779
2014-01-28,emotion_anger,-0.04810705232641436,601
2014-01-28,emotion_fear,-0.03707897814782802,601
2014-01-28,emotion_joy,-0.0568271254267303,601
2014-01-28,group_generalization_presence,0.022013857922975416,601
2014-01-28,hate_speech_presence,-0.010041599316729719,601
2014-01-28,politeness,-0.007273119507579454,601
2014-01-28,toxicity,-0.014837084508153018,601
2014-02-04,emotion_anger,0.07198620208736958,518
2014-02-04,emotion_fear,0.0011946488210522995,518
2014-02-04,emotion_joy,-0.04180262246151047,518
2014-02-04,group_generalization_presence,0.030816268626382495,518
2014-02-04,hate_speech_presence,-0.020176603392840144,518
2014-02-04,politeness,-0.0032483249406242915,518
2014-02-04,toxicity,0.024792395908233393,518
2014-02-11,emotion_anger,0.018437195657607222,624
2014-02-11,emotion_fear,-0.07619743668122339,624
2014-02-11,emotion_joy,-0.0867582241522269,624
2014-02-11,group_generalization_presence,-0.07718354210717689,624
2014-02-11,hate_speech_presence,-0.051019446874243514,624
2014-02-11,politeness,-0.001119234372602001,624
2014-02-11,toxicity,-0.0792960831496415,624
2014-02-18,emotion_anger,0.04683645254605011,851
2014-02-18,emotion_fear,-0.08405761009574365,851
2014-02-18,emotion_joy,-0.0955649516535891,851
2014-02-18,group_generalization_presence,-0.06979321554994035,851
2014-02-18,hate_speech_presence,-0.0759209570437612,851
2014-02-18,politeness,0.028969376346018073,851
2014-02-18,toxicity,-0.1421779030740053,851
2014-02-25,emotion_anger,0.07208984857748206,842
2014-02-25,emotion_fear,-0.032887209249082276,842
2014-02-25,emotion_joy,-0.13501391701975013,842
2014-02-25,group_generalization_presence,-0.06405771595855775,842
2014-02-25,hate_speech_presence,-0.059459490919307884,842
2014-02-25,politeness,-0.07119506909519276,842
2014-02-25,toxicity,-0.0157088362213024,842
2014-03-04,emotion_anger,-0.1276592401070607,773
2014-03-04,emotion_fear,-0.06639741067546923,773
2014-03-04,emotion_joy,-0.027589115371898613,773
2014-03-04,group_generalization_presence,-0.11076835475534576,773
2014-03-04,hate_speech_presence,-0.06489491885953623,773
2014-03-04,politeness,0.07623684699805619,773
2014-03-04,toxicity,-0.153177220852515,773
2014-03-11,emotion_anger,0.05569234085012076,769
2014-03-11,emotion_fear,0.004973578204295346,769
2014-03-11,emotion_joy,-0.19396715909300175,769
2014-03-11,group_generalization_presence,-0.017744443006774777,769
2014-03-11,hate_speech_presence,-0.05870682517074204,769
2014-03-11,politeness,-0.02106110176824766,769
2014-03-11,toxicity,-0.04302970549139401,769
2014-03-18,emotion_anger,0.07462649876836691,751
2014-03-18,emotion_fear,-0.02339095383287397,751
2014-03-18,emotion_joy,-0.14954257602488683,751
2014-03-18,group_generalization_presence,-0.06470961803347289,751
2014-03-18,hate_speech_presence,-0.05568434250161616,751
2014-03-18,politeness,-0.08687351284545719,751
2014-03-18,toxicity,0.05939481957725986,751
2014-03-25,emotion_anger,-0.037870562135702064,642
2014-03-25,emotion_fear,-0.0384081804181818,642
2014-03-25,emotion_joy,-0.08455741384602754,642
2014-03-25,group_generalization_presence,-0.10116420268563209,642
2014-03-25,hate_speech_presence,-0.0671352829522695,642
2014-03-25,politeness,0.00990555367000181,642
2014-03-25,toxicity,-0.019396191061027468,642
2014-04-01,emotion_anger,-0.06991420130883556,710
2014-04-01,emotion_fear,-0.013392038950662216,710
2014-04-01,emotion_joy,0.022735851481527982,710
2014-04-01,group_generalization_presence,-0.011672384369195304,710
2014-04-01,hate_speech_presence,-0.030875986562312423,710
2014-04-01,politeness,-0.0330708820044701,710
2014-04-01,toxicity,-0.014080055730611135,710
2014-04-08,emotion_anger,0.0003664008019304306,810
2014-04-08,emotion_fear,-0.027573859312881664,810
2014-04-08,emotion_joy,-0.12588104678782044,810
2014-04-08,group_generalization_presence,-0.06608768558208333,810
2014-04-08,hate_speech_presence,-0.04595985537957026,810
2014-04-08,politeness,0.014988763274542887,810
2014-04-08,toxicity,-0.08216860708980894,810
2014-04-15,emotion_anger,0.14340210919776644,584
2014-04-15,emotion_fear,0.009138899759257562,584
2014-04-15,emotion_joy,-0.13662952781378387,584
2014-04-15,group_generalization_presence,0.07260480551794404,584
2014-04-15,hate_speech_presence,-0.01972842433642158,584
2014-04-15,politeness,-0.11477085865460282,584
2014-04-15,toxicity,0.12050498659495959,584
2014-04-22,emotion_anger,-0.1608322152491753,539
2014-04-22,emotion_fear,-0.02360344082088552,539
2014-04-22,emotion_joy,-0.035339075137068444,539
2014-04-22,group_generalization_presence,-0.1054295594519084,539
2014-04-22,hate_speech_presence,-0.06777327305018022,539
2014-04-22,politeness,0.13559249579146535,539
2014-04-22,toxicity,-0.17325475546284536,539
2014-04-29,emotion_anger,0.04573527648345644,486
2014-04-29,emotion_fear,0.0018240299272975012,486
2014-04-29,emotion_joy,-0.05277965317210188,486
2014-04-29,group_generalization_presence,-0.039915043780390146,486
2014-04-29,hate_speech_presence,-0.05652036627931423,486
2014-04-29,politeness,-0.07918059976827425,486
2014-04-29,toxicity,0.04400188909668675,486
2014-05-06,emotion_anger,0.23699096664864228,590
2014-05-06,emotion_fear,0.00014264559166522265,590
2014-05-06,emotion_joy,-0.1371053073066262,590
2014-05-06,group_generalization_presence,-0.04391892028690626,590
2014-05-06,hate_speech_presence,-0.040144483825969045,590
2014-05-06,politeness,-0.16060759490492169,590
2014-05-06,toxicity,0.17543081440800098,590
2014-05-13,emotion_anger,0.1734094798983537,446
2014-05-13,emotion_fear,-0.03019851786266943,446
2014-05-13,emotion_joy,-0.16391270222028334,446
2014-05-13,group_generalization_presence,-0.03538638545630567,446
2014-05-13,hate_speech_presence,-0.0637151747693467,446
2014-05-13,politeness,-0.12621233589490552,446
2014-05-13,toxicity,0.04494686086239458,446
2014-05-20,emotion_anger,0.21799040661705066,699
2014-05-20,emotion_fear,0.09295474502703602,699
2014-05-20,emotion_joy,-0.16610863011810245,699
2014-05-20,group_generalization_presence,0.2844321061235901,699
2014-05-20,hate_speech_presence,0.2903265558203606,699
2014-05-20,politeness,-0.20223769448314835,699
2014-05-20,toxicity,0.250580291343258,699
2014-05-27,emotion_anger,0.1730075674051511,702
2014-05-27,emotion_fear,0.05978199098541867,702
2014-05-27,emotion_joy,-0.12135538757331762,702
2014-05-27,group_generalization_presence,0.3221747797357968,702
2014-05-27,hate_speech_presence,0.32356654389590017,702
2014-05-27,politeness,-0.1820580197719342,702
2014-05-27,toxicity,0.28873294886709727,702
2014-06-03,emotion_anger,0.26872930679167617,586
2014-06-03,emotion_fear,0.15161366779810517,586
2014-06-03,emotion_joy,-0.1791979428391983,586
2014-06-03,group_generalization_presence,0.474134510268622,586
2014-06-03,hate_speech_presence,0.37996391026547227,586
2014-06-03,politeness,-0.18048918463676833,586
2014-06-03,toxicity,0.3250730420843844,586
2014-06-10,emotion_anger,-0.06115465992606084,415
2014-06-10,emotion_fear,0.009750767802720705,415
2014-06-10,emotion_joy,0.060773465393595155,415
2014-06-10,group_generalization_presence,0.12481042035391027,415
2014-06-10,hate_speech_presence,0.0874898986736816,415
2014-06-10,politeness,0.05120158961372845,415
2014-06-10,toxicity,-0.013978259613515436,415
2014-06-17,emotion_anger,0.14900319668365755,695
2014-06-17,emotion_fear,0.09189006692890679,695
2014-06-17,emotion_joy,-0.030936592569499162,695
2014-06-17,group_generalization_presence,0.3729130360930407,695
2014-06-17,hate_speech_presence,0.26116937752459357,695
2014-06-17,politeness,-0.10221164129418389,695
2014-06-17,toxicity,0.24344935211862598,695
2014-06-24,emotion_anger,-0.0693649713158067,612
2014-06-24,emotion_fear,0.06820136595684641,612
2014-06-24,emotion_joy,0.035314956630835594,612
2014-06-24,group_generalization_presence,0.07345251871105322,612
2014-06-24,hate_speech_presence,0.0675506532758683,612
2014-06-24,politeness,0.06637936831997411,612
2014-06-24,toxicity,-0.02063104664792406,612
2014-07-01,emotion_anger,0.05348356996276309,692
2014-07-01,emotion_fear,-0.020758544036861573,692
2014-07-01,emotion_joy,-0.05241914250118951,692
2014-07-01,group_generalization_presence,0.09854397244959576,692
2014-07-01,hate_speech_presence,0.10535143846552064,692
2014-07-01,politeness,-0.027298219552483086,692
2014-07-01,toxicity,0.08297471845808639,692
2014-07-08,emotion_anger,0.004159629108559718,599
2014-07-08,emotion_fear,-0.03442893846011422,599
2014-07-08,emotion_joy,-0.0534466728558334,599
2014-07-08,group_generalization_presence,0.044027543765144374,599
2014-07-08,hate_speech_presence,0.043899570103447944,599
2014-07-08,politeness,-0.022314604706120355,599
2014-07-08,toxicity,0.0398052995432635,599
2014-07-15,emotion_anger,0.12336934677723767,652
2014-07-15,emotion_fear,0.08307003388603777,652
2014-07-15,emotion_joy,-0.1508570872224166,652
2014-07-15,group_generalization_presence,0.33511868836022685,652
2014-07-15,hate_speech_presence,0.3912060086501592,652
2014-07-15,politeness,-0.1160359572432715,652
2014-07-15,toxicity,0.196922599427975,652
2014-07-22,emotion_anger,0.10114464239512631,628
2014-07-22,emotion_fear,0.034172250951827327,628
2014-07-22,emotion_joy,-0.14015980202042042,628
2014-07-22,group_generalization_presence,0.20781025661507138,628
2014-07-22,hate_speech_presence,0.12510820385746457,628
2014-07-22,politeness,-0.048244788593175054,628
2014-07-22,toxicity,0.11422482866130143,628
2014-07-29,emotion_anger,0.19834722515980788,863
2014-07-29,emotion_fear,0.00682891814356029,863
2014-07-29,emotion_joy,-0.14214008253582547,863
2014-07-29,group_generalization_presence,0.17787379378311527,863
2014-07-29,hate_speech_presence,0.11421950091730462,863
2014-07-29,politeness,-0.17137726629995992,863
2014-07-29,toxicity,0.2159603420177638,863
2014-08-05,emotion_anger,0.18209684494910106,679
2014-08-05,emotion_fear,0.009602357756400915,679
2014-08-05,emotion_joy,-0.07757061089115408,679
2014-08-05,group_generalization_presence,0.14572642294583124,679
2014-08-05,hate_speech_presence,0.13277783363256163,679
2014-08-05,politeness,-0.15900942562896572,679
2014-08-05,toxicity,0.22558769381731078,679
2014-08-12,emotion_anger,0.0625855256949113,546
2014-08-12,emotion_fear,0.037208334466302326,546
2014-08-12,emotion_joy,-0.05983847943998547,546
2014-08-12,group_generalization_presence,0.16135628242423697,546
2014-08-12,hate_speech_presence,0.2557978490386295,546
2014-08-12,politeness,-0.04858124314411259,546
2014-08-12,toxicity,0.15612856582547063,546
2014-08-19,emotion_anger,-0.08837985190254818,626
2014-08-19,emotion_fear,-0.048207250530347655,626
2014-08-19,emotion_joy,-0.021496272482707336,626
2014-08-19,group_generalization_presence,-0.03608591410206592,626
2014-08-19,hate_speech_presence,0.01882028055439441,626
2014-08-19,politeness,-0.017431326650755464,626
2014-08-19,toxicity,0.0023992516923728676,626
2014-08-26,emotion_anger,-0.046101479081818865,698
2014-08-26,emotion_fear,-0.030335380502345452,698
2014-08-26,emotion_joy,-0.10994557076709802,698
2014-08-26,group_generalization_presence,-0.008950886147746633,698
2014-08-26,hate_speech_presence,-0.01847125907636199,698
2014-08-26,politeness,0.021191522187955475,698
2014-08-26,toxicity,-0.012450246715223214,698
2014-09-02,emotion_anger,-0.1197186295886282,710
2014-09-02,emotion_fear,-0.022717683022990213,710
2014-09-02,emotion_joy,0.05938687919242953,710
2014-09-02,group_generalization_presence,-0.028312802598349653,710
2014-09-02,hate_speech_presence,-0.019523502759066634,710
2014-09-02,politeness,0.05946468181153914,710
2014-09-02,toxicity,-0.07517678265735425,710
2014-09-09,emotion_anger,0.05416391166437484,725
2014-09-09,emotion_fear,0.0026296049327196257,725
2014-09-09,emotion_joy,-0.05601631493528682,725
2014-09-09,group_generalization_presence,0.027179002055419364,725
2014-09-09,hate_speech_presence,0.007598655685606038,725
2014-09-09,politeness,0.007773791149327386,725
2014-09-09,toxicity,0.041276896382655776,725
2014-09-16,emotion_anger,0.06721490884647592,624
2014-09-16,emotion_fear,0.0343015103227618,624
2014-09-16,emotion_joy,-0.06790857269665561,624
2014-09-16,group_generalization_presence,0.0800539031584484,624
2014-09-16,hate_speech_presence,0.03652559456058822,624
2014-09-16,politeness,-0.03210145716033687,624
2014-09-16,toxicity,0.035120724900590775,624
2014-09-23,emotion_anger,-0.07588705901525063,558
2014-09-23,emotion_fear,0.012409044488698534,558
2014-09-23,emotion_joy,-0.07713388072296656,558
2014-09-23,group_generalization_presence,0.006005380615816154,558
2014-09-23,hate_speech_presence,0.006334720258309297,558
2014-09-23,politeness,0.07966570059895446,558
2014-09-23,toxicity,-0.02928478949453151,558
2014-09-30,emotion_anger,0.030373430651931224,471
2014-09-30,emotion_fear,-0.015667636404707082,471
2014-09-30,emotion_joy,-0.017299214881146118,471
2014-09-30,group_generalization_presence,0.11208478552196977,471
2014-09-30,hate_speech_presence,0.00882784545686411,471
2014-09-30,politeness,-0.05240057147655554,471
2014-09-30,toxicity,0.06100295871621594,471
2014-10-07,emotion_anger,-0.024247023899392338,456
2014-10-07,emotion_fear,0.05310332368695254,456
2014-10-07,emotion_joy,0.04284241342807058,456
2014-10-07,group_generalization_presence,0.15595707292054323,456
2014-10-07,hate_speech_presence,0.1888742913628625,456
2014-10-07,politeness,-0.025650778148991485,456
2014-10-07,toxicity,0.05239747954700829,456
2014-10-14,emotion_anger,-0.1083065900401596,532
2014-10-14,emotion_fear,-0.04216617212683025,532
2014-10-14,emotion_joy,-0.03175968612785094,532
2014-10-14,group_generalization_presence,-0.10231140695885221,532
2014-10-14,hate_speech_presence,-0.019561196596016503,532
2014-10-14,politeness,0.06946668869708605,532
2014-10-14,toxicity,-0.0671890378159615,532
2014-10-21,emotion_anger,-0.12657394824444815,506
2014-10-21,emotion_fear,0.03678676520102738,506
2014-10-21,emotion_joy,-0.05848451865408205,506
2014-10-21,group_generalization_presence,-0.10841981528053717,506
2014-10-21,hate_speech_presence,-0.09161393896984889,506
2014-10-21,politeness,0.0982098920323035,506
2014-10-21,toxicity,-0.12617789238453422,506
2014-10-28,emotion_anger,0.052778884232568976,573
2014-10-28,emotion_fear,0.007650547519886016,573
2014-10-28,emotion_joy,-0.09644107560297459,573
2014-10-28,group_generalization_presence,-0.03609862618338167,573
2014-10-28,hate_speech_presence,0.002458003615432589,573
2014-10-28,politeness,-0.0363088596021337,573
2014-10-28,toxicity,-0.01042063882520324,573
2014-11-04,emotion_anger,-0.06712218803918729,657
2014-11-04,emotion_fear,-0.04631064904252865,657
2014-11-04,emotion_joy,-0.07400349928031506,657
2014-11-04,group_generalization_presence,-0.054481144136523565,657
2014-11-04,hate_speech_presence,-0.053360318434564104,657
2014-11-04,politeness,0.05980924283127003,657
2014-11-04,toxicity,-0.08083244604545715,657
2014-11-11,emotion_anger,-0.09638174401775809,611
2014-11-11,emotion_fear,-0.0787110370524787,611
2014-11-11,emotion_joy,0.00962621404275214,611
2014-11-11,group_generalization_presence,-0.08761557476961175,611
2014-11-11,hate_speech_presence,-0.057258282418493366,611
2014-11-11,politeness,0.07974588027823247,611
2014-11-11,toxicity,-0.09806865159406337,611
2014-11-18,emotion_anger,0.13986985418923345,738
2014-11-18,emotion_fear,0.01181297832166162,738
2014-11-18,emotion_joy,-0.19165146715429282,738
2014-11-18,group_generalization_presence,-0.013002097418072862,738
2014-11-18,hate_speech_presence,-0.009393136560205205,738
2014-11-18,politeness,-0.0646829585734544,738
2014-11-18,toxicity,0.0789148983014073,738
2014-11-25,emotion_anger,-0.04453585070753108,594
2014-11-25,emotion_fear,-0.055757542964298634,594
2014-11-25,emotion_joy,0.028467361692486592,594
2014-11-25,group_generalization_presence,-0.06524519500691316,594
2014-11-25,hate_speech_presence,-0.0019477000455303524,594
2014-11-25,politeness,0.02836739653021396,594
2014-11-25,toxicity,-0.11303387395095195,594
2014-12-02,emotion_anger,-0.023566946716082296,534
2014-12-02,emotion_fear,-0.04043060580920512,534
2014-12-02,emotion_joy,-0.009808166045592226,534
2014-12-02,group_generalization_presence,-0.0008458061415051654,534
2014-12-02,hate_speech_presence,-0.011827721780272745,534
2014-12-02,politeness,0.036975126229623546,534
2014-12-02,toxicity,0.004271030820903005,534
2014-12-09,emotion_anger,-0.07119651547123128,632
2014-12-09,emotion_fear,-0.05927670028587702,632
2014-12-09,emotion_joy,-0.049827506098941,632
2014-12-09,group_generalization_presence,-0.04439553224292935,632
2014-12-09,hate_speech_presence,-0.04360111334451925,632
2014-12-09,politeness,0.05584104982631956,632
2014-12-09,toxicity,-0.0754716551018027,632
2014-12-16,emotion_anger,0.10172370312668605,559
2014-12-16,emotion_fear,-0.05515891453983921,559
2014-12-16,emotion_joy,-0.04287696146453692,559
2014-12-16,group_generalization_presence,0.10070355302164329,559
2014-12-16,hate_speech_presence,0.00868578655202578,559
2014-12-16,politeness,-0.07116969453885837,559
2014-12-16,toxicity,0.06754193119282083,559
2014-12-23,emotion_anger,-0.10863781957506306,508
2014-12-23,emotion_fear,-0.023264818782761477,508
2014-12-23,emotion_joy,0.2191123978423589,508
2014-12-23,group_generalization_presence,0.05515758666596875,508
2014-12-23,hate_speech_presence,0.058519178950827526,508
2014-12-23,politeness,0.10549742449199495,508
2014-12-23,toxicity,-0.04600490944545978,508
2014-12-30,emotion_anger,-0.07228059640074046,540
2014-12-30,emotion_fear,-0.04964172227474039,540
2014-12-30,emotion_joy,0.019397372727773914,540
2014-12-30,group_generalization_presence,0.028140880046257272,540
2014-12-30,hate_speech_presence,0.0020669482920302766,540
2014-12-30,politeness,0.08695708722811195,540
2014-12-30,toxicity,-0.04314312101725447,540
2015-01-06,emotion_anger,0.05046425664439023,666
2015-01-06,emotion_fear,0.09580760446155587,666
2015-01-06,emotion_joy,-0.06508843103122641,666
2015-01-06,group_generalization_presence,0.2853465303908618,666
2015-01-06,hate_speech_presence,0.26046553083373963,666
2015-01-06,politeness,-0.04208874192300154,666
2015-01-06,toxicity,0.12068795979982011,666
2015-01-13,emotion_anger,-0.11260202624144175,700
2015-01-13,emotion_fear,0.07321574772853096,700
2015-01-13,emotion_joy,-0.09038261215979529,700
2015-01-13,group_generalization_presence,0.1846223551759179,700
2015-01-13,hate_speech_presence,0.21586280982762926,700
2015-01-13,politeness,0.06362904948432692,700
2015-01-13,toxicity,-0.018015528451163176,700
2015-01-20,emotion_anger,0.07637851663246002,696
2015-01-20,emotion_fear,-0.0381029349862962,696
2015-01-20,emotion_joy,-0.19343057026006372,696
2015-01-20,group_generalization_presence,0.11780388562299501,696
2015-01-20,hate_speech_presence,0.05915510770032156,696
2015-01-20,politeness,-0.09144296512984755,696
2015-01-20,toxicity,0.1100087144294488,696
2015-01-27,emotion_anger,0.039051737051222855,560
2015-01-27,emotion_fear,-0.05285273357216347,560
2015-01-27,emotion_joy,-0.06446390463446033,560
2015-01-27,group_generalization_presence,-0.04405122106314399,560
2015-01-27,hate_speech_presence,0.0054734094824400665,560
2015-01-27,politeness,0.016074067799724843,560
2015-01-27,toxicity,0.006286823330397541,560
2015-02-03,emotion_anger,-0.10664017174116021,584
2015-02-03,emotion_fear,-0.04064819870788226,584
2015-02-03,emotion_joy,-0.028257427712803793,584
2015-02-03,group_generalization_presence,0.023070348287235393,584
2015-02-03,hate_speech_presence,0.04225841864737007,584
2015-02-03,politeness,0.11479230699073649,584
2015-02-03,toxicity,-0.08380368662304773,584
2015-02-10,emotion_anger,0.032488021055591614,718
2015-02-10,emotion_fear,0.027272931842190335,718
2015-02-10,emotion_joy,-0.18385242027727713,718
2015-02-10,group_generalization_presence,0.061648963760929126,718
2015-02-10,hate_speech_presence,0.08750270242629471,718
2015-02-10,politeness,0.01341732244001419,718
2015-02-10,toxicity,0.04212476024661128,718
2015-02-17,emotion_anger,0.003328232726152954,662
2015-02-17,emotion_fear,0.04414306348487416,662
2015-02-17,emotion_joy,-0.06292440895200334,662
2015-02-17,group_generalization_presence,0.07160135897786278,662
2015-02-17,hate_speech_presence,0.13045115487588227,662
2015-02-17,politeness,-0.01587270703267693,662
2015-02-17,toxicity,0.02627117825175933,662
2015-02-24,emotion_anger,-0.026807339627248575,639
2015-02-24,emotion_fear,0.012684886726891787,639
2015-02-24,emotion_joy,-0.04267678890679103,639
2015-02-24,group_generalization_presence,-0.01622884733464456,639
2015-02-24,hate_speech_presence,-0.0475726354229789,639
2015-02-24,politeness,-0.02367248102141854,639
2015-02-24,toxicity,0.03745454179688778,639
2015-03-03,emotion_anger,0.09487934646168658,817
2015-03-03,emotion_fear,0.048297346368145096,817
2015-03-03,emotion_joy,-0.1014009655103654,817
2015-03-03,group_generalization_presence,0.1820752581335612,817
2015-03-03,hate_speech_presence,0.23046940650111614,817
2015-03-03,politeness,-0.15354986556933822,817
2015-03-03,toxicity,0.1795513112016493,817
2015-03-10,emotion_anger,0.009699078438984918,844
2015-03-10,emotion_fear,-0.040305831356045145,844
2015-03-10,emotion_joy,-0.11113238692007545,844
2015-03-10,group_generalization_presence,-0.035536719068794236,844
2015-03-10,hate_speech_presence,-0.007613226870737171,844
2015-03-10,politeness,0.025828625489078952,844
2015-03-10,toxicity,-0.1103143378707561,844
2015-03-17,emotion_anger,-0.07357183957685123,821
2015-03-17,emotion_fear,-0.056260457988747826,821
2015-03-17,emotion_joy,0.006776580493625712,821
2015-03-17,group_generalization_presence,-0.022456489819579283,821
2015-03-17,hate_speech_presence,-0.04877689631839021,821
2015-03-17,politeness,0.06870212306963513,821
2015-03-17,toxicity,-0.16327732316290225,821
2015-03-24,emotion_anger,-0.09632253247901824,554
2015-03-24,emotion_fear,0.02292723454240006,554
2015-03-24,emotion_joy,-0.04071306529395582,554
2015-03-24,group_generalization_presence,-0.13943411901937874,554
2015-03-24,hate_speech_presence,-0.05653980225948938,554
2015-03-24,politeness,0.021202749469546426,554
2015-03-24,toxicity,-0.06188228251855915,554
2015-03-31,emotion_anger,0.09647554737052332,470
2015-03-31,emotion_fear,0.07395470827786069,470
2015-03-31,emotion_joy,-0.07213806066925295,470
2015-03-31,group_generalization_presence,0.2068207861821677,470
2015-03-31,hate_speech_presence,0.22110735670015855,470
2015-03-31,politeness,-0.11322217435997624,470
2015-03-31,toxicity,0.08870212007057035,470
2015-04-07,emotion_anger,0.0016709503529881312,634
2015-04-07,emotion_fear,-0.004024634402099887,634
2015-04-07,emotion_joy,-0.1071825755115954,634
2015-04-07,group_generalization_presence,0.02720427001014145,634
2015-04-07,hate_speech_presence,0.02151577324560175,634
2015-04-07,politeness,0.04298086893957003,634
2015-04-07,toxicity,-0.0014033534744387008,634
2015-04-14,emotion_anger,-0.010415689278769145,514
2015-04-14,emotion_fear,-0.05434872999297345,514
2015-04-14,emotion_joy,-0.05376370027090801,514
2015-04-14,group_generalization_presence,-0.014855166735739722,514
2015-04-14,hate_speech_presence,0.0061311059494272,514
2015-04-14,politeness,0.026394531003266015,514
2015-04-14,toxicity,-0.012040211050162055,514
2015-04-21,emotion_anger,-0.06276995002133566,491
2015-04-21,emotion_fear,-0.08827689110519853,491
2015-04-21,emotion_joy,0.13017395944610627,491
2015-04-21,group_generalization_presence,-0.04225820941987274,491
2015-04-21,hate_speech_presence,-0.07291510807898348,491
2015-04-21,politeness,0.006485945635352631,491
2015-04-21,toxicity,-0.014818007128517425,491
2015-04-28,emotion_anger,-0.11743712296725779,546
2015-04-28,emotion_fear,-0.06426341709595781,546
2015-04-28,emotion_joy,0.003099085781764328,546
2015-04-28,group_generalization_presence,-0.06450669785403682,546
2015-04-28,hate_speech_presence,-0.023197177224927198,546
2015-04-28,politeness,0.13021567288655397,546
2015-04-28,toxicity,-0.12244131065358334,546
2015-05-05,emotion_anger,0.004092405526711873,389
2015-05-05,emotion_fear,-0.019191268100276482,389
2015-05-05,emotion_joy,-0.11650180695894151,389
2015-05-05,group_generalization_presence,-0.005325745483783542,389
2015-05-05,hate_speech_presence,0.03235244325193546,389
2015-05-05,politeness,-0.025530126053001503,389
2015-05-05,toxicity,-0.025884611790636544,389
2015-05-12,emotion_anger,-0.010061178527102284,416
2015-05-12,emotion_fear,0.0011764373423379557,416
2015-05-12,emotion_joy,0.01876697239665832,416
2015-05-12,group_generalization_presence,-0.024185898087909052,416
2015-05-12,hate_speech_presence,0.022888546316576552,416
2015-05-12,politeness,-0.003390239195399068,416
2015-05-12,toxicity,0.004845099842448616,416
2015-05-19,emotion_anger,0.003375413679272867,544
2015-05-19,emotion_fear,-0.08012969067699141,544
2015-05-19,emotion_joy,0.014877423104752959,544
2015-05-19,group_generalization_presence,0.0022431910748458954,544
2015-05-19,hate_speech_presence,-0.008067462108841197,544
2015-05-19,politeness,-0.09230905282199277,544
2015-05-19,toxicity,0.024128033404221635,544
2015-05-26,emotion_anger,0.12072405164222083,536
2015-05-26,emotion_fear,-0.051534699383118394,536
2015-05-26,emotion_joy,-0.18516495476734887,536
2015-05-26,group_generalization_presence,0.0009906952929810164,536
2015-05-26,hate_speech_presence,-0.023401152081537285,536
2015-05-26,politeness,-0.09717984850969678,536
2015-05-26,toxicity,0.04873026163290578,536
2015-06-02,emotion_anger,-0.08105352235755513,544
2015-06-02,emotion_fear,-0.039544401010891204,544
2015-06-02,emotion_joy,-0.03112046523941594,544
2015-06-02,group_generalization_presence,-0.04389367468643871,544
2015-06-02,hate_speech_presence,-0.05629745316567279,544
2015-06-02,politeness,0.05410352985003888,544
2015-06-02,toxicity,-0.16185286375801536,544
2015-06-09,emotion_anger,-0.002803852451587995,542
2015-06-09,emotion_fear,-0.02197803736658642,542
2015-06-09,emotion_joy,-0.008874598406411586,542
2015-06-09,group_generalization_presence,0.004967621458870372,542
2015-06-09,hate_speech_presence,-0.04459080157186415,542
2015-06-09,politeness,0.05914057700773576,542
2015-06-09,toxicity,-0.06318973645056263,542
2015-06-16,emotion_anger,-0.13032077384642193,445
2015-06-16,emotion_fear,-0.07840505232487197,445
2015-06-16,emotion_joy,0.04962736276635587,445
2015-06-16,group_generalization_presence,-0.024884264808796464,445
2015-06-16,hate_speech_presence,-0.004400190246360169,445
2015-06-16,politeness,0.038963397577290344,445
2015-06-16,toxicity,-0.07433825046612944,445
2015-06-23,emotion_anger,-0.05577585426725439,435
2015-06-23,emotion_fear,-0.029609975390325116,435
2015-06-23,emotion_joy,-0.003152685703524086,435
2015-06-23,group_generalization_presence,-0.06982994921859088,435
2015-06-23,hate_speech_presence,-0.04986389147935064,435
2015-06-23,politeness,0.0025269842538127203,435
2015-06-23,toxicity,-0.06972183275942542,435
2015-06-30,emotion_anger,-0.1134157004910396,510
2015-06-30,emotion_fear,-0.025334649009576007,510
2015-06-30,emotion_joy,0.055230821130165544,510
2015-06-30,group_generalization_presence,-0.047216867692761975,510
2015-06-30,hate_speech_presence,-0.051958743181292504,510
2015-06-30,politeness,0.16085758148964902,510
2015-06-30,toxicity,-0.15133131339857722,510
2015-07-07,emotion_anger,-0.08066629759281962,342
2015-07-07,emotion_fear,-0.016874989225274244,342
2015-07-07,emotion_joy,-0.06251551947769224,342
2015-07-07,group_generalization_presence,-0.04675694364540796,342
2015-07-07,hate_speech_presence,-0.021310040027801933,342
2015-07-07,politeness,0.06632426958108902,342
2015-07-07,toxicity,-0.12142927543210592,342
2015-07-14,emotion_anger,-0.1882181356966031,419
2015-07-14,emotion_fear,-0.05403666426769007,419
2015-07-14,emotion_joy,0.08375219401574352,419
2015-07-14,group_generalization_presence,-0.04746634627308564,419
2015-07-14,hate_speech_presence,-0.05760998808533138,419
2015-07-14,politeness,0.10709858161600948,419
2015-07-14,toxicity,-0.15606624342466333,419
2015-07-21,emotion_anger,0.11618460044561084,345
2015-07-21,emotion_fear,0.11444514822600352,345
2015-07-21,emotion_joy,-0.15851934924962846,345
2015-07-21,group_generalization_presence,0.28959639863953457,345
2015-07-21,hate_speech_presence,0.2874479080272205,345
2015-07-21,politeness,-0.19745656834672945,345
2015-07-21,toxicity,0.20764187588644437,345
2015-07-28,emotion_anger,0.015367510649642615,379
2015-07-28,emotion_fear,0.0005253081730014018,379
2015-07-28,emotion_joy,-0.017250995560600425,379
2015-07-28,group_generalization_presence,0.023229018143681796,379
2015-07-28,hate_speech_presence,-0.030405498541152227,379
2015-07-28,politeness,0.006461654655351214,379
2015-07-28,toxicity,-0.004903094688196611,379
2015-08-04,emotion_anger,-0.012085859257150472,338
2015-08-04,emotion_fear,0.0023236288544556537,338
2015-08-04,emotion_joy,-0.09115443096321245,338
2015-08-04,group_generalization_presence,-0.05300581883237017,338
2015-08-04,hate_speech_presence,-0.028802703987293787,338
2015-08-04,politeness,-0.013510288586121928,338
2015-08-04,toxicity,-0.044417404341451236,338
2015-08-11,emotion_anger,-0.0684003339836973,598
2015-08-11,emotion_fear,-0.009553008275991086,598
2015-08-11,emotion_joy,-0.027793888526172667,598
2015-08-11,group_generalization_presence,-0.09555369083441677,598
2015-08-11,hate_speech_presence,-0.09902815247814102,598
2015-08-11,politeness,0.11740909166459955,598
2015-08-11,toxicity,-0.11614519681710612,598
2015-08-18,emotion_anger,-0.19258429982452102,424
2015-08-18,emotion_fear,-0.034097152663916754,424
2015-08-18,emotion_joy,0.07475568329874058,424
2015-08-18,group_generalization_presence,-0.060220383828561826,424
2015-08-18,hate_speech_presence,0.04021288516776898,424
2015-08-18,politeness,0.1291196111148808,424
2015-08-18,toxicity,-0.12026558254713635,424
2015-08-25,emotion_anger,0.10822410683230145,458
2015-08-25,emotion_fear,0.06264291090370389,458
2015-08-25,emotion_joy,-0.01888092094772377,458
2015-08-25,group_generalization_presence,0.15975480728409058,458
2015-08-25,hate_speech_presence,0.09375170524181224,458
2015-08-25,politeness,-0.08945098739637529,458
2015-08-25,toxicity,0.06445657699108427,458
2015-09-01,emotion_anger,-0.12810672674245654,531
2015-09-01,emotion_fear,0.06672678445457407,531
2015-09-01,emotion_joy,0.09691982472686328,531
2015-09-01,group_generalization_presence,0.17790462944106322,531
2015-09-01,hate_speech_presence,0.18223645581801834,531
2015-09-01,politeness,0.09892681204258438,531
2015-09-01,toxicity,-0.019794782827081598,531
2015-09-08,emotion_anger,0.1030783183924932,736
2015-09-08,emotion_fear,0.18895509454434017,736
2015-09-08,emotion_joy,-0.07529787143684744,736
2015-09-08,group_generalization_presence,0.29291239618991477,736
2015-09-08,hate_speech_presence,0.2602288967518065,736
2015-09-08,politeness,-0.08900301297593276,736
2015-09-08,toxicity,0.1902838191742578,736
2015-09-15,emotion_anger,0.17077836958668116,664
2015-09-15,emotion_fear,0.06770928526421915,664
2015-09-15,emotion_joy,-0.1208919056128993,664
2015-09-15,group_generalization_presence,0.24356859042712775,664
2015-09-15,hate_speech_presence,0.264042578382834,664
2015-09-15,politeness,-0.06782808060476385,664
2015-09-15,toxicity,0.22414332562477485,664
2015-09-22,emotion_anger,0.013413783629643397,556
2015-09-22,emotion_fear,-0.004938263268976077,556
2015-09-22,emotion_joy,-0.027577616691108163,556
2015-09-22,group_generalization_presence,0.22180042560132449,556
2015-09-22,hate_speech_presence,0.2842344192564704,556
2015-09-22,politeness,-0.00799078367667676,556
2015-09-22,toxicity,0.14661787094339176,556
2015-09-29,emotion_anger,0.0338437496806668,452
2015-09-29,emotion_fear,-0.0042006367730796,452
2015-09-29,emotion_joy,-0.13266592049503437,452
2015-09-29,group_generalization_presence,-0.003238710173826665,452
2015-09-29,hate_speech_presence,0.04982384493530893,452
2015-09-29,politeness,-0.0834464365654528,452
2015-09-29,toxicity,0.12750053367853184,452
2015-10-06,emotion_anger,-0.050717507613057905,388
2015-10-06,emotion_fear,0.0019239044756220363,388
2015-10-06,emotion_joy,-0.11989241838374894,388
2015-10-06,group_generalization_presence,-0.01368437926747616,388
2015-10-06,hate_speech_presence,0.02232530897224555,388
2015-10-06,politeness,0.0959984215635375,388
2015-10-06,toxicity,-0.08152696904519657,388
2015-10-13,emotion_anger,0.24792145477611016,486
2015-10-13,emotion_fear,0.07259270322664167,486
2015-10-13,emotion_joy,-0.04321154062346313,486
2015-10-13,group_generalization_presence,0.3518920540566213,486
2015-10-13,hate_speech_presence,0.3832149722629075,486
2015-10-13,politeness,-0.20972168347327527,486
2015-10-13,toxicity,0.2675748684987443,486
2015-10-20,emotion_anger,0.003344623405831669,622
2015-10-20,emotion_fear,-0.032760984810007575,622
2015-10-20,emotion_joy,-0.05996097823831521,622
2015-10-20,group_generalization_presence,0.25031865575639944,622
2015-10-20,hate_speech_presence,0.26062166098957956,622
2015-10-20,politeness,-0.07346585200784939,622
2015-10-20,toxicity,0.02627340834657868,622
2015-10-27,emotion_anger,0.021247922285966947,501
2015-10-27,emotion_fear,0.04114746324017279,501
2015-10-27,emotion_joy,-0.17638468920528053,501
2015-10-27,group_generalization_presence,0.11864725251629703,501
2015-10-27,hate_speech_presence,0.14593752122028086,501
2015-10-27,politeness,-0.04501272848621868,501
2015-10-27,toxicity,0.0553418498542562,501
2015-11-03,emotion_anger,-0.03065475328646717,499
2015-11-03,emotion_fear,0.003735723106344828,499
2015-11-03,emotion_joy,-0.06259304290226222,499
2015-11-03,group_generalization_presence,-0.04124806899908892,499
2015-11-03,hate_speech_presence,-0.03923189136094826,499
2015-11-03,politeness,0.03370136763853405,499
2015-11-03,toxicity,-0.04995425928428676,499
2015-11-10,emotion_anger,0.24641922687253418,651
2015-11-10,emotion_fear,0.1702590488372794,651
2015-11-10,emotion_joy,-0.1332858121950556,651
2015-11-10,group_generalization_presence,0.33537583781744096,651
2015-11-10,hate_speech_presence,0.25482924102469806,651
2015-11-10,politeness,-0.2628803451848495,651
2015-11-10,toxicity,0.3254645742415089,651
2015-11-17,emotion_anger,0.1036956787148817,532
2015-11-17,emotion_fear,0.1671420472200386,532
2015-11-17,emotion_joy,-0.08760944827891347,532
2015-11-17,group_generalization_presence,0.24427780458659024,532
2015-11-17,hate_speech_presence,0.2397791982283163,532
2015-11-17,politeness,-0.11217952820952978,532
2015-11-17,toxicity,0.2138893853836129,532
2015-11-24,emotion_anger,-0.010127147289783346,678
2015-11-24,emotion_fear,0.0784610168440161,678
2015-11-24,emotion_joy,-0.12900031159129974,678
2015-11-24,group_generalization_presence,0.17562534495245286,678
2015-11-24,hate_speech_presence,0.10334360682956734,678
2015-11-24,politeness,-0.04133540387024668,678
2015-11-24,toxicity,0.06673847240938122,678
2015-12-01,emotion_anger,0.02312386833032334,474
2015-12-01,emotion_fear,0.08147659994286423,474
2015-12-01,emotion_joy,-0.12501612697778894,474
2015-12-01,group_generalization_presence,0.15897557239332194,474
2015-12-01,hate_speech_presence,0.10010968637008102,474
2015-12-01,politeness,-0.03772531678334412,474
2015-12-01,toxicity,0.08561186157638045,474
2015-12-08,emotion_anger,0.10144355044883183,577
2015-12-08,emotion_fear,0.0008699027261652233,577
2015-12-08,emotion_joy,-0.12353816509366111,577
2015-12-08,group_generalization_presence,0.14827331403209038,577
2015-12-08,hate_speech_presence,0.022644872571020352,577
2015-12-08,politeness,-0.1623071376979829,577
2015-12-08,toxicity,0.16481551622461263,577
2015-12-15,emotion_anger,0.07426918706418463,671
2015-12-15,emotion_fear,0.01470380487778073,671
2015-12-15,emotion_joy,-0.09285129863059503,671
2015-12-15,group_generalization_presence,0.1747766156828717,671
2015-12-15,hate_speech_presence,0.08634302575720045,671
2015-12-15,politeness,-0.12391560133436912,671
2015-12-15,toxicity,0.13211312039754458,671
2015-12-22,emotion_anger,-0.0922625198248574,351
2015-12-22,emotion_fear,0.022834472978896833,351
2015-12-22,emotion_joy,0.20804436737170381,351
2015-12-22,group_generalization_presence,0.07400884552512625,351
2015-12-22,hate_speech_presence,0.12571681217110067,351
2015-12-22,politeness,0.1197497834358578,351
2015-12-22,toxicity,-0.06899597661201466,351
2015-12-29,emotion_anger,-0.15846439950594535,419
2015-12-29,emotion_fear,-0.07332848294523929,419
2015-12-29,emotion_joy,0.07413387494011266,419
2015-12-29,group_generalization_presence,-0.00901757299379443,419
2015-12-29,hate_speech_presence,-0.0011901861246279024,419
2015-12-29,politeness,0.11623911770450931,419
2015-12-29,toxicity,-0.10927626245709567,419
2016-01-05,emotion_anger,0.0731979806226959,529
2016-01-05,emotion_fear,0.16682799348042934,529
2016-01-05,emotion_joy,-0.06756519083729051,529
2016-01-05,group_generalization_presence,0.28737012524716593,529
2016-01-05,hate_speech_presence,0.28498717454733374,529
2016-01-05,politeness,-0.11238579795641444,529
2016-01-05,toxicity,0.17490413236118335,529
2016-01-12,emotion_anger,-0.017459216692796646,529
2016-01-12,emotion_fear,-0.03582092385338919,529
2016-01-12,emotion_joy,-0.1278064042558728,529
2016-01-12,group_generalization_presence,0.024827471472279698,529
2016-01-12,hate_speech_presence,0.027162189509053216,529
2016-01-12,politeness,0.003961321835321566,529
2016-01-12,toxicity,0.0038946650028590687,529
2016-01-19,emotion_anger,0.17571442716000335,563
2016-01-19,emotion_fear,0.04193540203091511,563
2016-01-19,emotion_joy,-0.13599180180758083,563
2016-01-19,group_generalization_presence,0.10912227998923034,563
2016-01-19,hate_speech_presence,0.10214334482002779,563
2016-01-19,politeness,-0.09614169094416412,563
2016-01-19,toxicity,0.14966691247437766,563
2016-01-26,emotion_anger,0.0669214267758019,589
2016-01-26,emotion_fear,-0.05854824822491632,589
2016-01-26,emotion_joy,-0.021488136762114318,589
2016-01-26,group_generalization_presence,0.0960414195257971,589
2016-01-26,hate_speech_presence,0.13971826707529417,589
2016-01-26,politeness,-0.040021658093122706,589
2016-01-26,toxicity,0.11043994723455126,589
2016-02-02,emotion_anger,-0.1472717319602723,538
2016-02-02,emotion_fear,-0.04920548588093597,538
2016-02-02,emotion_joy,0.08169076958396354,538
2016-02-02,group_generalization_presence,-0.04877160069787405,538
2016-02-02,hate_speech_presence,0.02448663157493425,538
2016-02-02,politeness,0.047669114418907144,538
2016-02-02,toxicity,-0.08199399465592923,538
2016-02-09,emotion_anger,0.04071733129566531,536
2016-02-09,emotion_fear,-0.01722655288823074,536
2016-02-09,emotion_joy,-0.14319216573802307,536
2016-02-09,group_generalization_presence,0.04574283594001511,536
2016-02-09,hate_speech_presence,-0.011182789008301412,536
2016-02-09,politeness,-0.03390604163244226,536
2016-02-09,toxicity,0.018180008192038032,536
2016-02-16,emotion_anger,-0.06761926478409708,494
2016-02-16,emotion_fear,-0.03596360277419264,494
2016-02-16,emotion_joy,-0.11073495409176487,494
2016-02-16,group_generalization_presence,0.037396689985752254,494
2016-02-16,hate_speech_presence,0.03784319566594317,494
2016-02-16,politeness,0.03377199683472109,494
2016-02-16,toxicity,-0.027075816383101733,494
2016-02-23,emotion_anger,-0.05174111155208037,537
2016-02-23,emotion_fear,-0.03929637863098556,537
2016-02-23,emotion_joy,-0.08908803661099106,537
2016-02-23,group_generalization_presence,0.018923362730202987,537
2016-02-23,hate_speech_presence,-0.004961158779333578,537
2016-02-23,politeness,-0.01299754496547683,537
2016-02-23,toxicity,-0.003163765952461364,537
2016-03-01,emotion_anger,0.04265969186346828,577
2016-03-01,emotion_fear,0.05974926278549308,577
2016-03-01,emotion_joy,-0.13398532571821184,577
2016-03-01,group_generalization_presence,0.20875555203930465,577
2016-03-01,hate_speech_presence,0.16411308827925758,577
2016-03-01,politeness,-0.03054778330527033,577
2016-03-01,toxicity,0.07976388484871254,577
2016-03-08,emotion_anger,0.11263317184142639,383
2016-03-08,emotion_fear,-0.02920178074459362,383
2016-03-08,emotion_joy,-0.16133173664970638,383
2016-03-08,group_generalization_presence,-0.02452766820689499,383
2016-03-08,hate_speech_presence,0.005068877110944014,383
2016-03-08,politeness,-0.1366705669686814,383
2016-03-08,toxicity,0.11944888718815369,383
2016-03-15,emotion_anger,-0.10729206579545743,534
2016-03-15,emotion_fear,-0.07320794582445155,534
2016-03-15,emotion_joy,-0.08560023346117213,534
2016-03-15,group_generalization_presence,-0.07547685310071653,534
2016-03-15,hate_speech_presence,-0.010459551392650077,534
2016-03-15,politeness,0.07317043944884881,534
2016-03-15,toxicity,-0.11904296119441404,534
2016-03-22,emotion_anger,0.1653898530808284,514
2016-03-22,emotion_fear,0.08193151518580509,514
2016-03-22,emotion_joy,-0.035721891663619575,514
2016-03-22,group_generalization_presence,0.1430282964295126,514
2016-03-22,hate_speech_presence,0.2582504052397151,514
2016-03-22,politeness,-0.14768865353279234,514
2016-03-22,toxicity,0.2015621776787939,514
2016-03-29,emotion_anger,0.21864905560119272,867
2016-03-29,emotion_fear,0.005448557510482635,867
2016-03-29,emotion_joy,-0.14191977980223253,867
2016-03-29,group_generalization_presence,0.11228274220508838,867
2016-03-29,hate_speech_presence,0.0941792063877012,867
2016-03-29,politeness,-0.2135557671208984,867
2016-03-29,toxicity,0.22634546702481595,867
2016-04-05,emotion_anger,0.15152821309515255,1039
2016-04-05,emotion_fear,-0.035739344740724384,1039
2016-04-05,emotion_joy,-0.12425496887626483,1039
2016-04-05,group_generalization_presence,-0.046763718690689425,1039
2016-04-05,hate_speech_presence,-0.04369788340009487,1039
2016-04-05,politeness,-0.08665610483285417,1039
2016-04-05,toxicity,0.05820758872393526,1039
2016-04-12,emotion_anger,0.10797382144325075,691
2016-04-12,emotion_fear,-0.03060803845795898,691
2016-04-12,emotion_joy,-0.09884490785315342,691
2016-04-12,group_generalization_presence,-0.008934015193612779,691
2016-04-12,hate_speech_presence,-0.0074773783986690125,691
2016-04-12,politeness,-0.15534733998206787,691
2016-04-12,toxicity,0.13646963306495813,691
2016-04-19,emotion_anger,-0.03086442143688453,618
2016-04-19,emotion_fear,-0.08282249371227633,618
2016-04-19,emotion_joy,0.001973033216006963,618
2016-04-19,group_generalization_presence,-0.05985003260048928,618
2016-04-19,hate_speech_presence,-0.04834031694747292,618
2016-04-19,politeness,0.018007395580155024,618
2016-04-19,toxicity,-0.07576140858161895,618
2016-04-26,emotion_anger,0.031131343699661244,511
2016-04-26,emotion_fear,-0.009076785538166342,511
2016-04-26,emotion_joy,-0.006915167491717756,511
2016-04-26,group_generalization_presence,0.07210099264835665,511
2016-04-26,hate_speech_presence,-0.02049870508172433,511
2016-04-26,politeness,-0.05910275140335889,511
2016-04-26,toxicity,0.021620200288401063,511
2016-05-03,emotion_anger,-0.16528170880522125,648
2016-05-03,emotion_fear,-0.05816564108636148,648
2016-05-03,emotion_joy,-0.004699806641236013,648
2016-05-03,group_generalization_presence,-0.09831909569259323,648
2016-05-03,hate_speech_presence,-0.06984333769787301,648
2016-05-03,politeness,0.06879708310613487,648
2016-05-03,toxicity,-0.14030396648951715,648
2016-05-10,emotion_anger,-0.14823365159381324,675
2016-05-10,emotion_fear,-0.03687995650190078,675
2016-05-10,emotion_joy,0.0015595890104748917,675
2016-05-10,group_generalization_presence,-0.03151119038761432,675
2016-05-10,hate_speech_presence,0.01911522320221909,675
2016-05-10,politeness,0.09971387999907377,675
2016-05-10,toxicity,-0.1139175033225317,675
2016-05-17,emotion_anger,0.007481068270250305,525
2016-05-17,emotion_fear,0.019582688129030173,525
2016-05-17,emotion_joy,-0.06373293500744795,525
2016-05-17,group_generalization_presence,0.06476156780826482,525
2016-05-17,hate_speech_presence,0.017213715008867557,525
2016-05-17,politeness,0.001293182557654331,525
2016-05-17,toxicity,0.02371152130566324,525
2016-05-24,emotion_anger,-0.009104548308112565,545
2016-05-24,emotion_fear,-0.018803887861997635,545
2016-05-24,emotion_joy,0.025552991779182264,545
2016-05-24,group_generalization_presence,0.01861923133756047,545
2016-05-24,hate_speech_presence,0.004657168281006009,545
2016-05-24,politeness,-0.027428278369036482,545
2016-05-24,toxicity,-0.012202351058936668,545
2016-05-31,emotion_anger,0.23052084761403532,579
2016-05-31,emotion_fear,-0.04794437429574708,579
2016-05-31,emotion_joy,-0.16658358633991438,579
2016-05-31,group_generalization_presence,-0.016625677552880063,579
2016-05-31,hate_speech_presence,-0.049866399799805325,579
2016-05-31,politeness,-0.19277408950528205,579
2016-05-31,toxicity,0.18799202723944514,579
2016-06-07,emotion_anger,0.06874992763574125,485
2016-06-07,emotion_fear,0.041755110291876445,485
2016-06-07,emotion_joy,-0.07297742073033156,485
2016-06-07,group_generalization_presence,0.18235385731631362,485
2016-06-07,hate_speech_presence,0.239766576878997,485
2016-06-07,politeness,-0.08577478758663912,485
2016-06-07,toxicity,0.143491834760334,485
2016-06-14,emotion_anger,0.06484371000877603,348
2016-06-14,emotion_fear,0.050408105979421775,348
2016-06-14,emotion_joy,-0.05610989415535941,348
2016-06-14,group_generalization_presence,0.0911675819328789,348
2016-06-14,hate_speech_presence,0.14393694453802414,348
2016-06-14,politeness,-0.03308182423227711,348
2016-06-14,toxicity,0.04055058552739805,348
2016-06-21,emotion_anger,-0.0530320915226211,373
2016-06-21,emotion_fear,-0.021863854540943993,373
2016-06-21,emotion_joy,0.0700153131327803,373
2016-06-21,group_generalization_presence,-0.021645281636545118,373
2016-06-21,hate_speech_presence,-0.02314937232778092,373
2016-06-21,politeness,-0.029460585779226316,373
2016-06-21,toxicity,0.021970511514513395,373
2016-06-28,emotion_anger,-0.16441050585801956,346
2016-06-28,emotion_fear,-0.014205467395775358,346
2016-06-28,emotion_joy,0.1123424140734966,346
2016-06-28,group_generalization_presence,-0.05030870939477448,346
2016-06-28,hate_speech_presence,-0.03622709185328054,346
2016-06-28,politeness,0.06292585136172903,346
2016-06-28,toxicity,-0.10958003248223439,346
2016-07-05,emotion_anger,-0.07684673228386166,370
2016-07-05,emotion_fear,-0.012083660472592187,370
2016-07-05,emotion_joy,0.15942095713739526,370
2016-07-05,group_generalization_presence,0.04964961178836072,370
2016-07-05,hate_speech_presence,0.07892603371044331,370
2016-07-05,politeness,0.09086771300471322,370
2016-07-05,toxicity,0.0037305540869183567,370
2016-07-12,emotion_anger,0.13624880826031957,376
2016-07-12,emotion_fear,0.2427221016045019,376
2016-07-12,emotion_joy,-0.10298535696475992,376
2016-07-12,group_generalization_presence,0.3274228516818905,376
2016-07-12,hate_speech_presence,0.30944496850157516,376
2016-07-12,politeness,-0.12555902329963325,376
2016-07-12,toxicity,0.23126904729538464,376
2016-07-19,emotion_anger,0.047743131502856584,335
2016-07-19,emotion_fear,0.08637597603382238,335
2016-07-19,emotion_joy,-0.0957770460379098,335
2016-07-19,group_generalization_presence,0.16106837247288883,335
2016-07-19,hate_speech_presence,0.2138161809910954,335
2016-07-19,politeness,-0.07555768696548254,335
2016-07-19,toxicity,0.08056239052765567,335
2016-07-26,emotion_anger,0.0032884842679866376,385
2016-07-26,emotion_fear,0.09607968725360645,385
2016-07-26,emotion_joy,-0.07877370939934555,385
2016-07-26,group_generalization_presence,0.21100178788727958,385
2016-07-26,hate_speech_presence,0.32343360302133967,385
2016-07-26,politeness,0.031578617501380406,385
2016-07-26,toxicity,0.11893186022619286,385
2016-08-02,emotion_anger,0.02023329781875554,361
2016-08-02,emotion_fear,0.04155076693097617,361
2016-08-02,emotion_joy,-0.05776856739042199,361
2016-08-02,group_generalization_presence,0.022438180063340907,361
2016-08-02,hate_speech_presence,0.021534983140069408,361
2016-08-02,politeness,-0.005041223625395612,361
2016-08-02,toxicity,-0.04742735469646129,361
2016-08-09,emotion_anger,-0.045707908994010525,431
2016-08-09,emotion_fear,-0.05106871142449166,431
2016-08-09,emotion_joy,-0.11657129592801227,431
2016-08-09,group_generalization_presence,-0.02294260707113254,431
2016-08-09,hate_speech_presence,-0.025958060348913282,431
2016-08-09,politeness,-0.10156009586794051,431
2016-08-09,toxicity,0.009496183333282686,431
2016-08-16,emotion_anger,0.07266606867647972,547
2016-08-16,emotion_fear,-0.06791969493317518,547
2016-08-16,emotion_joy,-0.07199707827482815,547
2016-08-16,group_generalization_presence,0.04352354132177811,547
2016-08-16,hate_speech_presence,0.08879237163140485,547
2016-08-16,politeness,-0.07167227787812219,547
2016-08-16,toxicity,0.12175070944062182,547
2016-08-23,emotion_anger,0.19258684151267946,551
2016-08-23,emotion_fear,0.0028123978060557303,551
2016-08-23,emotion_joy,-0.20230134576624412,551
2016-08-23,group_generalization_presence,0.014788874557513456,551
2016-08-23,hate_speech_presence,0.008532423708418932,551
2016-08-23,politeness,-0.1340065039124757,551
2016-08-23,toxicity,0.17566093719351258,551
2016-08-30,emotion_anger,-0.0348238441282227,501
2016-08-30,emotion_fear,-0.09191307961842178,501
2016-08-30,emotion_joy,0.012731113139527982,501
2016-08-30,group_generalization_presence,-0.13009297769124775,501
2016-08-30,hate_speech_presence,-0.05841278835566461,501
2016-08-30,politeness,-0.02883274044848164,501
2016-08-30,toxicity,-0.010701654885214532,501
2016-09-06,emotion_anger,-0.001355822723690371,460
2016-09-06,emotion_fear,-0.09088062568994018,460
2016-09-06,emotion_joy,-0.09777763887944727,460
2016-09-06,group_generalization_presence,0.01013822667482954,460
2016-09-06,hate_speech_presence,-0.04335835011005652,460
2016-09-06,politeness,-0.055591030951149145,460
2016-09-06,toxicity,-0.007241319059098639,460
2016-09-13,emotion_anger,0.009268898198911298,540
2016-09-13,emotion_fear,-0.019173912992290466,540
2016-09-13,emotion_joy,-0.04641741530364606,540
2016-09-13,group_generalization_presence,0.0198091978137674,540
2016-09-13,hate_speech_presence,0.013676871584696996,540
2016-09-13,politeness,-0.04328944543985233,540
2016-09-13,toxicity,0.06694184155368511,540
2016-09-20,emotion_anger,0.10776309857587994,576
2016-09-20,emotion_fear,-0.032386261679552136,576
2016-09-20,emotion_joy,-0.1671124658528965,576
2016-09-20,group_generalization_presence,0.053783702310070645,576
2016-09-20,hate_speech_presence,0.02151644432174965,576
2016-09-20,politeness,-0.07299594657532127,576
2016-09-20,toxicity,0.12983245432633528,576
2016-09-27,emotion_anger,0.11360872048870779,450
2016-09-27,emotion_fear,0.0015500588996991338,450
2016-09-27,emotion_joy,-0.20548277855671154,450
2016-09-27,group_generalization_presence,0.0026721741676666785,450
2016-09-27,hate_speech_presence,0.06352618486771278,450
2016-09-27,politeness,-0.17406181213021293,450
2016-09-27,toxicity,0.09078655007571007,450
2016-10-04,emotion_anger,0.11950600208787701,428
2016-10-04,emotion_fear,0.004069107341136221,428
2016-10-04,emotion_joy,-0.11080030864920214,428
2016-10-04,group_generalization_presence,0.08633660501253984,428
2016-10-04,hate_speech_presence,0.09581475546764448,428
2016-10-04,politeness,-0.12859650991646526,428
2016-10-04,toxicity,0.07735901840833645,428
2016-10-11,emotion_anger,0.060607459949058695,430
2016-10-11,emotion_fear,-0.08904390957944697,430
2016-10-11,emotion_joy,-0.1211341459540498,430
2016-10-11,group_generalization_presence,0.011425281181363975,430
2016-10-11,hate_speech_presence,-0.017955440037398695,430
2016-10-11,politeness,-0.13155811319080216,430
2016-10-11,toxicity,0.09070824907761751,430
2016-10-18,emotion_anger,0.15357495237423988,632
2016-10-18,emotion_fear,-0.03466011489187607,632
2016-10-18,emotion_joy,-0.06831055307152262,632
2016-10-18,group_generalization_presence,0.017845002448589286,632
2016-10-18,hate_speech_presence,-0.037823872179514016,632
2016-10-18,politeness,-0.12603600062981588,632
2016-10-18,toxicity,0.097026570262481,632
2016-10-25,emotion_anger,-0.11790536085062052,570
2016-10-25,emotion_fear,-0.0710592918453964,570
2016-10-25,emotion_joy,-0.04369973395599626,570
2016-10-25,group_generalization_presence,-0.04741378026841144,570
2016-10-25,hate_speech_presence,-0.06960762707235975,570
2016-10-25,politeness,0.02579718881620737,570
2016-10-25,toxicity,-0.14882519937245822,570
2016-11-01,emotion_anger,-0.11177303621704265,545
2016-11-01,emotion_fear,-0.03469532371810489,545
2016-11-01,emotion_joy,0.007536115700113121,545
2016-11-01,group_generalization_presence,-0.06207123371495188,545
2016-11-01,hate_speech_presence,-0.06857812468978425,545
2016-11-01,politeness,0.12982332054013068,545
2016-11-01,toxicity,-0.16255830278260497,545
2016-11-08,emotion_anger,-0.06907392663803336,504
2016-11-08,emotion_fear,-0.017957590657931698,504
2016-11-08,emotion_joy,-0.07209675150016326,504
2016-11-08,group_generalization_presence,0.10819359901465606,504
2016-11-08,hate_speech_presence,0.02616949124121555,504
2016-11-08,politeness,0.007855489870194689,504
2016-11-08,toxicity,-0.07455796784073221,504
2016-11-15,emotion_anger,0.07842129091231513,575
2016-11-15,emotion_fear,-0.004794147491742417,575
2016-11-15,emotion_joy,-0.08781858704143426,575
2016-11-15,group_generalization_presence,0.09405216736881036,575
2016-11-15,hate_speech_presence,-0.013297060449376192,575
2016-11-15,politeness,-0.00337824599682454,575
2016-11-15,toxicity,-0.008533631049697682,575
2016-11-22,emotion_anger,-0.12670725721311563,470
2016-11-22,emotion_fear,-0.04938525707574446,470
2016-11-22,emotion_joy,-0.010380577718108299,470
2016-11-22,group_generalization_presence,-0.07701868998273266,470
2016-11-22,hate_speech_presence,-0.03389173177949696,470
2016-11-22,politeness,0.08746695502100788,470
2016-11-22,toxicity,-0.21291296390272038,470
2016-11-29,emotion_anger,-0.05310878666774913,356
2016-11-29,emotion_fear,-0.05657342473652755,356
2016-11-29,emotion_joy,0.052962924578281445,356
2016-11-29,group_generalization_presence,-0.010958596071320296,356
2016-11-29,hate_speech_presence,0.009839684821006276,356
2016-11-29,politeness,0.0076410211348713,356
2016-11-29,toxicity,0.025610338009605535,356
2016-12-06,emotion_anger,-0.06719786314648149,444
2016-12-06,emotion_fear,-0.08178217354645308,444
2016-12-06,emotion_joy,-0.053274329769285714,444
2016-12-06,group_generalization_presence,-0.028865826043906525,444
2016-12-06,hate_speech_presence,-0.05568918281251834,444
2016-12-06,politeness,0.0364553169172964,444
2016-12-06,toxicity,-0.10601641025164944,444
2016-12-13,emotion_anger,0.12033171934334387,500
2016-12-13,emotion_fear,-0.05315996943569868,500
2016-12-13,emotion_joy,-0.1119664930198808,500
2016-12-13,group_generalization_presence,-0.025683595637852972,500
2016-12-13,hate_speech_presence,-0.020073569846745652,500
2016-12-13,politeness,-0.07171378195766856,500
2016-12-13,toxicity,0.0382673600196843,500
2016-12-20,emotion_anger,0.1114475992088065,395
2016-12-20,emotion_fear,0.09462696784096053,395
2016-12-20,emotion_joy,-0.07926142582437513,395
2016-12-20,group_generalization_presence,0.2689802126129611,395
2016-12-20,hate_speech_presence,0.31057321152581885,395
2016-12-20,politeness,-0.12449889010536885,395
2016-12-20,toxicity,0.17891942014323278,395
2016-12-27,emotion_anger,0.1690491189554976,623
2016-12-27,emotion_fear,-0.023690763750708877,623
2016-12-27,emotion_joy,-0.026399574527102412,623
2016-12-27,group_generalization_presence,0.10696920468232138,623
2016-12-27,hate_speech_presence,0.10488171059909268,623
2016-12-27,politeness,-0.147451754436666,623
2016-12-27,toxicity,0.3061426568402598,623
2017-01-03,emotion_anger,0.16250552276850772,728
2017-01-03,emotion_fear,-0.016828039977768532,728
2017-01-03,emotion_joy,-0.13914206999952475,728
2017-01-03,group_generalization_presence,-0.03948800704500625,728
2017-01-03,hate_speech_presence,-0.031602245228924006,728
2017-01-03,politeness,-0.09049781781401443,728
2017-01-03,toxicity,0.1725887286401276,728
2017-01-10,emotion_anger,0.056258929220835245,529
2017-01-10,emotion_fear,0.05049227076356592,529
2017-01-10,emotion_joy,-0.04943672080580394,529
2017-01-10,group_generalization_presence,0.10533415632926031,529
2017-01-10,hate_speech_presence,0.15126608555527624,529
2017-01-10,politeness,-0.1303102606671277,529
2017-01-10,toxicity,0.10823424967365286,529
2017-01-17,emotion_anger,-0.24682073314216216,363
2017-01-17,emotion_fear,0.008859830798941502,363
2017-01-17,emotion_joy,-0.18477334904277162,363
2017-01-17,group_generalization_presence,-0.04054905697223157,363
2017-01-17,hate_speech_presence,-0.03680889631845965,363
2017-01-17,politeness,0.13426670112476735,363
2017-01-17,toxicity,-0.2162439223559406,363
2017-01-24,emotion_anger,0.045680493219041295,456
2017-01-24,emotion_fear,0.023280484056962477,456
2017-01-24,emotion_joy,-0.04464080418583185,456
2017-01-24,group_generalization_presence,0.10831511341806922,456
2017-01-24,hate_speech_presence,0.10117328902348834,456
2017-01-24,politeness,-0.07131914819642309,456
2017-01-24,toxicity,0.046131591951840474,456
2017-01-31,emotion_anger,0.04558877813260062,623
2017-01-31,emotion_fear,-0.051459755569897,623
2017-01-31,emotion_joy,-0.059031715636693995,623
2017-01-31,group_generalization_presence,0.13896143052656273,623
2017-01-31,hate_speech_presence,0.06725318652367175,623
2017-01-31,politeness,-0.07181279925001088,623
2017-01-31,toxicity,0.09181939078720618,623
2017-02-07,emotion_anger,0.16052405369141387,422
2017-02-07,emotion_fear,-0.029389259138320044,422
2017-02-07,emotion_joy,-0.04113228210277737,422
2017-02-07,group_generalization_presence,0.07381028798133765,422
2017-02-07,hate_speech_presence,0.10256468654656212,422
2017-02-07,politeness,-0.12895692180144555,422
2017-02-07,toxicity,0.20794669168820562,422
2017-02-14,emotion_anger,0.12881842102453359,433
2017-02-14,emotion_fear,0.07506564422246147,433
2017-02-14,emotion_joy,-0.11601202738076623,433
2017-02-14,group_generalization_presence,0.21775335769606433,433
2017-02-14,hate_speech_presence,0.2066603064128981,433
2017-02-14,politeness,-0.13800776809927096,433
2017-02-14,toxicity,0.15209288976558624,433
2017-02-21,emotion_anger,-0.03135479090180442,290
2017-02-21,emotion_fear,0.024123680813992028,290
2017-02-21,emotion_joy,-0.1677539542377634,290
2017-02-21,group_generalization_presence,-0.006934153423913176,290
2017-02-21,hate_speech_presence,0.025024608940007676,290
2017-02-21,politeness,0.017601587729003373,290
2017-02-21,toxicity,-0.046471309429698064,290
2017-02-28,emotion_anger,-0.0007245241990855088,403
2017-02-28,emotion_fear,-0.01257182098334012,403
2017-02-28,emotion_joy,-0.1399499627224057,403
2017-02-28,group_generalization_presence,0.14110608803055813,403
2017-02-28,hate_speech_presence,0.16507862027163045,403
2017-02-28,politeness,-0.037215582940246975,403
2017-02-28,toxicity,0.10038035073853702,403
2017-03-07,emotion_anger,-0.006403648332157391,362
2017-03-07,emotion_fear,-0.025101292998155965,362
2017-03-07,emotion_joy,-0.16841762102599045,362
2017-03-07,group_generalization_presence,-0.014298269368252256,362
2017-03-07,hate_speech_presence,-0.012821681238984094,362
2017-03-07,politeness,0.0031958989651743506,362
2017-03-07,toxicity,0.043534753855794535,362
2017-03-14,emotion_anger,0.03362167516692828,329
2017-03-14,emotion_fear,0.05272516595377857,329
2017-03-14,emotion_joy,-0.10345946214610259,329
2017-03-14,group_generalization_presence,0.0858938965549895,329
2017-03-14,hate_speech_presence,0.11122229770287229,329
2017-03-14,politeness,-0.036378145704754415,329
2017-03-14,toxicity,-0.0007085626497576257,329
2017-03-21,emotion_anger,0.06590405888328615,330
2017-03-21,emotion_fear,0.10877783349248572,330
2017-03-21,emotion_joy,-0.0526783971933308,330
2017-03-21,group_generalization_presence,0.2589089002818223,330
2017-03-21,hate_speech_presence,0.2898556432243561,330
2017-03-21,politeness,-0.13335520064231463,330
2017-03-21,toxicity,0.11506228517456214,330
2017-03-28,emotion_anger,-0.03491711612007612,360
2017-03-28,emotion_fear,0.049157798672790125,360
2017-03-28,emotion_joy,-0.07043958195175822,360
2017-03-28,group_generalization_presence,0.0746432528946439,360
2017-03-28,hate_speech_presence,0.10983376016696085,360
2017-03-28,politeness,0.025260933802984893,360
2017-03-28,toxicity,-0.05090820167418714,360
2017-04-04,emotion_anger,0.09500929844823419,352
2017-04-04,emotion_fear,0.0687759057440568,352
2017-04-04,emotion_joy,-0.12786269223591784,352
2017-04-04,group_generalization_presence,0.030094469842685087,352
2017-04-04,hate_speech_presence,0.06857067239646228,352
2017-04-04,politeness,-0.013442771206216418,352
2017-04-04,toxicity,0.12127581199477402,352
2017-04-11,emotion_anger,-0.10583884513052744,271
2017-04-11,emotion_fear,0.09976839405466464,271
2017-04-11,emotion_joy,-0.02196988101902718,271
2017-04-11,group_generalization_presence,0.15517223904859678,271
2017-04-11,hate_speech_presence,0.18321661131311487,271
2017-04-11,politeness,0.05743613545447734,271
2017-04-11,toxicity,0.07590959013929142,271
2017-04-18,emotion_anger,0.08050748627422175,259
2017-04-18,emotion_fear,0.11196994610846775,259
2017-04-18,emotion_joy,0.036638031087830876,259
2017-04-18,group_generalization_presence,0.2379555229628102,259
2017-04-18,hate_speech_presence,0.2761867979872418,259
2017-04-18,politeness,-0.15468456702026342,259
2017-04-18,toxicity,0.18252866092689984,259
2017-04-25,emotion_anger,-0.16128230512530992,310
2017-04-25,emotion_fear,-0.07309040649103575,310
2017-04-25,emotion_joy,0.1299005904523712,310
2017-04-25,group_generalization_presence,0.042958085212134206,310
2017-04-25,hate_speech_presence,-0.011832029098181127,310
2017-04-25,politeness,0.14818233325046312,310
2017-04-25,toxicity,-0.13675803201997724,310
2017-05-02,emotion_anger,0.059761098290407245,409
2017-05-02,emotion_fear,-0.026875945654410434,409
2017-05-02,emotion_joy,-0.06235856709126657,409
2017-05-02,group_generalization_presence,0.17065844779799108,409
2017-05-02,hate_speech_presence,0.15231945430720698,409
2017-05-02,politeness,-0.08173042745079585,409
2017-05-02,toxicity,0.07990112608416819,409
2017-05-09,emotion_anger,-0.003975059038329442,477
2017-05-09,emotion_fear,-0.029571693633386666,477
2017-05-09,emotion_joy,-0.06036624207104206,477
2017-05-09,group_generalization_presence,0.18889213884692302,477
2017-05-09,hate_speech_presence,0.2349610305971154,477
2017-05-09,politeness,-0.03128496778109814,477
2017-05-09,toxicity,0.0538744346268633,477
2017-05-16,emotion_anger,-0.1384452733971396,325
2017-05-16,emotion_fear,-0.10807295975780676,325
2017-05-16,emotion_joy,0.14421246118614445,325
2017-05-16,group_generalization_presence,-0.0376805021901068,325
2017-05-16,hate_speech_presence,-0.026917738471120514,325
2017-05-16,politeness,0.09271111006709587,325
2017-05-16,toxicity,-0.0660455044543227,325
2017-05-23,emotion_anger,0.12510537420790713,375
2017-05-23,emotion_fear,0.21941285855146997,375
2017-05-23,emotion_joy,-0.03629653227206947,375
2017-05-23,group_generalization_presence,0.42981982725085544,375
2017-05-23,hate_speech_presence,0.4893869844940649,375
2017-05-23,politeness,-0.12552513051911926,375
2017-05-23,toxicity,0.2248141469489096,375
2017-05-30,emotion_anger,0.02721880145323358,389
2017-05-30,emotion_fear,0.10881192303686758,389
2017-05-30,emotion_joy,-0.02536347714185567,389
2017-05-30,group_generalization_presence,0.12992239268070857,389
2017-05-30,hate_speech_presence,0.15423710475124602,389
2017-05-30,politeness,-0.046713485218568294,389
2017-05-30,toxicity,0.133734844588773,389
2017-06-06,emotion_anger,0.13967500339464972,479
2017-06-06,emotion_fear,0.08298141248949797,479
2017-06-06,emotion_joy,-0.10077810999006606,479
2017-06-06,group_generalization_presence,0.4682448880950445,479
2017-06-06,hate_speech_presence,0.44015437815566366,479
2017-06-06,politeness,-0.10367895796525077,479
2017-06-06,toxicity,0.2686544323528387,479
2017-06-13,emotion_anger,0.09325433161222484,344
2017-06-13,emotion_fear,0.09378167920433858,344
2017-06-13,emotion_joy,-0.12556332492704136,344
2017-06-13,group_generalization_presence,0.1679979703471872,344
2017-06-13,hate_speech_presence,0.09410124533494077,344
2017-06-13,politeness,-0.11019292200136922,344
2017-06-13,toxicity,0.15820766563928854,344
2017-06-20,emotion_anger,0.1729789013718269,300
2017-06-20,emotion_fear,0.07846242955066741,300
2017-06-20,emotion_joy,-0.13616568305433252,300
2017-06-20,group_generalization_presence,0.0977153520618058,300
2017-06-20,hate_speech_presence,0.14955012517914784,300
2017-06-20,politeness,-0.1524608574583023,300
2017-06-20,toxicity,0.1829824479582245,300
2017-06-27,emotion_anger,-0.09279127394604825,390
2017-06-27,emotion_fear,-0.0227135679357347,390
2017-06-27,emotion_joy,-0.01592215444277877,390
2017-06-27,group_generalization_presence,-0.008384795876880518,390
2017-06-27,hate_speech_presence,0.046652779726458926,390
2017-06-27,politeness,0.07750525541289063,390
2017-06-27,toxicity,-0.06781667447747118,390
2017-07-04,emotion_anger,0.1202478308054765,349
2017-07-04,emotion_fear,-0.08989349067135319,349
2017-07-04,emotion_joy,-0.013128028289681497,349
2017-07-04,group_generalization_presence,-0.06991950681034069,349
2017-07-04,hate_speech_presence,0.0003181398426868457,349
2017-07-04,politeness,-0.002485607703530055,349
2017-07-04,toxicity,0.044360878706043806,349
2017-07-11,emotion_anger,0.0024974202723173767,265
2017-07-11,emotion_fear,-0.009053874680681804,265
2017-07-11,emotion_joy,-0.012293274685005049,265
2017-07-11,group_generalization_presence,0.010416101143311311,265
2017-07-11,hate_speech_presence,-0.007870952828649962,265
2017-07-11,politeness,0.05242147440003682,265
2017-07-11,toxicity,-0.004265684902301803,265
2017-07-18,emotion_anger,0.11842518548940008,376
2017-07-18,emotion_fear,-0.07584554685216728,376
2017-07-18,emotion_joy,-0.09264878731188454,376
2017-07-18,group_generalization_presence,-0.014774943019806143,376
2017-07-18,hate_speech_presence,-0.05708878309935249,376
2017-07-18,politeness,-0.0760903946927631,376
2017-07-18,toxicity,0.06633305351376369,376
2017-07-25,emotion_anger,0.11830590866640127,257
2017-07-25,emotion_fear,-0.019143577185528678,257
2017-07-25,emotion_joy,-0.1676366587035481,257
2017-07-25,group_generalization_presence,0.16792152373380215,257
2017-07-25,hate_speech_presence,0.061628277804670895,257
2017-07-25,politeness,-0.10621118167163345,257
2017-07-25,toxicity,0.07600468595869075,257
2017-08-01,emotion_anger,0.09646469902495183,378
2017-08-01,emotion_fear,-0.027157874515995137,378
2017-08-01,emotion_joy,-0.14600556464283249,378
2017-08-01,group_generalization_presence,0.0519241712759746,378
2017-08-01,hate_speech_presence,0.007376603211453487,378
2017-08-01,politeness,-0.034075892865905594,378
2017-08-01,toxicity,0.07963159185603723,378
2017-08-08,emotion_anger,0.06809452751073942,503
2017-08-08,emotion_fear,0.12124649843007526,503
2017-08-08,emotion_joy,-0.049901114348051015,503
2017-08-08,group_generalization_presence,0.17708378912327702,503
2017-08-08,hate_speech_presence,0.17738903696544236,503
2017-08-08,politeness,-0.036687945009418396,503
2017-08-08,toxicity,0.15281730286458972,503
2017-08-15,emotion_anger,0.05027706523258014,429
2017-08-15,emotion_fear,0.04196973551233739,429
2017-08-15,emotion_joy,-0.05643270761566733,429
2017-08-15,group_generalization_presence,0.2362519278469645,429
2017-08-15,hate_speech_presence,0.1678214357535772,429
2017-08-15,politeness,-0.012657636228300583,429
2017-08-15,toxicity,0.08593047624375356,429
2017-08-22,emotion_anger,-0.060147710089880485,397
2017-08-22,emotion_fear,-0.025440257450200742,397
2017-08-22,emotion_joy,0.10573089110794838,397
2017-08-22,group_generalization_presence,0.11706630319391768,397
2017-08-22,hate_speech_presence,0.1328775551353714,397
2017-08-22,politeness,0.09954476418120023,397
2017-08-22,toxicity,0.004287827520491369,397
2017-08-29,emotion_anger,0.026521027724538713,407
2017-08-29,emotion_fear,0.04769828831228608,407
2017-08-29,emotion_joy,-0.08715628785359232,407
2017-08-29,group_generalization_presence,0.06205370722177413,407
2017-08-29,hate_speech_presence,0.011702343120177372,407
2017-08-29,politeness,-0.022466139842216935,407
2017-08-29,toxicity,0.04019481570070963,407
2017-09-05,emotion_anger,0.04215164745274795,358
2017-09-05,emotion_fear,-0.0072104834558374175,358
2017-09-05,emotion_joy,-0.04831456411863199,358
2017-09-05,group_generalization_presence,0.09143481916379134,358
2017-09-05,hate_speech_presence,0.055318988039736505,358
2017-09-05,politeness,-0.06454062710536705,358
2017-09-05,toxicity,0.08700697125649666,358
2017-09-12,emotion_anger,0.19314204264484464,462
2017-09-12,emotion_fear,-0.0274981088627891,462
2017-09-12,emotion_joy,-0.1379206970254224,462
2017-09-12,group_generalization_presence,-0.02564760103620839,462
2017-09-12,hate_speech_presence,-0.07707677792851855,462
2017-09-12,politeness,-0.16557782224003542,462
2017-09-12,toxicity,0.10031089136991275,462
2017-09-19,emotion_anger,-0.041829315382900564,480
2017-09-19,emotion_fear,-0.08537072018163738,480
2017-09-19,emotion_joy,-0.06644587815160705,480
2017-09-19,group_generalization_presence,0.05018179869240176,480
2017-09-19,hate_speech_presence,-0.00352522991913299,480
2017-09-19,politeness,0.005331056050194408,480
2017-09-19,toxicity,-0.018302155943384125,480
2017-09-26,emotion_anger,0.14816766731627132,523
2017-09-26,emotion_fear,-0.01085825059998317,523
2017-09-26,emotion_joy,-0.11486491537815556,523
2017-09-26,group_generalization_presence,0.1510684695487498,523
2017-09-26,hate_speech_presence,0.03503759639518533,523
2017-09-26,politeness,-0.1079798447866486,523
2017-09-26,toxicity,0.06139077753412266,523
2017-10-03,emotion_anger,0.042918083720277105,574
2017-10-03,emotion_fear,-0.06781471214884324,574
2017-10-03,emotion_joy,-0.1260761131158103,574
2017-10-03,group_generalization_presence,0.027949315366935245,574
2017-10-03,hate_speech_presence,-0.0039642986258455895,574
2017-10-03,politeness,-0.09154617521384743,574
2017-10-03,toxicity,0.06917379192135484,574
2017-10-10,emotion_anger,0.04271688481953178,554
2017-10-10,emotion_fear,-0.06572265433109997,554
2017-10-10,emotion_joy,-0.13203778246583672,554
2017-10-10,group_generalization_presence,0.06273291489351514,554
2017-10-10,hate_speech_presence,-0.01803093036688644,554
2017-10-10,politeness,-0.09312308167766513,554
2017-10-10,toxicity,0.05865752986339838,554
2017-10-17,emotion_anger,0.09316837937800379,468
2017-10-17,emotion_fear,-0.05875202351776854,468
2017-10-17,emotion_joy,-0.09821766706681814,468
2017-10-17,group_generalization_presence,-0.012723801815077176,468
2017-10-17,hate_speech_presence,-0.06897737679453725,468
2017-10-17,politeness,-0.10004896964684049,468
2017-10-17,toxicity,0.02174397628505713,468
2017-10-24,emotion_anger,0.005115153560323272,488
2017-10-24,emotion_fear,-0.03914742045278783,488
2017-10-24,emotion_joy,-0.030287332140871714,488
2017-10-24,group_generalization_presence,-0.019268692087946057,488
2017-10-24,hate_speech_presence,-0.059215053918584004,488
2017-10-24,politeness,-0.006569700577881898,488
2017-10-24,toxicity,-0.068153659414391,488
2017-10-31,emotion_anger,-0.10035224716577092,401
2017-10-31,emotion_fear,0.006464971694466992,401
2017-10-31,emotion_joy,-0.03768906468267234,401
2017-10-31,group_generalization_presence,0.041792670163261644,401
2017-10-31,hate_speech_presence,-0.02193959632527418,401
2017-10-31,politeness,0.02118402916402078,401
2017-10-31,toxicity,-0.07022041846758514,401
2017-11-07,emotion_anger,-0.02861497683822309,371
2017-11-07,emotion_fear,-0.021183310205624934,371
2017-11-07,emotion_joy,-0.0344808026500967,371
2017-11-07,group_generalization_presence,-0.003775427671856738,371
2017-11-07,hate_speech_presence,-0.07229688109758015,371
2017-11-07,politeness,-0.0479792261465688,371
2017-11-07,toxicity,-0.007913603936952958,371
2017-11-14,emotion_anger,-0.00840336788752268,362
2017-11-14,emotion_fear,-0.051858208663751744,362
2017-11-14,emotion_joy,-0.11148510442858273,362
2017-11-14,group_generalization_presence,-0.002845837355407667,362
2017-11-14,hate_speech_presence,0.030314933091300407,362
2017-11-14,politeness,0.020917346713328552,362
2017-11-14,toxicity,0.07564670304029754,362
2017-11-21,emotion_anger,0.20578990534789993,398
2017-11-21,emotion_fear,0.012287483588138267,398
2017-11-21,emotion_joy,-0.05253607131776964,398
2017-11-21,group_generalization_presence,0.1132845387796592,398
2017-11-21,hate_speech_presence,0.07828087393421773,398
2017-11-21,politeness,-0.10121773494620119,398
2017-11-21,toxicity,0.17760892419328372,398
2017-11-28,emotion_anger,-0.03498826571202962,317
2017-11-28,emotion_fear,-0.07263394447247372,317
2017-11-28,emotion_joy,-0.06907363159411369,317
2017-11-28,group_generalization_presence,0.010853939756309822,317
2017-11-28,hate_speech_presence,-0.07628989735086936,317
2017-11-28,politeness,0.05618818875576028,317
2017-11-28,toxicity,-0.011270554298342344,317
2017-12-05,emotion_anger,0.1431144381127513,386
2017-12-05,emotion_fear,-0.0040769790569172275,386
2017-12-05,emotion_joy,0.018392136424914607,386
2017-12-05,group_generalization_presence,0.22239238763142713,386
2017-12-05,hate_speech_presence,0.30103308263375606,386
2017-12-05,politeness,-0.16379717777999198,386
2017-12-05,toxicity,0.2521100842543944,386
2017-12-12,emotion_anger,-0.0642256793229159,276
2017-12-12,emotion_fear,-0.07912725142858083,276
2017-12-12,emotion_joy,-0.027439540293807987,276
2017-12-12,group_generalization_presence,0.240626578267495,276
2017-12-12,hate_speech_presence,0.18335464216254693,276
2017-12-12,politeness,-0.019243540513267487,276
2017-12-12,toxicity,-0.029332314626893924,276
2017-12-19,emotion_anger,0.046759624940663526,340
2017-12-19,emotion_fear,0.012179290207679832,340
2017-12-19,emotion_joy,0.030157249361058458,340
2017-12-19,group_generalization_presence,0.2547218865563668,340
2017-12-19,hate_speech_presence,0.2226205982644996,340
2017-12-19,politeness,0.003545314384925542,340
2017-12-19,toxicity,0.09733723872381204,340
2017-12-26,emotion_anger,-0.1960020876243556,266
2017-12-26,emotion_fear,-0.09371840802322366,266
2017-12-26,emotion_joy,0.2841762798714099,266
2017-12-26,group_generalization_presence,0.08489248820336781,266
2017-12-26,hate_speech_presence,0.08851279999718406,266
2017-12-26,politeness,0.19264091847279063,266
2017-12-26,toxicity,-0.15832801555633502,266
2018-01-02,emotion_anger,-0.14700095625143195,343
2018-01-02,emotion_fear,-0.134458644184177,343
2018-01-02,emotion_joy,0.09941029265946448,343
2018-01-02,group_generalization_presence,-0.05154031755294562,343
2018-01-02,hate_speech_presence,-0.05178882393185745,343
2018-01-02,politeness,0.12705589066196643,343
2018-01-02,toxicity,-0.11657388169175234,343
2018-01-09,emotion_anger,-0.03792952847599556,274
2018-01-09,emotion_fear,-0.06847352557430368,274
2018-01-09,emotion_joy,-0.02362380102632321,274
2018-01-09,group_generalization_presence,0.16020682299459793,274
2018-01-09,hate_speech_presence,0.05945119964530069,274
2018-01-09,politeness,0.0017765528820513493,274
2018-01-09,toxicity,0.015221986419810409,274
2018-01-16,emotion_anger,-0.03872930659949479,242
2018-01-16,emotion_fear,-0.031754499896254784,242
2018-01-16,emotion_joy,-0.0432272256127374,242
2018-01-16,group_generalization_presence,0.059122471304247165,242
2018-01-16,hate_speech_presence,0.11938048141968703,242
2018-01-16,politeness,0.03380950342557443,242
2018-01-16,toxicity,-0.0340398171500981,242
2018-01-23,emotion_anger,-0.04839213009791811,299
2018-01-23,emotion_fear,-0.09903089977389086,299
2018-01-23,emotion_joy,0.006891874764877489,299
2018-01-23,group_generalization_presence,-0.008075213663534213,299
2018-01-23,hate_speech_presence,-0.05497045342632796,299
2018-01-23,politeness,-0.030506040323297994,299
2018-01-23,toxicity,0.004999489440895886,299
2018-01-30,emotion_anger,0.04413958064583531,364
2018-01-30,emotion_fear,-0.10186496813800573,364
2018-01-30,emotion_joy,-0.14927065065736778,364
2018-01-30,group_generalization_presence,-0.004667058490509381,364
2018-01-30,hate_speech_presence,-0.047521394148636306,364
2018-01-30,politeness,-0.07212912479104445,364
2018-01-30,toxicity,0.08260700211941145,364
2018-02-06,emotion_anger,-0.06061184714646649,345
2018-02-06,emotion_fear,-0.04978509905216268,345
2018-02-06,emotion_joy,-0.045650261603253875,345
2018-02-06,group_generalization_presence,0.1084533447874565,345
2018-02-06,hate_speech_presence,0.12087604884128912,345
2018-02-06,politeness,0.0438101945131773,345
2018-02-06,toxicity,-0.03458844379984056,345
2018-02-13,emotion_anger,0.02265274285760178,367
2018-02-13,emotion_fear,-0.058085387407450076,367
2018-02-13,emotion_joy,0.035185533940470914,367
2018-02-13,group_generalization_presence,0.008062391487841197,367
2018-02-13,hate_speech_presence,0.0627358477564435,367
2018-02-13,politeness,-0.031855636158907075,367
2018-02-13,toxicity,0.10229473867173687,367
2018-02-20,emotion_anger,0.08547558112223565,383
2018-02-20,emotion_fear,0.06208210346943659,383
2018-02-20,emotion_joy,-0.08373092952067128,383
2018-02-20,group_generalization_presence,0.19366779235844672,383
2018-02-20,hate_speech_presence,0.18198460348203233,383
2018-02-20,politeness,-0.13279199672081918,383
2018-02-20,toxicity,0.18619963223872624,383
2018-02-27,emotion_anger,-0.07342336911858288,361
2018-02-27,emotion_fear,-0.1101591998216786,361
2018-02-27,emotion_joy,-0.010065904762145224,361
2018-02-27,group_generalization_presence,-0.07350064423366534,361
2018-02-27,hate_speech_presence,-0.0764898390779489,361
2018-02-27,politeness,0.128304714346395,361
2018-02-27,toxicity,-0.0712595387927045,361
2018-03-06,emotion_anger,0.18888205096731858,357
2018-03-06,emotion_fear,-0.025430128783391015,357
2018-03-06,emotion_joy,-0.1610571672747615,357
2018-03-06,group_generalization_presence,0.2556106626337373,357
2018-03-06,hate_speech_presence,0.20281721411032028,357
2018-03-06,politeness,-0.21209692279306974,357
2018-03-06,toxicity,0.25252364186605475,357
2018-03-13,emotion_anger,-0.11742818252233361,376
2018-03-13,emotion_fear,-0.01704879727149921,376
2018-03-13,emotion_joy,-0.0018022102534038852,376
2018-03-13,group_generalization_presence,-0.05309587595955117,376
2018-03-13,hate_speech_presence,-0.046198904832241,376
2018-03-13,politeness,0.07441240699895481,376
2018-03-13,toxicity,-0.11433368884459412,376
2018-03-20,emotion_anger,-0.04406192740775534,339
2018-03-20,emotion_fear,-0.06783206995327042,339
2018-03-20,emotion_joy,-0.07557864083140614,339
2018-03-20,group_generalization_presence,0.006185131942324794,339
2018-03-20,hate_speech_presence,0.031069352386771155,339
2018-03-20,politeness,-0.006082959138926961,339
2018-03-20,toxicity,0.0800062143077123,339
2018-03-27,emotion_anger,0.023023467233655916,327
2018-03-27,emotion_fear,0.05507958402232539,327
2018-03-27,emotion_joy,-0.048839309333925544,327
2018-03-27,group_generalization_presence,0.0018153299498447448,327
2018-03-27,hate_speech_presence,-0.02457494890562256,327
2018-03-27,politeness,-0.07040662689401328,327
2018-03-27,toxicity,0.032802550094358535,327
2018-04-03,emotion_anger,-0.16946533211680295,275
2018-04-03,emotion_fear,0.024270326060884365,275
2018-04-03,emotion_joy,-0.0009859337782369773,275
2018-04-03,group_generalization_presence,-0.16359440518933185,275
2018-04-03,hate_speech_presence,-0.08961766985260497,275
2018-04-03,politeness,0.11678879882621614,275
2018-04-03,toxicity,-0.16760851095886073,275
2018-04-10,emotion_anger,0.057058729472990045,294
2018-04-10,emotion_fear,-0.036838317222338955,294
2018-04-10,emotion_joy,-0.06740428136603441,294
2018-04-10,group_generalization_presence,-0.007594968866826387,294
2018-04-10,hate_speech_presence,-0.0322665676089135,294
2018-04-10,politeness,-0.09552280490446016,294
2018-04-10,toxicity,0.052943794825931,294
2018-04-17,emotion_anger,-0.1376053951586452,220
2018-04-17,emotion_fear,-0.11348255080365773,220
2018-04-17,emotion_joy,-0.003861172793813714,220
2018-04-17,group_generalization_presence,-0.08370056565192145,220
2018-04-17,hate_speech_presence,-0.07670654982292512,220
2018-04-17,politeness,0.0630288842575832,220
2018-04-17,toxicity,-0.07734013334696722,220
2018-04-24,emotion_anger,0.04275076626093245,243
2018-04-24,emotion_fear,-0.02964902252166167,243
2018-04-24,emotion_joy,-0.06729548011938123,243
2018-04-24,group_generalization_presence,-0.018183758610562213,243
2018-04-24,hate_speech_presence,-0.053796651095544185,243
2018-04-24,politeness,-0.11329841394110038,243
2018-04-24,toxicity,-0.009811465023006392,243
2018-05-01,emotion_anger,-0.10197350109653346,301
2018-05-01,emotion_fear,0.08427921666539463,301
2018-05-01,emotion_joy,0.02157951981708627,301
2018-05-01,group_generalization_presence,0.12240840466345715,301
2018-05-01,hate_speech_presence,0.14740808099548944,301
2018-05-01,politeness,0.026470353981954565,301
2018-05-01,toxicity,-0.07494344716019388,301
2018-05-08,emotion_anger,-0.05811665324341554,225
2018-05-08,emotion_fear,-0.056902879743532656,225
2018-05-08,emotion_joy,0.09679383228419612,225
2018-05-08,group_generalization_presence,-0.01421925313020344,225
2018-05-08,hate_speech_presence,-0.014471670519721256,225
2018-05-08,politeness,0.007072294628430394,225
2018-05-08,toxicity,-0.07879271295062919,225
2018-05-15,emotion_anger,0.2761151166901713,317
2018-05-15,emotion_fear,0.08485589968005612,317
2018-05-15,emotion_joy,-0.16787215310968906,317
2018-05-15,group_generalization_presence,0.4195890898381931,317
2018-05-15,hate_speech_presence,0.42597609937595204,317
2018-05-15,politeness,-0.1963931365509904,317
2018-05-15,toxicity,0.32876480082655124,317
2018-05-22,emotion_anger,0.04928527435961908,251
2018-05-22,emotion_fear,-0.05494126774136184,251
2018-05-22,emotion_joy,-0.060008155237469614,251
2018-05-22,group_generalization_presence,0.06107125913236845,251
2018-05-22,hate_speech_presence,0.01950924705797666,251
2018-05-22,politeness,-0.12240953433468305,251
2018-05-22,toxicity,0.06458084689388591,251
2018-05-29,emotion_anger,0.009238903203969341,270
2018-05-29,emotion_fear,0.043502760781187644,270
2018-05-29,emotion_joy,0.0003573597333066622,270
2018-05-29,group_generalization_presence,0.042173577779812926,270
2018-05-29,hate_speech_presence,-0.00736025827167556,270
2018-05-29,politeness,0.005672872664522368,270
2018-05-29,toxicity,-0.009616614136557497,270
2018-06-05,emotion_anger,-0.05700733170810765,218
2018-06-05,emotion_fear,-0.04524913443725848,218
2018-06-05,emotion_joy,-0.008603151995509876,218
2018-06-05,group_generalization_presence,-0.06403364181773388,218
2018-06-05,hate_speech_presence,-0.055601856603145546,218
2018-06-05,politeness,0.0040748349584332514,218
2018-06-05,toxicity,-0.03207800515094095,218
2018-06-12,emotion_anger,-0.1514313409516261,219
2018-06-12,emotion_fear,-0.05287608340481886,219
2018-06-12,emotion_joy,0.19071502212950575,219
2018-06-12,group_generalization_presence,-0.11503040008742195,219
2018-06-12,hate_speech_presence,-0.043662449477743115,219
2018-06-12,politeness,0.15139229484809277,219
2018-06-12,toxicity,-0.2156159696984839,219
2018-06-19,emotion_anger,0.16368527706385125,312
2018-06-19,emotion_fear,0.11000405456577268,312
2018-06-19,emotion_joy,-0.2666868499249749,312
2018-06-19,group_generalization_presence,0.39691366452540555,312
2018-06-19,hate_speech_presence,0.3852327562555078,312
2018-06-19,politeness,-0.2366042066332351,312
2018-06-19,toxicity,0.22182261281966867,312
2018-06-26,emotion_anger,0.019300165910584886,337
2018-06-26,emotion_fear,-0.026122437471907727,337
2018-06-26,emotion_joy,-0.026007150500873433,337
2018-06-26,group_generalization_presence,0.08955923658458434,337
2018-06-26,hate_speech_presence,0.06483257141822123,337
2018-06-26,politeness,-0.02152763245853529,337
2018-06-26,toxicity,0.03523739421608782,337
2018-07-03,emotion_anger,-0.12746719902272602,331
2018-07-03,emotion_fear,-0.08664986016843436,331
2018-07-03,emotion_joy,0.06807438184229639,331
2018-07-03,group_generalization_presence,-0.00597931490019787,331
2018-07-03,hate_speech_presence,-0.023921197001044853,331
2018-07-03,politeness,0.1263909803013789,331
2018-07-03,toxicity,-0.08691281097959787,331
2018-07-10,emotion_anger,0.10346714407821504,265
2018-07-10,emotion_fear,-0.05535065943296631,265
2018-07-10,emotion_joy,-0.11551133234696664,265
2018-07-10,group_generalization_presence,0.06241662741089674,265
2018-07-10,hate_speech_presence,-0.02109542128336715,265
2018-07-10,politeness,-0.08166092809198551,265
2018-07-10,toxicity,0.059492370473258616,265
2018-07-17,emotion_anger,0.05764881764111788,349
2018-07-17,emotion_fear,-0.0200574437748587,349
2018-07-17,emotion_joy,-0.01560554348165008,349
2018-07-17,group_generalization_presence,0.17806491111050013,349
2018-07-17,hate_speech_presence,0.17811064567876198,349
2018-07-17,politeness,-0.19202603748681124,349
2018-07-17,toxicity,0.20484801901996447,349
2018-07-24,emotion_anger,0.11575902204752361,219
2018-07-24,emotion_fear,-0.04158860571882331,219
2018-07-24,emotion_joy,-0.20463362216153463,219
2018-07-24,group_generalization_presence,0.2247883907868216,219
2018-07-24,hate_speech_presence,0.12372432420535683,219
2018-07-24,politeness,-0.14518615424450573,219
2018-07-24,toxicity,0.13754501915495568,219
2018-07-31,emotion_anger,0.22940061111988744,278
2018-07-31,emotion_fear,-0.0311885544377011,278
2018-07-31,emotion_joy,-0.15233295835337957,278
2018-07-31,group_generalization_presence,0.2025571179677413,278
2018-07-31,hate_speech_presence,0.1160089034944554,278
2018-07-31,politeness,-0.21679005966802778,278
2018-07-31,toxicity,0.25066757032115594,278
2018-08-07,emotion_anger,-0.19181072220205256,234
2018-08-07,emotion_fear,-0.08367479036902889,234
2018-08-07,emotion_joy,-0.01079981785320776,234
2018-08-07,group_generalization_presence,0.020378434128463935,234
2018-08-07,hate_speech_presence,0.04409106024899639,234
2018-08-07,politeness,0.08164273670416894,234
2018-08-07,toxicity,-0.07167740231460305,234
2018-08-14,emotion_anger,0.06561399310626864,372
2018-08-14,emotion_fear,-0.01670986786261054,372
2018-08-14,emotion_joy,-0.08320623044490498,372
2018-08-14,group_generalization_presence,0.09466974943026212,372
2018-08-14,hate_speech_presence,0.05406427944550622,372
2018-08-14,politeness,-0.005035270174907797,372
2018-08-14,toxicity,0.07116709507216075,372
2018-08-21,emotion_anger,-0.004544530578597068,298
2018-08-21,emotion_fear,-0.004769454248313242,298
2018-08-21,emotion_joy,-0.1283246429633841,298
2018-08-21,group_generalization_presence,-0.0022834874916339352,298
2018-08-21,hate_speech_presence,0.05675619790031913,298
2018-08-21,politeness,-0.11497461689270258,298
2018-08-21,toxicity,0.06071061997557627,298
2018-08-28,emotion_anger,-0.047341788947156946,293
2018-08-28,emotion_fear,0.03573411116479349,293
2018-08-28,emotion_joy,-0.02306578778291939,293
2018-08-28,group_generalization_presence,0.07515717988372106,293
2018-08-28,hate_speech_presence,0.05051621780003428,293
2018-08-28,politeness,0.06244781959272063,293
2018-08-28,toxicity,-0.09544120838208274,293
2018-09-04,emotion_anger,-0.017893971055648498,299
2018-09-04,emotion_fear,-0.053869064490614973,299
2018-09-04,emotion_joy,-0.02472221497074532,299
2018-09-04,group_generalization_presence,-0.17234886256352858,299
2018-09-04,hate_speech_presence,-0.12943060440592302,299
2018-09-04,politeness,-0.007195296224947178,299
2018-09-04,toxicity,-0.0365292561806846,299
2018-09-11,emotion_anger,-0.10613858021093672,369
2018-09-11,emotion_fear,-0.10542340146126053,369
2018-09-11,emotion_joy,0.04265666313252285,369
2018-09-11,group_generalization_presence,-0.1120453867876719,369
2018-09-11,hate_speech_presence,-0.07708513963597097,369
2018-09-11,politeness,0.026019625156760484,369
2018-09-11,toxicity,-0.0841369993711236,369
2018-09-18,emotion_anger,0.12241114699772583,379
2018-09-18,emotion_fear,-0.06373049922643018,379
2018-09-18,emotion_joy,-0.06686855607754197,379
2018-09-18,group_generalization_presence,-0.035485529582534744,379
2018-09-18,hate_speech_presence,-0.06291854409405866,379
2018-09-18,politeness,-0.05477644836688433,379
2018-09-18,toxicity,0.054560443107714324,379
2018-09-25,emotion_anger,-0.040708460150081234,452
2018-09-25,emotion_fear,-0.02657986913558631,452
2018-09-25,emotion_joy,0.10828089445248341,452
2018-09-25,group_generalization_presence,-0.0873144660960302,452
2018-09-25,hate_speech_presence,-0.07118753532018723,452
2018-09-25,politeness,0.050871274680764404,452
2018-09-25,toxicity,-0.009606569450216497,452
2018-10-02,emotion_anger,0.07487455698557008,371
2018-10-02,emotion_fear,0.016401574001413576,371
2018-10-02,emotion_joy,-0.08416577861536391,371
2018-10-02,group_generalization_presence,-0.028695449615672237,371
2018-10-02,hate_speech_presence,-0.06406753167292423,371
2018-10-02,politeness,0.01500761449993543,371
2018-10-02,toxicity,-0.02890946933764047,371
2018-10-09,emotion_anger,0.2180008794769911,302
2018-10-09,emotion_fear,0.032812602748120305,302
2018-10-09,emotion_joy,-0.12403805102959072,302
2018-10-09,group_generalization_presence,0.13514939691334568,302
2018-10-09,hate_speech_presence,0.016274716845970674,302
2018-10-09,politeness,-0.2656427503863432,302
2018-10-09,toxicity,0.2418626359637249,302
2018-10-16,emotion_anger,-0.014392294237777716,261
2018-10-16,emotion_fear,-0.04332856824786917,261
2018-10-16,emotion_joy,-0.10107718555563266,261
2018-10-16,group_generalization_presence,0.03135539500066587,261
2018-10-16,hate_speech_presence,-0.013715089807136462,261
2018-10-16,politeness,0.05913685951881057,261
2018-10-16,toxicity,-0.07756548767459889,261
2018-10-23,emotion_anger,-0.18388309765207267,286
2018-10-23,emotion_fear,-0.03648617152285953,286
2018-10-23,emotion_joy,0.07388288370879684,286
2018-10-23,group_generalization_presence,-0.015776480781854223,286
2018-10-23,hate_speech_presence,0.003014755035643433,286
2018-10-23,politeness,0.12184628597767597,286
2018-10-23,toxicity,-0.22125949752797952,286
2018-10-30,emotion_anger,-0.17419566340030515,254
2018-10-30,emotion_fear,-0.07575914910933379,254
2018-10-30,emotion_joy,0.025731744450232078,254
2018-10-30,group_generalization_presence,-0.030872216153360436,254
2018-10-30,hate_speech_presence,-0.08496967576395559,254
2018-10-30,politeness,0.1526372305689513,254
2018-10-30,toxicity,-0.20389566840648074,254
2018-11-06,emotion_anger,0.04577823851838576,345
2018-11-06,emotion_fear,0.06636077145775922,345
2018-11-06,emotion_joy,0.0011326983343255283,345
2018-11-06,group_generalization_presence,0.055237524711203176,345
2018-11-06,hate_speech_presence,-0.0021719081065718284,345
2018-11-06,politeness,0.04740833050013872,345
2018-11-06,toxicity,-0.02515847580908551,345
2018-11-13,emotion_anger,0.11698493463856807,312
2018-11-13,emotion_fear,-0.02616218108129404,312
2018-11-13,emotion_joy,-0.07631082771653709,312
2018-11-13,group_generalization_presence,-0.12040992972689925,312
2018-11-13,hate_speech_presence,-0.10273948556650705,312
2018-11-13,politeness,-0.041405614131469856,312
2018-11-13,toxicity,0.02341169136350543,312
2018-11-20,emotion_anger,0.11410732647975169,321
2018-11-20,emotion_fear,-0.003671629824072481,321
2018-11-20,emotion_joy,-0.14408479795149887,321
2018-11-20,group_generalization_presence,-0.0654670653590488,321
2018-11-20,hate_speech_presence,-0.11079226804415687,321
2018-11-20,politeness,-0.09373446262532419,321
2018-11-20,toxicity,0.029532277366358536,321
2018-11-27,emotion_anger,0.1654125348022031,413
2018-11-27,emotion_fear,0.01677953222230321,413
2018-11-27,emotion_joy,-0.10953796986890735,413
2018-11-27,group_generalization_presence,0.09877995243762054,413
2018-11-27,hate_speech_presence,-0.01811118582363183,413
2018-11-27,politeness,-0.15414749754594295,413
2018-11-27,toxicity,0.20368293925710657,413
2018-12-04,emotion_anger,-0.0030248422725750543,469
2018-12-04,emotion_fear,-0.027166233983949382,469
2018-12-04,emotion_joy,-0.04157106305809806,469
2018-12-04,group_generalization_presence,-0.045515713638040925,469
2018-12-04,hate_speech_presence,-0.044307914453553116,469
2018-12-04,politeness,-0.04078380885241904,469
2018-12-04,toxicity,0.03372959775372559,469
2018-12-11,emotion_anger,0.12472575884915826,320
2018-12-11,emotion_fear,0.06719595849125792,320
2018-12-11,emotion_joy,0.050361383900324616,320
2018-12-11,group_generalization_presence,0.056912374346498915,320
2018-12-11,hate_speech_presence,-0.019146872948227485,320
2018-12-11,politeness,-0.05408878639500825,320
2018-12-11,toxicity,0.15203038131641783,320
2018-12-18,emotion_anger,0.02568568531275318,298
2018-12-18,emotion_fear,-0.021486977776252882,298
2018-12-18,emotion_joy,0.10363871966874957,298
2018-12-18,group_generalization_presence,0.05938990948548665,298
2018-12-18,hate_speech_presence,0.030720199846631085,298
2018-12-18,politeness,-0.0325341595041656,298
2018-12-18,toxicity,-0.07844208162195698,298
2018-12-25,emotion_anger,-0.11053920553553295,311
2018-12-25,emotion_fear,-0.07162428537598838,311
2018-12-25,emotion_joy,0.23134368229166924,311
2018-12-25,group_generalization_presence,-0.04967532276355917,311
2018-12-25,hate_speech_presence,-0.07095404509921441,311
2018-12-25,politeness,0.1521028383707083,311
2018-12-25,toxicity,-0.10977835149163906,311
2019-01-01,emotion_anger,-0.09398897042530382,428
2019-01-01,emotion_fear,-0.06316125234072797,428
2019-01-01,emotion_joy,0.011072469983096746,428
2019-01-01,group_generalization_presence,0.11385651014499781,428
2019-01-01,hate_speech_presence,0.08899657340570037,428
2019-01-01,politeness,0.006717302149161729,428
2019-01-01,toxicity,-0.014546680856833756,428
2019-01-08,emotion_anger,-0.02843132279783561,297
2019-01-08,emotion_fear,-0.11874569653277424,297
2019-01-08,emotion_joy,0.014271806959615338,297
2019-01-08,group_generalization_presence,0.0014968764060952007,297
2019-01-08,hate_speech_presence,-0.0074918640986342076,297
2019-01-08,politeness,-0.039390212251964575,297
2019-01-08,toxicity,0.06962506922887317,297
2019-01-15,emotion_anger,-0.1722134107017719,364
2019-01-15,emotion_fear,-0.1080649762028558,364
2019-01-15,emotion_joy,0.10221977804003454,364
2019-01-15,group_generalization_presence,-0.07447112440089519,364
2019-01-15,hate_speech_presence,-0.07959831509146845,364
2019-01-15,politeness,0.0825844038910253,364
2019-01-15,toxicity,-0.11732801283493789,364
2019-01-22,emotion_anger,-0.06736175377830832,500
2019-01-22,emotion_fear,-0.08875938382293734,500
2019-01-22,emotion_joy,0.04396231323315995,500
2019-01-22,group_generalization_presence,0.010080729896482779,500
2019-01-22,hate_speech_presence,-0.03818603927606559,500
2019-01-22,politeness,0.01477582547421747,500
2019-01-22,toxicity,-0.05838741128409464,500
2019-01-29,emotion_anger,0.04996812167878906,322
2019-01-29,emotion_fear,-0.06715623191584487,322
2019-01-29,emotion_joy,-0.10454990820530026,322
2019-01-29,group_generalization_presence,-0.026200799728696,322
2019-01-29,hate_speech_presence,0.020959447430306942,322
2019-01-29,politeness,-0.12233329359732899,322
2019-01-29,toxicity,0.09354378218068633,322
2019-02-05,emotion_anger,-0.034100417415943496,384
2019-02-05,emotion_fear,-0.10484643771748192,384
2019-02-05,emotion_joy,0.07725970501274258,384
2019-02-05,group_generalization_presence,0.0606934055484056,384
2019-02-05,hate_speech_presence,-0.05762713235386196,384
2019-02-05,politeness,0.033718980184667485,384
2019-02-05,toxicity,0.028054414058396333,384
2019-02-12,emotion_anger,0.031285134127481705,311
2019-02-12,emotion_fear,-0.04336880052974996,311
2019-02-12,emotion_joy,0.0682399620559189,311
2019-02-12,group_generalization_presence,0.1521864447292809,311
2019-02-12,hate_speech_presence,0.047163343271560604,311
2019-02-12,politeness,-0.06122973480090963,311
2019-02-12,toxicity,0.05792255568388248,311
2019-02-19,emotion_anger,0.0813700067708191,422
2019-02-19,emotion_fear,0.014438100034465606,422
2019-02-19,emotion_joy,-0.054814750376115544,422
2019-02-19,group_generalization_presence,-0.021903188484703566,422
2019-02-19,hate_speech_presence,-0.05484366534388331,422
2019-02-19,politeness,-0.027456645283941993,422
2019-02-19,toxicity,0.026563279719615633,422
2019-02-26,emotion_anger,-0.18890096055508424,366
2019-02-26,emotion_fear,-0.07527210093092435,366
2019-02-26,emotion_joy,0.08040089010136452,366
2019-02-26,group_generalization_presence,-0.11527469052566172,366
2019-02-26,hate_speech_presence,-0.04488890990643701,366
2019-02-26,politeness,0.09090590736165759,366
2019-02-26,toxicity,-0.19638055489191927,366
2019-03-05,emotion_anger,-0.03914372484231932,284
2019-03-05,emotion_fear,0.012461400357256108,284
2019-03-05,emotion_joy,0.02006330074655754,284
2019-03-05,group_generalization_presence,0.06783123117229774,284
2019-03-05,hate_speech_presence,0.09077403730661705,284
2019-03-05,politeness,-0.032667861463874015,284
2019-03-05,toxicity,-0.05200827348085492,284
2019-03-12,emotion_anger,-0.030763417629251444,498
2019-03-12,emotion_fear,-0.007897856730930108,498
2019-03-12,emotion_joy,-0.02545591506439915,498
2019-03-12,group_generalization_presence,0.10074580980148976,498
2019-03-12,hate_speech_presence,0.12236642606993234,498
2019-03-12,politeness,-0.022166896597437417,498
2019-03-12,toxicity,0.043615999605198234,498
2019-03-19,emotion_anger,0.03905838000055862,337
2019-03-19,emotion_fear,-0.02251755773545769,337
2019-03-19,emotion_joy,0.04303386085858443,337
2019-03-19,group_generalization_presence,0.03234332788671797,337
2019-03-19,hate_speech_presence,0.016023940621343942,337
2019-03-19,politeness,-0.022296234854775724,337
2019-03-19,toxicity,-0.0019822206097858215,337
2019-03-26,emotion_anger,0.10350135937225764,353
2019-03-26,emotion_fear,-0.030869825229276594,353
2019-03-26,emotion_joy,-0.08014498235492169,353
2019-03-26,group_generalization_presence,-0.047049330444031076,353
2019-03-26,hate_speech_presence,-0.04100920296763026,353
2019-03-26,politeness,-0.085508592977423,353
2019-03-26,toxicity,0.04331667036101292,353
2019-04-02,emotion_anger,-0.05165040557564746,315
2019-04-02,emotion_fear,-0.050905988178890894,315
2019-04-02,emotion_joy,0.10094360614660354,315
2019-04-02,group_generalization_presence,-0.04859539711377196,315
2019-04-02,hate_speech_presence,-0.08986289368956506,315
2019-04-02,politeness,0.10358635598390802,315
2019-04-02,toxicity,-0.16360812133388739,315
2019-04-09,emotion_anger,0.07767349578447626,467
2019-04-09,emotion_fear,-0.04777663744045906,467
2019-04-09,emotion_joy,-0.05773555303920793,467
2019-04-09,group_generalization_presence,-0.1366608336010436,467
2019-04-09,hate_speech_presence,-0.07337559419845902,467
2019-04-09,politeness,0.02839097368385146,467
2019-04-09,toxicity,-0.03255597417099269,467
2019-04-16,emotion_anger,0.22011599867271517,435
2019-04-16,emotion_fear,-0.04326575921541881,435
2019-04-16,emotion_joy,0.021830670734019945,435
2019-04-16,group_generalization_presence,-0.006293684930146158,435
2019-04-16,hate_speech_presence,0.020787691690642398,435
2019-04-16,politeness,-0.09116297313924739,435
2019-04-16,toxicity,0.11412556321114713,435
2019-04-23,emotion_anger,-0.025893100240077297,476
2019-04-23,emotion_fear,0.007989765676810076,476
2019-04-23,emotion_joy,0.0550562725147756,476
2019-04-23,group_generalization_presence,0.04229750654915461,476
2019-04-23,hate_speech_presence,0.04258984139388531,476
2019-04-23,politeness,0.040317309796398325,476
2019-04-23,toxicity,0.008722827712722401,476
2019-04-30,emotion_anger,-0.13801130035104162,432
2019-04-30,emotion_fear,-0.10614513664114415,432
2019-04-30,emotion_joy,0.1496206452987535,432
2019-04-30,group_generalization_presence,-0.13790171117526265,432
2019-04-30,hate_speech_presence,-0.04574202140269975,432
2019-04-30,politeness,0.12867341637945284,432
2019-04-30,toxicity,-0.10705704592427609,432
2019-05-07,emotion_anger,-0.0013724962007160074,440
2019-05-07,emotion_fear,0.042062480980712594,440
2019-05-07,emotion_joy,-0.026670139072698246,440
2019-05-07,group_generalization_presence,-0.06568423267189492,440
2019-05-07,hate_speech_presence,-0.08278092933843519,440
2019-05-07,politeness,0.08731043192792771,440
2019-05-07,toxicity,-0.021782355370775365,440
2019-05-14,emotion_anger,0.20440262797219083,430
2019-05-14,emotion_fear,0.027401457748500998,430
2019-05-14,emotion_joy,-0.04926715989585051,430
2019-05-14,group_generalization_presence,0.09550097482046158,430
2019-05-14,hate_speech_presence,0.04222903130874937,430
2019-05-14,politeness,-0.15765395522072131,430
2019-05-14,toxicity,0.22929028976057222,430
2019-05-21,emotion_anger,0.19599223408396307,567
2019-05-21,emotion_fear,-0.014421867493394618,567
2019-05-21,emotion_joy,-0.04957618668689206,567
2019-05-21,group_generalization_presence,-0.006200087682945963,567
2019-05-21,hate_speech_presence,-0.06961099663580388,567
2019-05-21,politeness,-0.08164799542442845,567
2019-05-21,toxicity,0.07707592197128021,567
2019-05-28,emotion_anger,-0.054454331899437686,441
2019-05-28,emotion_fear,-0.027714367031661215,441
2019-05-28,emotion_joy,0.16514631256606072,441
2019-05-28,group_generalization_presence,-0.04142115580676594,441
2019-05-28,hate_speech_presence,-0.06867226177238453,441
2019-05-28,politeness,0.18650651606952126,441
2019-05-28,toxicity,-0.1861951074096301,441
2019-06-04,emotion_anger,-0.0014213865660558012,316
2019-06-04,emotion_fear,0.07750255510739015,316
2019-06-04,emotion_joy,-0.008989066173912097,316
2019-06-04,group_generalization_presence,-0.05624491200850227,316
2019-06-04,hate_speech_presence,0.04754592111834101,316
2019-06-04,politeness,0.1100038222096549,316
2019-06-04,toxicity,-0.038399155133155,316
2019-06-11,emotion_anger,-0.09919138226555475,263
2019-06-11,emotion_fear,-0.07621578383623438,263
2019-06-11,emotion_joy,0.03478457260086406,263
2019-06-11,group_generalization_presence,-0.030099052681771057,263
2019-06-11,hate_speech_presence,0.031167130569052254,263
2019-06-11,politeness,0.03245651157193185,263
2019-06-11,toxicity,-0.07195663181701267,263
2019-06-18,emotion_anger,-0.07781084137982718,219
2019-06-18,emotion_fear,-0.06664172652506246,219
2019-06-18,emotion_joy,0.015148264806489252,219
2019-06-18,group_generalization_presence,0.011981342116681384,219
2019-06-18,hate_speech_presence,-0.09280203365725777,219
2019-06-18,politeness,0.10067560602530655,219
2019-06-18,toxicity,-0.1292116887747832,219
2019-06-25,emotion_anger,0.07172592732084508,226
2019-06-25,emotion_fear,-0.010331364500439167,226
2019-06-25,emotion_joy,-0.10523410445515301,226
2019-06-25,group_generalization_presence,0.07449089310525354,226
2019-06-25,hate_speech_presence,0.06662565870726371,226
2019-06-25,politeness,-0.04885843144248911,226
2019-06-25,toxicity,0.0025965654185263125,226
2019-07-02,emotion_anger,0.17641227150586639,246
2019-07-02,emotion_fear,0.03729773283245613,246
2019-07-02,emotion_joy,0.04981900149978213,246
2019-07-02,group_generalization_presence,0.15254286814401624,246
2019-07-02,hate_speech_presence,0.15689755123613003,246
2019-07-02,politeness,-0.09749958602863937,246
2019-07-02,toxicity,0.16019143223114932,246
2019-07-09,emotion_anger,0.001750879215222835,198
2019-07-09,emotion_fear,0.023819376929712578,198
2019-07-09,emotion_joy,-0.1387356358096405,198
2019-07-09,group_generalization_presence,0.18384824983680434,198
2019-07-09,hate_speech_presence,0.07845464572364132,198
2019-07-09,politeness,-0.020468990508159247,198
2019-07-09,toxicity,0.04352998961334702,198
2019-07-16,emotion_anger,-0.039294074062683926,263
2019-07-16,emotion_fear,0.0014856309112320238,263
2019-07-16,emotion_joy,-0.01726778934157818,263
2019-07-16,group_generalization_presence,0.016476092939827658,263
2019-07-16,hate_speech_presence,-0.011250487285959407,263
2019-07-16,politeness,-0.029350898613647692,263
2019-07-16,toxicity,-0.09516024257706497,263
2019-07-23,emotion_anger,-0.09910507979721782,262
2019-07-23,emotion_fear,-0.0703852520401466,262
2019-07-23,emotion_joy,-0.03406538391694108,262
2019-07-23,group_generalization_presence,-0.11286857670075645,262
2019-07-23,hate_speech_presence,-0.07186127120454615,262
2019-07-23,politeness,0.10484461661048522,262
2019-07-23,toxicity,-0.1808286329430035,262
2019-07-30,emotion_anger,-0.0011590910206535593,235
2019-07-30,emotion_fear,0.011734632139673443,235
2019-07-30,emotion_joy,0.03983165980184185,235
2019-07-30,group_generalization_presence,-0.03579309952654416,235
2019-07-30,hate_speech_presence,-0.06247078174137858,235
2019-07-30,politeness,0.020125666319663445,235
2019-07-30,toxicity,0.00037931245840348865,235
2019-08-06,emotion_anger,0.154481410064715,340
2019-08-06,emotion_fear,-0.10982840681808902,340
2019-08-06,emotion_joy,-0.12336477584216254,340
2019-08-06,group_generalization_presence,-0.10327511463304002,340
2019-08-06,hate_speech_presence,-0.07614106887861322,340
2019-08-06,politeness,-0.1299244877257264,340
2019-08-06,toxicity,0.06661978895813575,340
2019-08-13,emotion_anger,-0.05131665508990604,282
2019-08-13,emotion_fear,-0.04429087070888491,282
2019-08-13,emotion_joy,0.05644142626277597,282
2019-08-13,group_generalization_presence,0.0035330507466664603,282
2019-08-13,hate_speech_presence,-0.08030336337192467,282
2019-08-13,politeness,0.05517708297041172,282
2019-08-13,toxicity,-0.07221991049898613,282
2019-08-20,emotion_anger,0.01992505873075194,277
2019-08-20,emotion_fear,-0.037699366941227386,277
2019-08-20,emotion_joy,-0.12123710898299248,277
2019-08-20,group_generalization_presence,-0.1142183512700797,277
2019-08-20,hate_speech_presence,-0.07562097999757462,277
2019-08-20,politeness,-0.07622360400227546,277
2019-08-20,toxicity,-0.07203458040730659,277
2019-08-27,emotion_anger,0.10458462774481823,272
2019-08-27,emotion_fear,0.04061438491903118,272
2019-08-27,emotion_joy,-0.023814298749328087,272
2019-08-27,group_generalization_presence,-0.046134866559242635,272
2019-08-27,hate_speech_presence,-0.05599201826393924,272
2019-08-27,politeness,-0.029882953418061485,272
2019-08-27,toxicity,0.03178995142428988,272
2019-09-03,emotion_anger,0.015728306160652895,236
2019-09-03,emotion_fear,-0.05729594005704823,236
2019-09-03,emotion_joy,-0.07245945324931675,236
2019-09-03,group_generalization_presence,-0.13936805455450127,236
2019-09-03,hate_speech_presence,-0.06708464321920526,236
2019-09-03,politeness,-0.00038184493283799733,236
2019-09-03,toxicity,-0.04119068402847639,236
2019-09-10,emotion_anger,-0.21189166876324333,283
2019-09-10,emotion_fear,-0.014828487154343173,283
2019-09-10,emotion_joy,0.1092172882969469,283
2019-09-10,group_generalization_presence,-0.07116496647604947,283
2019-09-10,hate_speech_presence,-0.051094509260847354,283
2019-09-10,politeness,0.1749318846029523,283
2019-09-10,toxicity,-0.18116730963017563,283
2019-09-17,emotion_anger,-0.06670939685426351,272
2019-09-17,emotion_fear,-0.05732282574551363,272
2019-09-17,emotion_joy,0.006215490480967369,272
2019-09-17,group_generalization_presence,-0.010305815371331602,272
2019-09-17,hate_speech_presence,-0.06978889488563922,272
2019-09-17,politeness,-0.0717736735385669,272
2019-09-17,toxicity,0.12557294932971483,272
2019-09-24,emotion_anger,0.09745820789585097,284
2019-09-24,emotion_fear,-0.06257847749549164,284
2019-09-24,emotion_joy,-0.0528472091473261,284
2019-09-24,group_generalization_presence,-0.021436098590058753,284
2019-09-24,hate_speech_presence,-0.062199540316147175,284
2019-09-24,politeness,-0.16281459767950293,284
2019-09-24,toxicity,0.17939045510658924,284
2019-10-01,emotion_anger,0.23824412640264958,250
2019-10-01,emotion_fear,0.11675790103686072,250
2019-10-01,emotion_joy,-0.06987305305460374,250
2019-10-01,group_generalization_presence,0.1376439544842192,250
2019-10-01,hate_speech_presence,0.0612327661236984,250
2019-10-01,politeness,-0.13300518873424846,250
2019-10-01,toxicity,0.19530283859659756,250
2019-10-08,emotion_anger,0.041343734478909766,209
2019-10-08,emotion_fear,0.021793569517287885,209
2019-10-08,emotion_joy,-0.11895419621223624,209
2019-10-08,group_generalization_presence,0.09764824389482141,209
2019-10-08,hate_speech_presence,0.014830123615424936,209
2019-10-08,politeness,-0.15905914541510713,209
2019-10-08,toxicity,0.11688683036637364,209
2019-10-15,emotion_anger,-0.045539967471182594,247
2019-10-15,emotion_fear,-0.06142169684311945,247
2019-10-15,emotion_joy,-0.08645241403041198,247
2019-10-15,group_generalization_presence,0.062055062166890294,247
2019-10-15,hate_speech_presence,-0.0600656641217997,247
2019-10-15,politeness,-0.05688507917471828,247
2019-10-15,toxicity,0.024753670773095433,247
2019-10-22,emotion_anger,-0.23768644635510322,225
2019-10-22,emotion_fear,-0.05362724128830174,225
2019-10-22,emotion_joy,-0.020114965256564372,225
2019-10-22,group_generalization_presence,-0.1270688375834663,225
2019-10-22,hate_speech_presence,-0.10679178022279157,225
2019-10-22,politeness,0.13787958635728778,225
2019-10-22,toxicity,-0.17664901470397446,225
2019-10-29,emotion_anger,0.04285323148860961,198
2019-10-29,emotion_fear,0.13668337213704126,198
2019-10-29,emotion_joy,0.06654941691003341,198
2019-10-29,group_generalization_presence,0.11211154615269354,198
2019-10-29,hate_speech_presence,0.020384587607986306,198
2019-10-29,politeness,0.07297818801199078,198
2019-10-29,toxicity,-0.04426770535569393,198
2019-11-05,emotion_anger,0.013235512160900431,311
2019-11-05,emotion_fear,-0.06557023094833844,311
2019-11-05,emotion_joy,-0.020012584396082812,311
2019-11-05,group_generalization_presence,0.1672874509345439,311
2019-11-05,hate_speech_presence,0.12168086827563844,311
2019-11-05,politeness,-0.09367191905709828,311
2019-11-05,toxicity,0.07119838094496546,311
2019-11-12,emotion_anger,0.1595039442209336,259
2019-11-12,emotion_fear,-0.031960190153884085,259
2019-11-12,emotion_joy,-0.1559628035451749,259
2019-11-12,group_generalization_presence,0.02438571732015467,259
2019-11-12,hate_speech_presence,0.0022900588171743588,259
2019-11-12,politeness,-0.13956840348078367,259
2019-11-12,toxicity,0.14679020675059845,259
2019-11-19,emotion_anger,-0.04119884758510636,253
2019-11-19,emotion_fear,-0.03228106975580168,253
2019-11-19,emotion_joy,0.012756350530344218,253
2019-11-19,group_generalization_presence,0.015959879817049088,253
2019-11-19,hate_speech_presence,-0.0742010541613643,253
2019-11-19,politeness,0.08819645221828412,253
2019-11-19,toxicity,-0.0947542924194719,253
2019-11-26,emotion_anger,0.005737012744476729,297
2019-11-26,emotion_fear,-0.025197069697690914,297
2019-11-26,emotion_joy,0.06339242287860901,297
2019-11-26,group_generalization_presence,-0.002926579525010836,297
2019-11-26,hate_speech_presence,-0.051544052566305974,297
2019-11-26,politeness,0.0248104875960526,297
2019-11-26,toxicity,-0.06688027191291135,297
2019-12-03,emotion_anger,-0.032246615030846824,274
2019-12-03,emotion_fear,-0.023402957838172873,274
2019-12-03,emotion_joy,-0.05680033043204255,274
2019-12-03,group_generalization_presence,0.08541058455130036,274
2019-12-03,hate_speech_presence,0.011160179366687433,274
2019-12-03,politeness,-0.002891984933276356,274
2019-12-03,toxicity,0.06861370218099151,274
2019-12-10,emotion_anger,-0.06825981460258908,301
2019-12-10,emotion_fear,-0.10391362270363427,301
2019-12-10,emotion_joy,0.049975574429344964,301
2019-12-10,group_generalization_presence,-0.0965724025902946,301
2019-12-10,hate_speech_presence,-0.07985939630251852,301
2019-12-10,politeness,0.03386707957499488,301
2019-12-10,toxicity,-0.08625922522461131,301
2019-12-17,emotion_anger,-0.07666269671034215,273
2019-12-17,emotion_fear,-0.028828759456161354,273
2019-12-17,emotion_joy,0.05761524801652476,273
2019-12-17,group_generalization_presence,-0.021765926789917775,273
2019-12-17,hate_speech_presence,-0.027848390453850087,273
2019-12-17,politeness,0.09135416704069828,273
2019-12-17,toxicity,-0.03275816385410923,273
2019-12-24,emotion_anger,-0.21732287577616474,195
2019-12-24,emotion_fear,-0.02358427803607075,195
2019-12-24,emotion_joy,0.35708042733573847,195
2019-12-24,group_generalization_presence,0.09600875079023814,195
2019-12-24,hate_speech_presence,0.14318254361292912,195
2019-12-24,politeness,0.20113123104376412,195
2019-12-24,toxicity,-0.08211841379794685,195
2019-12-31,emotion_anger,-0.14895092164419588,297
2019-12-31,emotion_fear,0.09894797880465472,297
2019-12-31,emotion_joy,0.12636589634945936,297
2019-12-31,group_generalization_presence,-0.0017130153020306056,297
2019-12-31,hate_speech_presence,-0.03868980661543802,297
2019-12-31,politeness,0.17773635626457823,297
2019-12-31,toxicity,-0.1439446835408202,297
2020-01-07,emotion_anger,-0.17035050334528434,389
2020-01-07,emotion_fear,-0.09735630915170258,389
2020-01-07,emotion_joy,0.13822252715995423,389
2020-01-07,group_generalization_presence,-0.10845110982667998,389
2020-01-07,hate_speech_presence,-0.05421653818689647,389
2020-01-07,politeness,0.10567625540152313,389
2020-01-07,toxicity,-0.07796883394468318,389
2020-01-14,emotion_anger,-0.14181244073074792,233
2020-01-14,emotion_fear,-0.07463116848901365,233
2020-01-14,emotion_joy,0.15915226777927732,233
2020-01-14,group_generalization_presence,-0.002598498004027631,233
2020-01-14,hate_speech_presence,-0.05234667997295618,233
2020-01-14,politeness,0.15623096950405208,233
2020-01-14,toxicity,-0.158543556559394,233
2020-01-21,emotion_anger,-0.2550195040534564,173
2020-01-21,emotion_fear,-0.142600935124649,173
2020-01-21,emotion_joy,-0.015210969012039288,173
2020-01-21,group_generalization_presence,-0.10783580928501987,173
2020-01-21,hate_speech_presence,-0.051659699189184644,173
2020-01-21,politeness,0.13757103242479765,173
2020-01-21,toxicity,-0.18904971922252392,173
2020-01-28,emotion_anger,-0.05685545176439139,154
2020-01-28,emotion_fear,-0.054853256405502406,154
2020-01-28,emotion_joy,-0.001597574536242029,154
2020-01-28,group_generalization_presence,0.12190801447710284,154
2020-01-28,hate_speech_presence,0.15680218121975836,154
2020-01-28,politeness,0.014066616968666856,154
2020-01-28,toxicity,0.02664240292283211,154
2020-02-04,emotion_anger,-0.12212578252840188,238
2020-02-04,emotion_fear,-0.06678501810829869,238
2020-02-04,emotion_joy,0.13432931930843034,238
2020-02-04,group_generalization_presence,0.009177216308143003,238
2020-02-04,hate_speech_presence,0.02137211268379355,238
2020-02-04,politeness,0.0493959953955387,238
2020-02-04,toxicity,-0.06363975060511239,238
2020-02-11,emotion_anger,-0.08911854653787521,180
2020-02-11,emotion_fear,-0.015195662663145858,180
2020-02-11,emotion_joy,-0.0974248546174833,180
2020-02-11,group_generalization_presence,0.017073868700105733,180
2020-02-11,hate_speech_presence,0.017759757313411614,180
2020-02-11,politeness,0.11010098134837801,180
2020-02-11,toxicity,-0.19979021610940478,180
2020-02-18,emotion_anger,0.020567535737054384,235
2020-02-18,emotion_fear,0.001822821350905497,235
2020-02-18,emotion_joy,-0.07905695263102124,235
2020-02-18,group_generalization_presence,0.08501686459530029,235
2020-02-18,hate_speech_presence,0.04593696522675759,235
2020-02-18,politeness,-0.058339632795220205,235
2020-02-18,toxicity,0.036197370452211296,235
2020-02-25,emotion_anger,0.17525418415138652,346
2020-02-25,emotion_fear,0.25269221569333267,346
2020-02-25,emotion_joy,-0.16311987422319155,346
2020-02-25,group_generalization_presence,0.051937479690702906,346
2020-02-25,hate_speech_presence,0.014605647252910333,346
2020-02-25,politeness,-0.1731331445394844,346
2020-02-25,toxicity,0.1736893695248793,346
2020-03-03,emotion_anger,0.044308537373613836,279
2020-03-03,emotion_fear,0.30202517569869797,279
2020-03-03,emotion_joy,-0.10794096261735693,279
2020-03-03,group_generalization_presence,-0.03333554920469185,279
2020-03-03,hate_speech_presence,-0.058514139432460914,279
2020-03-03,politeness,-0.06661249787828986,279
2020-03-03,toxicity,0.028719850651459607,279
2020-03-10,emotion_anger,0.011667667847679563,353
2020-03-10,emotion_fear,0.2553404479118995,353
2020-03-10,emotion_joy,-0.05953521848178423,353
2020-03-10,group_generalization_presence,-0.0449234260665982,353
2020-03-10,hate_speech_presence,-0.0415973579136141,353
2020-03-10,politeness,-0.0045022854884774295,353
2020-03-10,toxicity,-0.051293130955070966,353
2020-03-17,emotion_anger,-0.18281569982520693,424
2020-03-17,emotion_fear,0.2768155694272271,424
2020-03-17,emotion_joy,0.01279008069321327,424
2020-03-17,group_generalization_presence,-0.16016231383977272,424
2020-03-17,hate_speech_presence,-0.0378742272529809,424
2020-03-17,politeness,0.11572936203347016,424
2020-03-17,toxicity,-0.20968341493623446,424
2020-03-24,emotion_anger,-0.14812801702172024,405
2020-03-24,emotion_fear,0.12960354826872347,405
2020-03-24,emotion_joy,0.09078025453013103,405
2020-03-24,group_generalization_presence,-0.16021667631367983,405
2020-03-24,hate_speech_presence,-0.07873305729456784,405
2020-03-24,politeness,0.10848968801460948,405
2020-03-24,toxicity,-0.18065439533811287,405
2020-03-31,emotion_anger,-0.23118684421058167,247
2020-03-31,emotion_fear,0.08783091603035074,247
2020-03-31,emotion_joy,0.041531065138177316,247
2020-03-31,group_generalization_presence,-0.06384005928981434,247
2020-03-31,hate_speech_presence,-0.06407447614116393,247
2020-03-31,politeness,0.14212472377136906,247
2020-03-31,toxicity,-0.10952114133508505,247
2020-04-07,emotion_anger,-0.17432297486567602,374
2020-04-07,emotion_fear,-0.011784104506529147,374
2020-04-07,emotion_joy,0.0876370156397595,374
2020-04-07,group_generalization_presence,-0.08802866201145296,374
2020-04-07,hate_speech_presence,-0.07749675943319627,374
2020-04-07,politeness,0.14031083976171146,374
2020-04-07,toxicity,-0.144891005789103,374
2020-04-14,emotion_anger,-0.03667184174459949,278
2020-04-14,emotion_fear,0.086676912918944,278
2020-04-14,emotion_joy,-0.09949377903460467,278
2020-04-14,group_generalization_presence,0.0985525687441385,278
2020-04-14,hate_speech_presence,-0.07757147893146708,278
2020-04-14,politeness,0.03551402139021538,278
2020-04-14,toxicity,-0.13193582000491558,278
2020-04-21,emotion_anger,-0.14863115989590253,276
2020-04-21,emotion_fear,0.15793555623058367,276
2020-04-21,emotion_joy,0.17669209387819024,276
2020-04-21,group_generalization_presence,-0.04616429832771987,276
2020-04-21,hate_speech_presence,-0.028946350657561935,276
2020-04-21,politeness,0.1594660856189416,276
2020-04-21,toxicity,-0.2098608131492837,276
2020-04-28,emotion_anger,-0.3228980244920113,248
2020-04-28,emotion_fear,-0.003083863962224202,248
2020-04-28,emotion_joy,0.09051715797095343,248
2020-04-28,group_generalization_presence,-0.10363080537985232,248
2020-04-28,hate_speech_presence,-0.10610504821427814,248
2020-04-28,politeness,0.2309315224238403,248
2020-04-28,toxicity,-0.1835922105749452,248
2020-05-05,emotion_anger,0.02094167330426654,213
2020-05-05,emotion_fear,0.11640992940576428,213
2020-05-05,emotion_joy,0.011865495112722346,213
2020-05-05,group_generalization_presence,0.01092453862827936,213
2020-05-05,hate_speech_presence,-0.0664014593011645,213
2020-05-05,politeness,0.004570391193903488,213
2020-05-05,toxicity,-0.05753443057101331,213
2020-05-12,emotion_anger,0.131886390322765,299
2020-05-12,emotion_fear,0.0242768201406589,299
2020-05-12,emotion_joy,-0.07949058721878721,299
2020-05-12,group_generalization_presence,0.07588813395832021,299
2020-05-12,hate_speech_presence,-0.023959434373911376,299
2020-05-12,politeness,-0.20833083790844079,299
2020-05-12,toxicity,0.1843273376106899,299
2020-05-19,emotion_anger,-0.21275662855963223,254
2020-05-19,emotion_fear,-0.09487927117832419,254
2020-05-19,emotion_joy,0.08749465659013415,254
2020-05-19,group_generalization_presence,-0.11158118793233412,254
2020-05-19,hate_speech_presence,-0.07093058919042194,254
2020-05-19,politeness,0.12766236970674386,254
2020-05-19,toxicity,-0.17366397495158864,254
2020-05-26,emotion_anger,-0.12483584843199702,189
2020-05-26,emotion_fear,-0.012998899805694611,189
2020-05-26,emotion_joy,0.15673094631916715,189
2020-05-26,group_generalization_presence,0.037995407122769255,189
2020-05-26,hate_speech_presence,0.04998816646702651,189
2020-05-26,politeness,0.14449393609088776,189
2020-05-26,toxicity,-0.12102723725780427,189
2020-06-02,emotion_anger,0.06770221813590774,228
2020-06-02,emotion_fear,0.06262320069381903,228
2020-06-02,emotion_joy,-0.035886007379064035,228
2020-06-02,group_generalization_presence,0.08219119365580663,228
2020-06-02,hate_speech_presence,0.07784362787695538,228
2020-06-02,politeness,-0.03305845378311709,228
2020-06-02,toxicity,0.029573028920290168,228
2020-06-09,emotion_anger,0.30525148147280606,288
2020-06-09,emotion_fear,-0.00400969432155918,288
2020-06-09,emotion_joy,-0.06337165770671677,288
2020-06-09,group_generalization_presence,0.16727170360512048,288
2020-06-09,hate_speech_presence,0.10569717582342635,288
2020-06-09,politeness,-0.26585811283179356,288
2020-06-09,toxicity,0.2786506333007354,288
2020-06-16,emotion_anger,0.009118836442810143,249
2020-06-16,emotion_fear,0.10124317921770012,249
2020-06-16,emotion_joy,-0.01651161012982768,249
2020-06-16,group_generalization_presence,0.18431517791470986,249
2020-06-16,hate_speech_presence,0.10768296721783945,249
2020-06-16,politeness,0.0008965266624427037,249
2020-06-16,toxicity,0.0663686555341365,249
2020-06-23,emotion_anger,-0.09109180381581367,330
2020-06-23,emotion_fear,0.034410245537227345,330
2020-06-23,emotion_joy,0.08124535704373004,330
2020-06-23,group_generalization_presence,0.018240151936262477,330
2020-06-23,hate_speech_presence,0.07513478417442447,330
2020-06-23,politeness,0.02768631940726251,330
2020-06-23,toxicity,-0.05723816269120052,330
2020-06-30,emotion_anger,0.020932869950442353,272
2020-06-30,emotion_fear,0.11991924659157197,272
2020-06-30,emotion_joy,-0.07746267648304019,272
2020-06-30,group_generalization_presence,0.1523163561997132,272
2020-06-30,hate_speech_presence,0.05199365192086211,272
2020-06-30,politeness,-0.03460340645783841,272
2020-06-30,toxicity,0.1035148949984469,272
2020-07-07,emotion_anger,0.07648352490053065,293
2020-07-07,emotion_fear,0.008901338269864804,293
2020-07-07,emotion_joy,-0.056526558771571096,293
2020-07-07,group_generalization_presence,0.14016766073181924,293
2020-07-07,hate_speech_presence,0.025430074961756633,293
2020-07-07,politeness,-0.050010395807918426,293
2020-07-07,toxicity,0.10459819676862436,293
2020-07-14,emotion_anger,0.13996711945999465,267
2020-07-14,emotion_fear,0.08155549099407909,267
2020-07-14,emotion_joy,-0.14252989683855646,267
2020-07-14,group_generalization_presence,0.13189555691566968,267
2020-07-14,hate_speech_presence,0.07948970270468017,267
2020-07-14,politeness,-0.13501238562541207,267
2020-07-14,toxicity,0.07014998129399219,267
2020-07-21,emotion_anger,-0.017887814662447335,297
2020-07-21,emotion_fear,-0.036926660199192,297
2020-07-21,emotion_joy,0.12316405926571801,297
2020-07-21,group_generalization_presence,0.11008115827615601,297
2020-07-21,hate_speech_presence,0.03899895822801882,297
2020-07-21,politeness,-0.007204643264708094,297
2020-07-21,toxicity,0.06035701522923168,297
2020-07-28,emotion_anger,-0.05911177116008143,358
2020-07-28,emotion_fear,0.07736512068514714,358
2020-07-28,emotion_joy,0.013992523566264355,358
2020-07-28,group_generalization_presence,-0.03048037401083391,358
2020-07-28,hate_speech_presence,-0.05760656827137612,358
2020-07-28,politeness,0.04744471232423066,358
2020-07-28,toxicity,-0.07553009940010934,358
2020-08-04,emotion_anger,-0.07023388874232576,334
2020-08-04,emotion_fear,0.00046492353072488267,334
2020-08-04,emotion_joy,0.08997610672315434,334
2020-08-04,group_generalization_presence,0.015837247416772855,334
2020-08-04,hate_speech_presence,-0.07217044975604515,334
2020-08-04,politeness,0.029789440880474933,334
2020-08-04,toxicity,-0.07198498984265463,334
2020-08-11,emotion_anger,-0.05175796555709621,423
2020-08-11,emotion_fear,-0.011810740429033417,423
2020-08-11,emotion_joy,-0.014005496985688284,423
2020-08-11,group_generalization_presence,-0.07199377064429613,423
2020-08-11,hate_speech_presence,-0.043032832579741755,423
2020-08-11,politeness,0.013742876764106238,423
2020-08-11,toxicity,-0.04960817617391112,423
2020-08-18,emotion_anger,-0.0483977256108872,321
2020-08-18,emotion_fear,0.03242309913881029,321
2020-08-18,emotion_joy,0.023888937708273824,321
2020-08-18,group_generalization_presence,-0.07695443466405079,321
2020-08-18,hate_speech_presence,-0.0556102359561374,321
2020-08-18,politeness,0.06961190176422402,321
2020-08-18,toxicity,-0.028278391866181862,321
2020-08-25,emotion_anger,0.08345339988526308,445
2020-08-25,emotion_fear,0.07704857376956847,445
2020-08-25,emotion_joy,-0.038908056214356265,445
2020-08-25,group_generalization_presence,0.015585456260419276,445
2020-08-25,hate_speech_presence,0.04807555696689006,445
2020-08-25,politeness,-0.017382904943074682,445
2020-08-25,toxicity,0.09702587625786217,445
2020-09-01,emotion_anger,-0.0395200918929494,345
2020-09-01,emotion_fear,-0.00467195366980078,345
2020-09-01,emotion_joy,0.18199025171065333,345
2020-09-01,group_generalization_presence,0.011256297591242697,345
2020-09-01,hate_speech_presence,0.13752570581812892,345
2020-09-01,politeness,0.06276097183246164,345
2020-09-01,toxicity,-0.022075234415140494,345
2020-09-08,emotion_anger,0.022934034098528504,436
2020-09-08,emotion_fear,0.0324130619026422,436
2020-09-08,emotion_joy,-0.03435820332365471,436
2020-09-08,group_generalization_presence,0.09240666206266503,436
2020-09-08,hate_speech_presence,0.1698555797225074,436
2020-09-08,politeness,-0.033497104107450014,436
2020-09-08,toxicity,0.13286012814521223,436
2020-09-15,emotion_anger,-0.06264767126381687,411
2020-09-15,emotion_fear,0.08528406864883643,411
2020-09-15,emotion_joy,0.007328410916324253,411
2020-09-15,group_generalization_presence,0.1960096264492995,411
2020-09-15,hate_speech_presence,0.08601321526960276,411
2020-09-15,politeness,0.08289015597240107,411
2020-09-15,toxicity,-0.021811202523406518,411
2020-09-22,emotion_anger,0.003604493503678041,328
2020-09-22,emotion_fear,0.09201640663566926,328
2020-09-22,emotion_joy,-0.04562409945050132,328
2020-09-22,group_generalization_presence,0.13607046326788094,328
2020-09-22,hate_speech_presence,0.15588357398305733,328
2020-09-22,politeness,-0.03721650581637417,328
2020-09-22,toxicity,0.036433716365413156,328
2020-09-29,emotion_anger,-0.0655307308345175,315
2020-09-29,emotion_fear,0.0512487244344446,315
2020-09-29,emotion_joy,-0.0056318786520366615,315
2020-09-29,group_generalization_presence,0.05431504387096813,315
2020-09-29,hate_speech_presence,0.02372446696236879,315
2020-09-29,politeness,-0.04066694765582722,315
2020-09-29,toxicity,0.06964782104162005,315
2020-10-06,emotion_anger,-0.10180781255211124,477
2020-10-06,emotion_fear,0.05281311556335361,477
2020-10-06,emotion_joy,0.011582440613985072,477
2020-10-06,group_generalization_presence,-0.038033952002405995,477
2020-10-06,hate_speech_presence,-0.03527426584273093,477
2020-10-06,politeness,0.0550275749150708,477
2020-10-06,toxicity,-0.09325131757762463,477
2020-10-13,emotion_anger,-0.08513236908964956,461
2020-10-13,emotion_fear,0.03249090233294151,461
2020-10-13,emotion_joy,-0.07672205753568999,461
2020-10-13,group_generalization_presence,-0.044035288963297656,461
2020-10-13,hate_speech_presence,-0.04045631467939912,461
2020-10-13,politeness,0.05592325948442114,461
2020-10-13,toxicity,-0.022181277068001114,461
2020-10-20,emotion_anger,-0.013788822897524273,411
2020-10-20,emotion_fear,0.1221623528339288,411
2020-10-20,emotion_joy,-0.09638666198508974,411
2020-10-20,group_generalization_presence,-0.06725372417818283,411
2020-10-20,hate_speech_presence,-0.012379543550634432,411
2020-10-20,politeness,0.018298635072562953,411
2020-10-20,toxicity,-0.03913313101148909,411
2020-10-27,emotion_anger,0.07910266356721539,409
2020-10-27,emotion_fear,0.19892849923856173,409
2020-10-27,emotion_joy,-0.13544898820034781,409
2020-10-27,group_generalization_presence,0.06098627380224843,409
2020-10-27,hate_speech_presence,0.07595998648484828,409
2020-10-27,politeness,-0.075539932635712,409
2020-10-27,toxicity,0.11219847674436888,409
2020-11-03,emotion_anger,0.10848534207291291,417
2020-11-03,emotion_fear,0.1383448596847793,417
2020-11-03,emotion_joy,-0.09223714145741198,417
2020-11-03,group_generalization_presence,0.1792313675073078,417
2020-11-03,hate_speech_presence,0.028918135127775708,417
2020-11-03,politeness,-0.11359983667237387,417
2020-11-03,toxicity,0.13988950013354287,417
2020-11-10,emotion_anger,0.037857986791540135,345
2020-11-10,emotion_fear,0.1288792407775689,345
2020-11-10,emotion_joy,-0.14966760388812933,345
2020-11-10,group_generalization_presence,0.021562432763891786,345
2020-11-10,hate_speech_presence,-0.016234046359191328,345
2020-11-10,politeness,-0.0025625701964704095,345
2020-11-10,toxicity,0.08257660128163863,345
2020-11-17,emotion_anger,-0.040921868530457525,299
2020-11-17,emotion_fear,0.04309192337280735,299
2020-11-17,emotion_joy,-0.012915891917329012,299
2020-11-17,group_generalization_presence,-0.0701110666225834,299
2020-11-17,hate_speech_presence,-0.024921531773852132,299
2020-11-17,politeness,0.02508979664000052,299
2020-11-17,toxicity,-0.06024794378442263,299
2020-11-24,emotion_anger,-0.02993402468197755,321
2020-11-24,emotion_fear,0.0788186376312182,321
2020-11-24,emotion_joy,-0.0451105129379858,321
2020-11-24,group_generalization_presence,-0.039908639071911084,321
2020-11-24,hate_speech_presence,-0.017096721802343024,321
2020-11-24,politeness,0.006056383075315089,321
2020-11-24,toxicity,-0.04733247905083506,321
2020-12-01,emotion_anger,0.06980025410341748,351
2020-12-01,emotion_fear,-0.05240248191176864,351
2020-12-01,emotion_joy,-0.06821855380786271,351
2020-12-01,group_generalization_presence,-0.02448351295130182,351
2020-12-01,hate_speech_presence,-0.0459720115291859,351
2020-12-01,politeness,-0.10277900368673266,351
2020-12-01,toxicity,0.11893388847750275,351
2020-12-08,emotion_anger,-0.16093717860823195,308
2020-12-08,emotion_fear,-0.04411591084618774,308
2020-12-08,emotion_joy,-0.0018222839653362045,308
2020-12-08,group_generalization_presence,-0.03135236937559781,308
2020-12-08,hate_speech_presence,-0.0670472639364896,308
2020-12-08,politeness,0.14604997442708,308
2020-12-08,toxicity,-0.1664084490376742,308
2020-12-15,emotion_anger,0.18393427813744098,414
2020-12-15,emotion_fear,0.14621180687820826,414
2020-12-15,emotion_joy,-0.15556708973415834,414
2020-12-15,group_generalization_presence,-0.08168047161406274,414
2020-12-15,hate_speech_presence,-0.07977910657593598,414
2020-12-15,politeness,-0.20287420070834827,414
2020-12-15,toxicity,0.20985478661056803,414
2020-12-22,emotion_anger,0.006064133214105443,291
2020-12-22,emotion_fear,0.022275360034160828,291
2020-12-22,emotion_joy,0.08563407695063868,291
2020-12-22,group_generalization_presence,-0.08186279520254156,291
2020-12-22,hate_speech_presence,-0.07571109616072069,291
2020-12-22,politeness,0.0638425730513254,291
2020-12-22,toxicity,-0.030566556893197108,291
2020-12-29,emotion_anger,-0.08072915656524006,272
2020-12-29,emotion_fear,0.004263833752666881,272
2020-12-29,emotion_joy,0.1929973500059706,272
2020-12-29,group_generalization_presence,0.07919964715539471,272
2020-12-29,hate_speech_presence,-0.019375160866134524,272
2020-12-29,politeness,0.1020606445264574,272
2020-12-29,toxicity,-0.043300315503691456,272
2021-01-05,emotion_anger,0.05392838785895474,382
2021-01-05,emotion_fear,0.17430384343609798,382
2021-01-05,emotion_joy,-0.0395808056502403,382
2021-01-05,group_generalization_presence,0.12351225935621557,382
2021-01-05,hate_speech_presence,-0.03425518482833632,382
2021-01-05,politeness,-0.019253120417882463,382
2021-01-05,toxicity,0.08122617647027683,382
2021-01-12,emotion_anger,0.19588852075654264,231
2021-01-12,emotion_fear,0.1992641439969626,231
2021-01-12,emotion_joy,-0.11154770632840136,231
2021-01-12,group_generalization_presence,0.031626226149652145,231
2021-01-12,hate_speech_presence,-0.08755044233952396,231
2021-01-12,politeness,-0.22071722778731803,231
2021-01-12,toxicity,0.17136608440007903,231
2021-01-19,emotion_anger,-0.09026355071518442,258
2021-01-19,emotion_fear,0.08158589577801835,258
2021-01-19,emotion_joy,-0.09549090619797755,258
2021-01-19,group_generalization_presence,-0.021057519408181697,258
2021-01-19,hate_speech_presence,-0.06537787480607987,258
2021-01-19,politeness,-0.01198078868990111,258
2021-01-19,toxicity,-0.02317446021218683,258
2021-01-26,emotion_anger,-0.04816142449091286,288
2021-01-26,emotion_fear,0.08238196632990534,288
2021-01-26,emotion_joy,-0.06762117303756768,288
2021-01-26,group_generalization_presence,0.0383340854711165,288
2021-01-26,hate_speech_presence,0.03622747555886593,288
2021-01-26,politeness,0.0856980142985476,288
2021-01-26,toxicity,-0.05273662848598168,288
2021-02-02,emotion_anger,-0.19722732243732305,306
2021-02-02,emotion_fear,0.05445125536032245,306
2021-02-02,emotion_joy,-0.040321237560596135,306
2021-02-02,group_generalization_presence,-0.1785374799814668,306
2021-02-02,hate_speech_presence,-0.09758186514304902,306
2021-02-02,politeness,0.08161531428744016,306
2021-02-02,toxicity,-0.08977838079309076,306
2021-02-09,emotion_anger,-0.04853171794229748,247
2021-02-09,emotion_fear,0.007565981730130452,247
2021-02-09,emotion_joy,0.020074415436582185,247
2021-02-09,group_generalization_presence,0.1667953931198386,247
2021-02-09,hate_speech_presence,0.011245417417377196,247
2021-02-09,politeness,-0.14484115395098757,247
2021-02-09,toxicity,0.11956575144699073,247
2021-02-16,emotion_anger,-0.027600371689928828,244
2021-02-16,emotion_fear,-0.03162274371979798,244
2021-02-16,emotion_joy,-0.045559993349538135,244
2021-02-16,group_generalization_presence,-0.001981423198062532,244
2021-02-16,hate_speech_presence,0.0008297451497419563,244
2021-02-16,politeness,0.021819930739926725,244
2021-02-16,toxicity,-0.037221961806381036,244
2021-02-23,emotion_anger,-0.07694188272155798,297
2021-02-23,emotion_fear,-0.016651505704958443,297
2021-02-23,emotion_joy,-0.003985628204943404,297
2021-02-23,group_generalization_presence,0.028370804319446143,297
2021-02-23,hate_speech_presence,-0.05903972557273111,297
2021-02-23,politeness,0.02585807665546408,297
2021-02-23,toxicity,0.01481228097385408,297
2021-03-02,emotion_anger,-0.002152934107791328,265
2021-03-02,emotion_fear,0.03614754432361465,265
2021-03-02,emotion_joy,-0.10194705402614426,265
2021-03-02,group_generalization_presence,-0.12536420280360303,265
2021-03-02,hate_speech_presence,-0.05281146007304603,265
2021-03-02,politeness,-0.127799655050763,265
2021-03-02,toxicity,0.09037178551591064,265
2021-03-09,emotion_anger,-0.07864647868599019,241
2021-03-09,emotion_fear,0.013046095009096828,241
2021-03-09,emotion_joy,-0.0030989755909905155,241
2021-03-09,group_generalization_presence,0.049661027564227925,241
2021-03-09,hate_speech_presence,0.04184691250119255,241
2021-03-09,politeness,-0.011750084330010976,241
2021-03-09,toxicity,-5.741616320143009e-06,241
2021-03-16,emotion_anger,0.0389261468063492,290
2021-03-16,emotion_fear,0.06867571227409781,290
2021-03-16,emotion_joy,-0.034695747305228106,290
2021-03-16,group_generalization_presence,-0.12355618366698931,290
2021-03-16,hate_speech_presence,-0.08690962073602264,290
2021-03-16,politeness,-0.043405023134625596,290
2021-03-16,toxicity,0.049216288301938055,290
2021-03-23,emotion_anger,-0.06223730570837305,312
2021-03-23,emotion_fear,0.015751683996825878,312
2021-03-23,emotion_joy,0.009944938627435968,312
2021-03-23,group_generalization_presence,-0.08093278066563173,312
2021-03-23,hate_speech_presence,-0.06186348830358584,312
2021-03-23,politeness,0.03630132267889298,312
2021-03-23,toxicity,-0.07368454697780023,312
2021-03-30,emotion_anger,0.09132882330813619,358
2021-03-30,emotion_fear,0.10688390628573864,358
2021-03-30,emotion_joy,-0.02648001042901925,358
2021-03-30,group_generalization_presence,-0.07126112149446906,358
2021-03-30,hate_speech_presence,-0.04638636147037784,358
2021-03-30,politeness,-0.07838710965348461,358
2021-03-30,toxicity,0.07552240087534803,358
2021-04-06,emotion_anger,-0.0325353327795059,333
2021-04-06,emotion_fear,0.05211918861317024,333
2021-04-06,emotion_joy,-0.021053410418182917,333
2021-04-06,group_generalization_presence,-0.11615230602206031,333
2021-04-06,hate_speech_presence,-0.11074006523928633,333
2021-04-06,politeness,0.010027491670078185,333
2021-04-06,toxicity,-0.06250950085604692,333
2021-04-13,emotion_anger,-0.021169120798877963,353
2021-04-13,emotion_fear,-0.009155067083544641,353
2021-04-13,emotion_joy,-0.02802772279110778,353
2021-04-13,group_generalization_presence,0.0016899781584650065,353
2021-04-13,hate_speech_presence,-0.0634371132977728,353
2021-04-13,politeness,-0.0329885769614337,353
2021-04-13,toxicity,-0.012475305223924631,353
2021-04-20,emotion_anger,-0.19921965164902566,325
2021-04-20,emotion_fear,-0.02280559516834054,325
2021-04-20,emotion_joy,0.01026126309212969,325
2021-04-20,group_generalization_presence,-0.11649397155168471,325
2021-04-20,hate_speech_presence,-0.06660929010398299,325
2021-04-20,politeness,0.11849679835330534,325
2021-04-20,toxicity,-0.12383724121200233,325
2021-04-27,emotion_anger,-0.13743949473233188,278
2021-04-27,emotion_fear,0.08765371487999996,278
2021-04-27,emotion_joy,0.03199453850272815,278
2021-04-27,group_generalization_presence,-0.17166329478371672,278
2021-04-27,hate_speech_presence,-0.1563447735738564,278
2021-04-27,politeness,0.10152766357948208,278
2021-04-27,toxicity,-0.06293992661227134,278
2021-05-04,emotion_anger,-0.2804701305695959,207
2021-05-04,emotion_fear,0.01645399261593221,207
2021-05-04,emotion_joy,0.1855483890998077,207
2021-05-04,group_generalization_presence,-0.11993756660910075,207
2021-05-04,hate_speech_presence,-0.006848036529191657,207
2021-05-04,politeness,0.142798936607592,207
2021-05-04,toxicity,-0.2073550401522505,207
2021-05-11,emotion_anger,0.07066132787771141,343
2021-05-11,emotion_fear,-0.020529071487008287,343
2021-05-11,emotion_joy,-0.023437366071906798,343
2021-05-11,group_generalization_presence,0.13438983569409163,343
2021-05-11,hate_speech_presence,0.04108212521022895,343
2021-05-11,politeness,-0.15103547933277217,343
2021-05-11,toxicity,0.16241008410236274,343
2021-05-18,emotion_anger,-0.14818636197997107,310
2021-05-18,emotion_fear,0.03912142574466201,310
2021-05-18,emotion_joy,0.057622511293741636,310
2021-05-18,group_generalization_presence,0.019889985601067268,310
2021-05-18,hate_speech_presence,0.07085769560150951,310
2021-05-18,politeness,0.04022417398425189,310
2021-05-18,toxicity,-0.028734822500769003,310
2021-05-25,emotion_anger,-0.05443790636477593,287
2021-05-25,emotion_fear,0.09910751333238964,287
2021-05-25,emotion_joy,-0.07043625510548968,287
2021-05-25,group_generalization_presence,-0.06767048666603488,287
2021-05-25,hate_speech_presence,-0.11119821894956228,287
2021-05-25,politeness,0.02632985273767579,287
2021-05-25,toxicity,-0.06365192962002719,287
2021-06-01,emotion_anger,-0.1339910181646324,305
2021-06-01,emotion_fear,0.09353759083764826,305
2021-06-01,emotion_joy,0.10894615330117152,305
2021-06-01,group_generalization_presence,-0.0212639819698953,305
2021-06-01,hate_speech_presence,0.006073818857831902,305
2021-06-01,politeness,0.0035126462294826906,305
2021-06-01,toxicity,-0.065640066019648,305
2021-06-08,emotion_anger,-0.04421436102297065,266
2021-06-08,emotion_fear,0.05207676460696806,266
2021-06-08,emotion_joy,0.02286617608921913,266
2021-06-08,group_generalization_presence,-0.08971319251764388,266
2021-06-08,hate_speech_presence,-0.07979519593995756,266
2021-06-08,politeness,0.02110079369458557,266
2021-06-08,toxicity,-0.006678856682248237,266
2021-06-15,emotion_anger,0.03940776269488497,245
2021-06-15,emotion_fear,0.0730281963266829,245
2021-06-15,emotion_joy,-0.04431991518874836,245
2021-06-15,group_generalization_presence,-0.10577090195717535,245
2021-06-15,hate_speech_presence,-0.08224584462219565,245
2021-06-15,politeness,-0.08371879068150705,245
2021-06-15,toxicity,0.06578232161488501,245
2021-06-22,emotion_anger,0.028318142491229874,210
2021-06-22,emotion_fear,0.1594692533767068,210
2021-06-22,emotion_joy,0.12286987346234715,210
2021-06-22,group_generalization_presence,-0.1392581171241611,210
2021-06-22,hate_speech_presence,-0.09915306742082006,210
2021-06-22,politeness,0.0288209240634532,210
2021-06-22,toxicity,-0.056229623334478875,210
2021-06-29,emotion_anger,-0.03207321838826613,231
2021-06-29,emotion_fear,0.040821099541091685,231
2021-06-29,emotion_joy,0.0460593861324647,231
2021-06-29,group_generalization_presence,-0.04499347080703628,231
2021-06-29,hate_speech_presence,0.020078148617727897,231
2021-06-29,politeness,-0.008481906893476977,231
2021-06-29,toxicity,-0.010110638691392391,231
2021-07-06,emotion_anger,0.0608891013399252,224
2021-07-06,emotion_fear,0.11247711706205767,224
2021-07-06,emotion_joy,-0.12694709286051323,224
2021-07-06,group_generalization_presence,-0.006801449650867515,224
2021-07-06,hate_speech_presence,-0.013484229737836714,224
2021-07-06,politeness,-0.11614767657209034,224
2021-07-06,toxicity,0.17047912200369586,224
2021-07-13,emotion_anger,0.13228499079321676,267
2021-07-13,emotion_fear,0.2594633981250364,267
2021-07-13,emotion_joy,-0.04685494262143329,267
2021-07-13,group_generalization_presence,0.023765496251468125,267
2021-07-13,hate_speech_presence,-0.05927127342487946,267
2021-07-13,politeness,-0.09159145491023485,267
2021-07-13,toxicity,0.19822387241046885,267
2021-07-20,emotion_anger,0.15204944216512906,340
2021-07-20,emotion_fear,0.06993426122895001,340
2021-07-20,emotion_joy,-0.15774164120178708,340
2021-07-20,group_generalization_presence,-0.07734394346775302,340
2021-07-20,hate_speech_presence,-0.07526510603381555,340
2021-07-20,politeness,-0.18646794716173237,340
2021-07-20,toxicity,0.1308888115436761,340
2021-07-27,emotion_anger,0.12933749908270115,220
2021-07-27,emotion_fear,0.11194278748066704,220
2021-07-27,emotion_joy,-0.16434861413350726,220
2021-07-27,group_generalization_presence,-0.06406495713538513,220
2021-07-27,hate_speech_presence,-0.039313880403898965,220
2021-07-27,politeness,-0.13478676775144913,220
2021-07-27,toxicity,0.025667185713157004,220
2021-08-03,emotion_anger,0.04080487505279502,253
2021-08-03,emotion_fear,0.13779429636612872,253
2021-08-03,emotion_joy,-0.140606178744178,253
2021-08-03,group_generalization_presence,-0.04758668542071729,253
2021-08-03,hate_speech_presence,-0.11197639423954384,253
2021-08-03,politeness,-0.09476182484807476,253
2021-08-03,toxicity,0.09654962438815244,253
2021-08-10,emotion_anger,-0.10618200307988919,219
2021-08-10,emotion_fear,0.14662241449702787,219
2021-08-10,emotion_joy,-0.04466041285023587,219
2021-08-10,group_generalization_presence,-0.06921791460559165,219
2021-08-10,hate_speech_presence,-0.06370781633691293,219
2021-08-10,politeness,0.006560670908288202,219
2021-08-10,toxicity,-0.10879218185190451,219
2021-08-17,emotion_anger,-0.10723999569216383,221
2021-08-17,emotion_fear,0.020700671448019382,221
2021-08-17,emotion_joy,0.1984663235711749,221
2021-08-17,group_generalization_presence,0.16228564331726272,221
2021-08-17,hate_speech_presence,0.09945745684204528,221
2021-08-17,politeness,0.06944759569752294,221
2021-08-17,toxicity,-0.01963513241839395,221
2021-08-24,emotion_anger,0.10833850228239379,319
2021-08-24,emotion_fear,0.20877534026865383,319
2021-08-24,emotion_joy,-0.1088249394477149,319
2021-08-24,group_generalization_presence,0.05340543357636272,319
2021-08-24,hate_speech_presence,-0.017734370154659944,319
2021-08-24,politeness,-0.07575564938526022,319
2021-08-24,toxicity,0.1459025429365369,319
2021-08-31,emotion_anger,0.18396611740389554,363
2021-08-31,emotion_fear,0.1792703002968521,363
2021-08-31,emotion_joy,-0.15130251221299038,363
2021-08-31,group_generalization_presence,0.0068435576061848715,363
2021-08-31,hate_speech_presence,-0.03876209482573643,363
2021-08-31,politeness,-0.17680693039766007,363
2021-08-31,toxicity,0.1898792180445264,363
2021-09-07,emotion_anger,0.15604414937764594,256
2021-09-07,emotion_fear,0.13954856249095582,256
2021-09-07,emotion_joy,-0.053480080228023856,256
2021-09-07,group_generalization_presence,0.04480517064642253,256
2021-09-07,hate_speech_presence,-0.06579182243534006,256
2021-09-07,politeness,-0.17788613570265688,256
2021-09-07,toxicity,0.29215897346366804,256
2021-09-14,emotion_anger,0.2129926457155342,342
2021-09-14,emotion_fear,0.07820435086668301,342
2021-09-14,emotion_joy,-0.2123272743313955,342
2021-09-14,group_generalization_presence,0.03630569086627188,342
2021-09-14,hate_speech_presence,0.004761398841044857,342
2021-09-14,politeness,-0.1891183456926895,342
2021-09-14,toxicity,0.19456944510362179,342
2021-09-21,emotion_anger,-0.08240202659167876,407
2021-09-21,emotion_fear,-0.01659316518611969,407
2021-09-21,emotion_joy,0.06657095812056861,407
2021-09-21,group_generalization_presence,-0.03156037084001885,407
2021-09-21,hate_speech_presence,-0.09702437290683347,407
2021-09-21,politeness,0.02145992657550346,407
2021-09-21,toxicity,-0.08892689349399373,407
2021-09-28,emotion_anger,-0.028177115115556057,333
2021-09-28,emotion_fear,-0.08171670850762572,333
2021-09-28,emotion_joy,-0.10312713238415191,333
2021-09-28,group_generalization_presence,-0.08991232446654304,333
2021-09-28,hate_speech_presence,-0.14933420424134855,333
2021-09-28,politeness,0.003769700799244589,333
2021-09-28,toxicity,-0.05138840620065396,333
2021-10-05,emotion_anger,0.047921080506313087,354
2021-10-05,emotion_fear,0.04892739158207907,354
2021-10-05,emotion_joy,-0.029951710279015033,354
2021-10-05,group_generalization_presence,0.006366184766458064,354
2021-10-05,hate_speech_presence,-0.08407388808930695,354
2021-10-05,politeness,-0.00972001159325452,354
2021-10-05,toxicity,0.024353461113433453,354
2021-10-12,emotion_anger,0.0902315450845146,337
2021-10-12,emotion_fear,-0.01908627829760455,337
2021-10-12,emotion_joy,-0.04073274065763795,337
2021-10-12,group_generalization_presence,-0.026565757849820883,337
2021-10-12,hate_speech_presence,-0.033812878832324374,337
2021-10-12,politeness,-0.1067997972729497,337
2021-10-12,toxicity,0.15495493702111196,337
2021-10-19,emotion_anger,0.1211460117274649,314
2021-10-19,emotion_fear,0.2249451598292105,314
2021-10-19,emotion_joy,-0.13760803491702905,314
2021-10-19,group_generalization_presence,-0.021033162382786724,314
2021-10-19,hate_speech_presence,-0.12034704735822359,314
2021-10-19,politeness,-0.011279631065468606,314
2021-10-19,toxicity,0.17640949261333527,314
2021-10-26,emotion_anger,0.11750934567069682,277
2021-10-26,emotion_fear,0.0057622504274624994,277
2021-10-26,emotion_joy,-0.21043531968139853,277
2021-10-26,group_generalization_presence,-0.09858068000072262,277
2021-10-26,hate_speech_presence,-0.11772367326330818,277
2021-10-26,politeness,-0.1489907553948056,277
2021-10-26,toxicity,0.1315354671736745,277
2021-11-02,emotion_anger,0.1294866008158969,296
2021-11-02,emotion_fear,0.149785892796482,296
2021-11-02,emotion_joy,-0.1329746912749299,296
2021-11-02,group_generalization_presence,-0.026829340060956552,296
2021-11-02,hate_speech_presence,-0.06772506743900303,296
2021-11-02,politeness,-0.1741850048804844,296
2021-11-02,toxicity,0.08719812868079643,296
2021-11-09,emotion_anger,0.05949425129981135,318
2021-11-09,emotion_fear,0.02670526285091142,318
2021-11-09,emotion_joy,-0.049521518478927246,318
2021-11-09,group_generalization_presence,-0.09267894210871833,318
2021-11-09,hate_speech_presence,-0.11352294452396372,318
2021-11-09,politeness,-0.08738538617896405,318
2021-11-09,toxicity,0.10974672378096573,318
2021-11-16,emotion_anger,0.21189502694810214,352
2021-11-16,emotion_fear,0.1392431844565635,352
2021-11-16,emotion_joy,-0.16990745901540244,352
2021-11-16,group_generalization_presence,-0.09934205833726195,352
2021-11-16,hate_speech_presence,-0.06639221359644713,352
2021-11-16,politeness,-0.2279220675950323,352
2021-11-16,toxicity,0.2357079135441568,352
2021-11-23,emotion_anger,0.053850079613434375,216
2021-11-23,emotion_fear,0.1180825417076978,216
2021-11-23,emotion_joy,-0.11902938594056184,216
2021-11-23,group_generalization_presence,-0.1535350871481041,216
2021-11-23,hate_speech_presence,-0.11566289892282523,216
2021-11-23,politeness,-0.08088211018127689,216
2021-11-23,toxicity,0.05542994249586258,216
2021-11-30,emotion_anger,0.10432162297832814,355
2021-11-30,emotion_fear,0.15066505978936573,355
2021-11-30,emotion_joy,-0.004338292096210722,355
2021-11-30,group_generalization_presence,-0.020723106400598813,355
2021-11-30,hate_speech_presence,-0.10646295073094367,355
2021-11-30,politeness,-0.07730499804907112,355
2021-11-30,toxicity,0.22257097481726096,355
2021-12-07,emotion_anger,-9.580723189947427e-05,442
2021-12-07,emotion_fear,0.127136177591637,442
2021-12-07,emotion_joy,0.015084108982413762,442
2021-12-07,group_generalization_presence,-0.07289959669171099,442
2021-12-07,hate_speech_presence,-0.11562298425813468,442
2021-12-07,politeness,0.04104033241883746,442
2021-12-07,toxicity,0.057896464251112785,442
2021-12-14,emotion_anger,-0.10997455694170727,290
2021-12-14,emotion_fear,0.014917387385989562,290
2021-12-14,emotion_joy,0.18881041472940208,290
2021-12-14,group_generalization_presence,-0.14059074004800196,290
2021-12-14,hate_speech_presence,-0.06044391181239763,290
2021-12-14,politeness,0.002992554875114804,290
2021-12-14,toxicity,0.001978306123754523,290
2021-12-21,emotion_anger,-0.13298348579093908,214
2021-12-21,emotion_fear,0.053307863457577945,214
2021-12-21,emotion_joy,0.21757888863674604,214
2021-12-21,group_generalization_presence,-0.08268639677909323,214
2021-12-21,hate_speech_presence,-0.11070079534083906,214
2021-12-21,politeness,0.15352785545401224,214
2021-12-21,toxicity,-0.06799219359678957,214
2021-12-28,emotion_anger,-0.0625922913508005,262
2021-12-28,emotion_fear,0.13574720525469483,262
2021-12-28,emotion_joy,0.22979193019976218,262
2021-12-28,group_generalization_presence,-0.0818513221433665,262
2021-12-28,hate_speech_presence,-0.11377369491333418,262
2021-12-28,politeness,0.115756198801863,262
2021-12-28,toxicity,-0.00533528169208537,262
2022-01-04,emotion_anger,0.015280039288816947,290
2022-01-04,emotion_fear,0.1281812839792914,290
2022-01-04,emotion_joy,-0.023681419395620452,290
2022-01-04,group_generalization_presence,0.01522337598769687,290
2022-01-04,hate_speech_presence,0.03180183707471812,290
2022-01-04,politeness,0.020773783719049945,290
2022-01-04,toxicity,0.10004407034978637,290
2022-01-11,emotion_anger,-0.018717905104547326,271
2022-01-11,emotion_fear,0.15664395382192398,271
2022-01-11,emotion_joy,-0.008458462940593114,271
2022-01-11,group_generalization_presence,-0.014309931357685216,271
2022-01-11,hate_speech_presence,0.04531083925555968,271
2022-01-11,politeness,-0.0633424502975253,271
2022-01-11,toxicity,0.08790788741175526,271
2022-01-18,emotion_anger,0.08267554306640529,333
2022-01-18,emotion_fear,0.10865848790861356,333
2022-01-18,emotion_joy,0.06548023203498538,333
2022-01-18,group_generalization_presence,0.03905137031928278,333
2022-01-18,hate_speech_presence,-0.0158804686566744,333
2022-01-18,politeness,-0.08100247754517996,333
2022-01-18,toxicity,0.17784097223150547,333
2022-01-25,emotion_anger,0.01557354872660234,284
2022-01-25,emotion_fear,0.05409719070944109,284
2022-01-25,emotion_joy,-0.048935435646920794,284
2022-01-25,group_generalization_presence,-0.15551573470471264,284
2022-01-25,hate_speech_presence,-0.089570312059938,284
2022-01-25,politeness,-0.039964157511460985,284
2022-01-25,toxicity,0.0430982506824034,284
2022-02-01,emotion_anger,-0.18625935976425473,159
2022-02-01,emotion_fear,0.00860035745365755,159
2022-02-01,emotion_joy,0.31017835415678896,159
2022-02-01,group_generalization_presence,-0.0596629231381881,159
2022-02-01,hate_speech_presence,-0.06408372019924422,159
2022-02-01,politeness,0.14271837071240906,159
2022-02-01,toxicity,-0.19753326526880483,159
2022-02-08,emotion_anger,-0.03982945507380412,207
2022-02-08,emotion_fear,0.06221035397104742,207
2022-02-08,emotion_joy,0.13609736789110294,207
2022-02-08,group_generalization_presence,-0.14678322517045247,207
2022-02-08,hate_speech_presence,-0.053332277351236204,207
2022-02-08,politeness,0.09051103379949596,207
2022-02-08,toxicity,-0.027794489522848673,207
2022-02-15,emotion_anger,-0.06036269329395259,212
2022-02-15,emotion_fear,0.07948628509057615,212
2022-02-15,emotion_joy,0.04976939354671837,212
2022-02-15,group_generalization_presence,-0.08843479485681699,212
2022-02-15,hate_speech_presence,-0.06469611200038507,212
2022-02-15,politeness,0.11781315202391814,212
2022-02-15,toxicity,-0.14633459774879515,212
2022-02-22,emotion_anger,0.17159185580945077,271
2022-02-22,emotion_fear,0.2494878494811844,271
2022-02-22,emotion_joy,-0.15391628681186253,271
2022-02-22,group_generalization_presence,0.036867338906172206,271
2022-02-22,hate_speech_presence,0.05198768423997168,271
2022-02-22,politeness,-0.09918960080278874,271
2022-02-22,toxicity,0.12340176813339956,271
2022-03-01,emotion_anger,-0.041137828903849996,195
2022-03-01,emotion_fear,0.07435608727427832,195
2022-03-01,emotion_joy,-0.05397039676062805,195
2022-03-01,group_generalization_presence,0.16591013505491362,195
2022-03-01,hate_speech_presence,0.07171241400875658,195
2022-03-01,politeness,0.04289445060886775,195
2022-03-01,toxicity,-0.041955464157939215,195
2022-03-08,emotion_anger,0.030956072451753518,237
2022-03-08,emotion_fear,0.14962753723264588,237
2022-03-08,emotion_joy,-0.013990044970711915,237
2022-03-08,group_generalization_presence,-0.030175661379371558,237
2022-03-08,hate_speech_presence,-0.053211024461905135,237
2022-03-08,politeness,0.03830075901585052,237
2022-03-08,toxicity,-0.02438458307557485,237
2022-03-15,emotion_anger,0.13072646494583356,234
2022-03-15,emotion_fear,0.13564913392555536,234
2022-03-15,emotion_joy,-0.15851280691708844,234
2022-03-15,group_generalization_presence,0.02423388025753389,234
2022-03-15,hate_speech_presence,-0.08322911920137861,234
2022-03-15,politeness,-0.08359707897567357,234
2022-03-15,toxicity,0.11804166295216005,234
2022-03-22,emotion_anger,-0.1769531952584936,281
2022-03-22,emotion_fear,-0.003660989692625725,281
2022-03-22,emotion_joy,0.08720810611332405,281
2022-03-22,group_generalization_presence,-0.07864686707838632,281
2022-03-22,hate_speech_presence,-0.019095420000694318,281
2022-03-22,politeness,0.13285627069993225,281
2022-03-22,toxicity,-0.13822920178829917,281
2022-03-29,emotion_anger,0.12664585647053245,179
2022-03-29,emotion_fear,0.10561237526130897,179
2022-03-29,emotion_joy,-0.16458680313386248,179
2022-03-29,group_generalization_presence,0.052940713268053344,179
2022-03-29,hate_speech_presence,-0.03253563570138344,179
2022-03-29,politeness,0.006978092537824087,179
2022-03-29,toxicity,-0.01692311485944378,179
2022-04-05,emotion_anger,0.037620463945283816,211
2022-04-05,emotion_fear,0.08160540805177047,211
2022-04-05,emotion_joy,0.00480333923087307,211
2022-04-05,group_generalization_presence,0.11140554101628988,211
2022-04-05,hate_speech_presence,0.03371445663413928,211
2022-04-05,politeness,-0.07506622062918344,211
2022-04-05,toxicity,0.13549420155181138,211
2022-04-12,emotion_anger,0.032683845798103954,222
2022-04-12,emotion_fear,0.06686055360811503,222
2022-04-12,emotion_joy,0.02856720913996586,222
2022-04-12,group_generalization_presence,0.08964546658341634,222
2022-04-12,hate_speech_presence,0.036704812256369714,222
2022-04-12,politeness,0.054950147297014085,222
2022-04-12,toxicity,-0.05821918970670475,222
2022-04-19,emotion_anger,-0.2462966600775888,192
2022-04-19,emotion_fear,0.16944670634220657,192
2022-04-19,emotion_joy,0.1557410528124015,192
2022-04-19,group_generalization_presence,-0.15531140751008407,192
2022-04-19,hate_speech_presence,-0.06557949495429431,192
2022-04-19,politeness,0.18826650978616755,192
2022-04-19,toxicity,-0.18358857345025914,192
2022-04-26,emotion_anger,0.11374772306419666,216
2022-04-26,emotion_fear,0.24621928933540382,216
2022-04-26,emotion_joy,0.04166094163421052,216
2022-04-26,group_generalization_presence,0.18811682729073984,216
2022-04-26,hate_speech_presence,-0.002813638310674648,216
2022-04-26,politeness,-0.100021262093871,216
2022-04-26,toxicity,0.16394137954497826,216
2022-05-03,emotion_anger,0.15435180775971924,191
2022-05-03,emotion_fear,0.10222542181884027,191
2022-05-03,emotion_joy,-0.11989595582921617,191
2022-05-03,group_generalization_presence,-0.057725754062453526,191
2022-05-03,hate_speech_presence,-0.04383521118085884,191
2022-05-03,politeness,-0.10001170538614942,191
2022-05-03,toxicity,0.02675798730125954,191
2022-05-10,emotion_anger,0.3427481733863853,130
2022-05-10,emotion_fear,0.056096514178028314,130
2022-05-10,emotion_joy,-0.09503861731846132,130
2022-05-10,group_generalization_presence,0.04049158788998413,130
2022-05-10,hate_speech_presence,0.013425872780850568,130
2022-05-10,politeness,-0.3342283249869323,130
2022-05-10,toxicity,0.22626238307610694,130
2022-05-17,emotion_anger,-0.36551014073678545,170
2022-05-17,emotion_fear,-0.05474708293125149,170
2022-05-17,emotion_joy,0.3690996890420416,170
2022-05-17,group_generalization_presence,-0.07606660872062221,170
2022-05-17,hate_speech_presence,-0.03584799226272922,170
2022-05-17,politeness,0.29090241742476186,170
2022-05-17,toxicity,-0.29509117250978745,170
2022-05-24,emotion_anger,0.07275145557331623,193
2022-05-24,emotion_fear,0.19010350662826844,193
2022-05-24,emotion_joy,-0.15890507698411827,193
2022-05-24,group_generalization_presence,0.1590741214658532,193
2022-05-24,hate_speech_presence,0.03785514068130575,193
2022-05-24,politeness,0.07516935367285572,193
2022-05-24,toxicity,-0.015198876926174464,193
2022-05-31,emotion_anger,0.14466958699841936,241
2022-05-31,emotion_fear,0.017240832206741715,241
2022-05-31,emotion_joy,-0.11515083164430494,241
2022-05-31,group_generalization_presence,-0.06355117953758367,241
2022-05-31,hate_speech_presence,-0.0926699437791634,241
2022-05-31,politeness,-0.07696988348434672,241
2022-05-31,toxicity,0.03773099676432437,241
2022-06-07,emotion_anger,0.11438243835592718,151
2022-06-07,emotion_fear,0.2129488186254255,151
2022-06-07,emotion_joy,-0.031103243985276897,151
2022-06-07,group_generalization_presence,-0.05402336362552793,151
2022-06-07,hate_speech_presence,-0.014103834616373928,151
2022-06-07,politeness,0.029694252448083252,151
2022-06-07,toxicity,0.026228252821260897,151
2022-06-14,emotion_anger,0.01749571020786212,126
2022-06-14,emotion_fear,0.167635716436729,126
2022-06-14,emotion_joy,-0.04069290985282862,126
2022-06-14,group_generalization_presence,0.10799677927132538,126
2022-06-14,hate_speech_presence,0.05973137054730363,126
2022-06-14,politeness,-0.008180995380035522,126
2022-06-14,toxicity,-0.016941509817167504,126
2022-06-21,emotion_anger,0.20595411700723915,140
2022-06-21,emotion_fear,0.04217932773319612,140
2022-06-21,emotion_joy,-0.17449979638332946,140
2022-06-21,group_generalization_presence,0.07731691648105889,140
2022-06-21,hate_speech_presence,0.048944257613933874,140
2022-06-21,politeness,-0.18867882050730755,140
2022-06-21,toxicity,0.28219172056750047,140
2022-06-28,emotion_anger,-0.2974659960342951,140
2022-06-28,emotion_fear,0.1500220602026604,140
2022-06-28,emotion_joy,0.21496175174705182,140
2022-06-28,group_generalization_presence,-0.10850885757206163,140
2022-06-28,hate_speech_presence,-0.013839979471445881,140
2022-06-28,politeness,0.37834524797920305,140
2022-06-28,toxicity,-0.2513590048064496,140
2022-07-05,emotion_anger,0.1727605551162211,183
2022-07-05,emotion_fear,0.11489791874060191,183
2022-07-05,emotion_joy,-0.22482660367354937,183
2022-07-05,group_generalization_presence,-0.1119865541747425,183
2022-07-05,hate_speech_presence,-0.07750284910240378,183
2022-07-05,politeness,-0.13796537723504665,183
2022-07-05,toxicity,0.17187034879587917,183
2022-07-12,emotion_anger,-0.14699851210159565,136
2022-07-12,emotion_fear,-0.06130956508721693,136
2022-07-12,emotion_joy,0.0226514713091951,136
2022-07-12,group_generalization_presence,-0.11568167828430026,136
2022-07-12,hate_speech_presence,-0.1106603323258071,136
2022-07-12,politeness,0.15103174641392283,136
2022-07-12,toxicity,-0.16445593729095936,136
2022-07-19,emotion_anger,-0.1621672352444857,133
2022-07-19,emotion_fear,-0.1052571254571693,133
2022-07-19,emotion_joy,0.13105555945316633,133
2022-07-19,group_generalization_presence,-0.1466574857286218,133
2022-07-19,hate_speech_presence,-0.029952121913403643,133
2022-07-19,politeness,0.1359530928961342,133
2022-07-19,toxicity,-0.1623111812114059,133
2022-07-26,emotion_anger,0.023897476176535367,163
2022-07-26,emotion_fear,-0.04300971461954115,163
2022-07-26,emotion_joy,-0.005828383609447483,163
2022-07-26,group_generalization_presence,0.05829811452923837,163
2022-07-26,hate_speech_presence,0.050403868158046684,163
2022-07-26,politeness,-0.08359135511615719,163
2022-07-26,toxicity,0.18458119648105104,163
2022-08-02,emotion_anger,-0.11709243427383123,164
2022-08-02,emotion_fear,0.005958103603554504,164
2022-08-02,emotion_joy,-0.2004175143796938,164
2022-08-02,group_generalization_presence,-0.013463741255138252,164
2022-08-02,hate_speech_presence,-0.03386113225025031,164
2022-08-02,politeness,-0.058377951676389706,164
2022-08-02,toxicity,-0.07465990199734397,164
2022-08-09,emotion_anger,-0.1845015076879522,160
2022-08-09,emotion_fear,0.045034535584437055,160
2022-08-09,emotion_joy,0.19878671193222114,160
2022-08-09,group_generalization_presence,0.05448615421673535,160
2022-08-09,hate_speech_presence,0.037212795654752315,160
2022-08-09,politeness,0.056348408530082515,160
2022-08-09,toxicity,0.008581449955707438,160
2022-08-16,emotion_anger,-0.14989724949514155,150
2022-08-16,emotion_fear,0.06900952441835467,150
2022-08-16,emotion_joy,0.005609266578323206,150
2022-08-16,group_generalization_presence,-0.13760452052384745,150
2022-08-16,hate_speech_presence,0.006362416652671266,150
2022-08-16,politeness,0.09308900013826825,150
2022-08-16,toxicity,-0.09379560953396493,150
2022-08-23,emotion_anger,0.3119970284090762,188
2022-08-23,emotion_fear,0.09017846384958325,188
2022-08-23,emotion_joy,-0.17606135883746105,188
2022-08-23,group_generalization_presence,0.18002498960663227,188
2022-08-23,hate_speech_presence,-0.028303488659246943,188
2022-08-23,politeness,-0.25906831832788774,188
2022-08-23,toxicity,0.3882645915321015,188
2022-08-30,emotion_anger,-0.10750890327196508,200
2022-08-30,emotion_fear,0.03221854050794441,200
2022-08-30,emotion_joy,-0.06280887965790781,200
2022-08-30,group_generalization_presence,0.017924381188921788,200
2022-08-30,hate_speech_presence,-0.04641870164754389,200
2022-08-30,politeness,0.0549453328840825,200
2022-08-30,toxicity,-0.132769202975348,200
2022-09-06,emotion_anger,0.11057361095921048,162
2022-09-06,emotion_fear,0.2241235813173238,162
2022-09-06,emotion_joy,-0.050729089873165184,162
2022-09-06,group_generalization_presence,0.07593428497742657,162
2022-09-06,hate_speech_presence,-0.04342280936201798,162
2022-09-06,politeness,-0.01771063236555221,162
2022-09-06,toxicity,0.006219030476091575,162
2022-09-13,emotion_anger,-0.12296275867423591,183
2022-09-13,emotion_fear,-0.08554832889964063,183
2022-09-13,emotion_joy,0.03295272851067187,183
2022-09-13,group_generalization_presence,-0.10726827240820816,183
2022-09-13,hate_speech_presence,-0.07833739957160796,183
2022-09-13,politeness,0.052353638125682306,183
2022-09-13,toxicity,-0.11647693648536817,183
2022-09-20,emotion_anger,0.15189839333839997,182
2022-09-20,emotion_fear,0.11379410611195298,182
2022-09-20,emotion_joy,-0.02120627236600589,182
2022-09-20,group_generalization_presence,0.18356892905589087,182
2022-09-20,hate_speech_presence,0.05204131893774061,182
2022-09-20,politeness,-0.10458771523468717,182
2022-09-20,toxicity,0.10791191014417964,182
2022-09-27,emotion_anger,0.06797429336385796,185
2022-09-27,emotion_fear,0.05169163041256122,185
2022-09-27,emotion_joy,-0.13311087620874756,185
2022-09-27,group_generalization_presence,-0.0931541198808178,185
2022-09-27,hate_speech_presence,-0.06142793886909577,185
2022-09-27,politeness,-0.06362030620985192,185
2022-09-27,toxicity,0.03282403928667946,185
2022-10-04,emotion_anger,0.11811888993092991,174
2022-10-04,emotion_fear,0.07826647052216874,174
2022-10-04,emotion_joy,-0.10882300889159165,174
2022-10-04,group_generalization_presence,0.03423024464710276,174
2022-10-04,hate_speech_presence,-0.0002402700663743668,174
2022-10-04,politeness,-0.09328159094938467,174
2022-10-04,toxicity,0.07592334824062855,174
2022-10-11,emotion_anger,0.11041944651305038,208
2022-10-11,emotion_fear,0.05092502699575525,208
2022-10-11,emotion_joy,-0.03756338108764487,208
2022-10-11,group_generalization_presence,0.029692275552910503,208
2022-10-11,hate_speech_presence,-0.011430919222188463,208
2022-10-11,politeness,-0.11295663764965219,208
2022-10-11,toxicity,0.11626416449696324,208
2022-10-18,emotion_anger,-0.0846096815563181,148
2022-10-18,emotion_fear,0.019316236469528465,148
2022-10-18,emotion_joy,-0.015176921040108999,148
2022-10-18,group_generalization_presence,0.05829977472823785,148
2022-10-18,hate_speech_presence,0.020125742937168567,148
2022-10-18,politeness,0.09671564242488917,148
2022-10-18,toxicity,-0.09842643819762599,148
2022-10-25,emotion_anger,-0.11014147120160456,129
2022-10-25,emotion_fear,-0.0020433530956288203,129
2022-10-25,emotion_joy,-0.19759924260890077,129
2022-10-25,group_generalization_presence,0.027234143979775565,129
2022-10-25,hate_speech_presence,-0.04440105641689176,129
2022-10-25,politeness,0.05198705020255069,129
2022-10-25,toxicity,-0.19954087915810892,129
2022-11-01,emotion_anger,-0.058654868873667,186
2022-11-01,emotion_fear,0.06015609476900619,186
2022-11-01,emotion_joy,0.16399270750510325,186
2022-11-01,group_generalization_presence,0.20631835331972215,186
2022-11-01,hate_speech_presence,0.008905961656157377,186
2022-11-01,politeness,0.13586910566484764,186
2022-11-01,toxicity,-0.04599133056801999,186
2022-11-08,emotion_anger,0.1132384659433746,208
2022-11-08,emotion_fear,-0.06474137731416528,208
2022-11-08,emotion_joy,-0.024802099705632553,208
2022-11-08,group_generalization_presence,-0.14916419897663424,208
2022-11-08,hate_speech_presence,-0.0655923575494166,208
2022-11-08,politeness,-0.011822769122008855,208
2022-11-08,toxicity,0.09529395844466095,208
2022-11-15,emotion_anger,-0.15680748213726517,188
2022-11-15,emotion_fear,-0.08160784832296336,188
2022-11-15,emotion_joy,0.012340685452876653,188
2022-11-15,group_generalization_presence,-0.11883882917954583,188
2022-11-15,hate_speech_presence,-0.06569838311537624,188
2022-11-15,politeness,0.14807979118635775,188
2022-11-15,toxicity,-0.21058050371296258,188
2022-11-22,emotion_anger,0.04358846768392037,179
2022-11-22,emotion_fear,0.07688324719384633,179
2022-11-22,emotion_joy,-0.05408113428143376,179
2022-11-22,group_generalization_presence,0.07845557839589326,179
2022-11-22,hate_speech_presence,0.03281748978581661,179
2022-11-22,politeness,0.0069048333223682345,179
2022-11-22,toxicity,-0.060463892567985976,179
2022-11-29,emotion_anger,-0.1796423092187331,168
2022-11-29,emotion_fear,0.0015649017954944132,168
2022-11-29,emotion_joy,0.13566883415758707,168
2022-11-29,group_generalization_presence,0.07070817371209592,168
2022-11-29,hate_speech_presence,-0.043448817374350204,168
2022-11-29,politeness,0.16710490112647308,168
2022-11-29,toxicity,-0.16944282756506562,168
2022-12-06,emotion_anger,-0.2472427965387349,161
2022-12-06,emotion_fear,-0.052066044834519085,161
2022-12-06,emotion_joy,0.2869051688289772,161
2022-12-06,group_generalization_presence,-0.1628377220496055,161
2022-12-06,hate_speech_presence,-0.0587609213978717,161
2022-12-06,politeness,0.3006037674356304,161
2022-12-06,toxicity,-0.33198378620696994,161
2022-12-13,emotion_anger,-0.31907801408080444,177
2022-12-13,emotion_fear,-0.14253453007622652,177
2022-12-13,emotion_joy,0.31938020105830683,177
2022-12-13,group_generalization_presence,-0.09644447354821593,177
2022-12-13,hate_speech_presence,-0.05574338731363142,177
2022-12-13,politeness,0.2513408578161145,177
2022-12-13,toxicity,-0.242550943670716,177
2022-12-20,emotion_anger,-0.3073642373137166,183
2022-12-20,emotion_fear,-0.0621442576777461,183
2022-12-20,emotion_joy,0.5405436991038751,183
2022-12-20,group_generalization_presence,-0.08429829153985038,183
2022-12-20,hate_speech_presence,-0.07430170266137154,183
2022-12-20,politeness,0.28766450800230303,183
2022-12-20,toxicity,-0.2502164349927123,183
2022-12-27,emotion_anger,-0.0819710158777548,123
2022-12-27,emotion_fear,-0.00267219545701947,123
2022-12-27,emotion_joy,0.32155654470753414,123
2022-12-27,group_generalization_presence,-0.05785075879489682,123
2022-12-27,hate_speech_presence,-0.05097628797529907,123
2022-12-27,politeness,0.2951201183783258,123
2022-12-27,toxicity,-0.19985791127466732,123
2023-01-03,emotion_anger,-0.20815743137650644,180
2023-01-03,emotion_fear,-0.06404902283838426,180
2023-01-03,emotion_joy,0.1967030504364334,180
2023-01-03,group_generalization_presence,-0.07445150406941227,180
2023-01-03,hate_speech_presence,-0.056210077278978726,180
2023-01-03,politeness,0.22687163504398486,180
2023-01-03,toxicity,-0.293279351060235,180
2023-01-10,emotion_anger,-0.20273039136217838,224
2023-01-10,emotion_fear,-0.01791176294130137,224
2023-01-10,emotion_joy,0.2035022799919552,224
2023-01-10,group_generalization_presence,0.07490090903094837,224
2023-01-10,hate_speech_presence,-0.052083687612338204,224
2023-01-10,politeness,0.21702337542560662,224
2023-01-10,toxicity,-0.21828100337742445,224
2023-01-17,emotion_anger,-0.04221724959529011,176
2023-01-17,emotion_fear,-0.006115616194844509,176
2023-01-17,emotion_joy,0.06276137634038853,176
2023-01-17,group_generalization_presence,-0.09767073075210085,176
2023-01-17,hate_speech_presence,-0.09577257857849535,176
2023-01-17,politeness,0.11695164619505075,176
2023-01-17,toxicity,-0.09916487321918609,176
2023-01-24,emotion_anger,-0.08526765692528929,308
2023-01-24,emotion_fear,-0.0030021136947591164,308
2023-01-24,emotion_joy,0.031059225540786318,308
2023-01-24,group_generalization_presence,0.06345293149872525,308
2023-01-24,hate_speech_presence,0.03622954589098027,308
2023-01-24,politeness,0.10349819328851641,308
2023-01-24,toxicity,-0.03450558521213386,308
2023-01-31,emotion_anger,-0.07640999464958813,236
2023-01-31,emotion_fear,-0.06919317066642736,236
2023-01-31,emotion_joy,0.09654051183699089,236
2023-01-31,group_generalization_presence,-0.07599468299663159,236
2023-01-31,hate_speech_presence,-0.054392189376990294,236
2023-01-31,politeness,0.14380707899593217,236
2023-01-31,toxicity,-0.058399412848571974,236
2023-02-07,emotion_anger,-0.2726435818912623,262
2023-02-07,emotion_fear,-0.04916918133507501,262
2023-02-07,emotion_joy,0.09327490812096463,262
2023-02-07,group_generalization_presence,-0.07995658096478812,262
2023-02-07,hate_speech_presence,-0.054183099928096896,262
2023-02-07,politeness,0.18847313554057496,262
2023-02-07,toxicity,-0.2616437181254992,262
2023-02-14,emotion_anger,0.030255616366884272,232
2023-02-14,emotion_fear,0.040500725424602944,232
2023-02-14,emotion_joy,0.013959168754005921,232
2023-02-14,group_generalization_presence,0.0754600859645583,232
2023-02-14,hate_speech_presence,0.0567699330374873,232
2023-02-14,politeness,0.08228863948619981,232
2023-02-14,toxicity,0.004650209261390942,232
2023-02-21,emotion_anger,-0.13961685269814741,278
2023-02-21,emotion_fear,0.054087944694774875,278
2023-02-21,emotion_joy,0.24438644103466667,278
2023-02-21,group_generalization_presence,-0.035463594726655626,278
2023-02-21,hate_speech_presence,0.014124994868250038,278
2023-02-21,politeness,0.22166736903748632,278
2023-02-21,toxicity,-0.13077649132849845,278
2023-02-28,emotion_anger,0.2300610995867886,204
2023-02-28,emotion_fear,0.07476957521638304,204
2023-02-28,emotion_joy,-0.09420474699482619,204
2023-02-28,group_generalization_presence,0.03970825859134326,204
2023-02-28,hate_speech_presence,-0.04357847299168224,204
2023-02-28,politeness,-0.06363367569354796,204
2023-02-28,toxicity,0.17693550617521905,204
2023-03-07,emotion_anger,0.20683562018571874,152
2023-03-07,emotion_fear,-0.018647115707766213,152
2023-03-07,emotion_joy,-0.1103258641633045,152
2023-03-07,group_generalization_presence,0.07418177260298232,152
2023-03-07,hate_speech_presence,0.013748809501444791,152
2023-03-07,politeness,-0.1626852960096648,152
2023-03-07,toxicity,0.20523363673555084,152
2023-03-14,emotion_anger,-0.023763742107756516,169
2023-03-14,emotion_fear,0.030719274385731982,169
2023-03-14,emotion_joy,0.05397448134866355,169
2023-03-14,group_generalization_presence,-0.009446260059677641,169
2023-03-14,hate_speech_presence,-0.025092320960146616,169
2023-03-14,politeness,0.06440591884237327,169
2023-03-14,toxicity,-0.058852891900549945,169
2023-03-21,emotion_anger,0.04502550691642177,167
2023-03-21,emotion_fear,0.007221460452689924,167
2023-03-21,emotion_joy,0.07855887714968794,167
2023-03-21,group_generalization_presence,0.07655628217206467,167
2023-03-21,hate_speech_presence,-0.022720123598074186,167
2023-03-21,politeness,0.1499782993844818,167
2023-03-21,toxicity,-0.009581981048784098,167
2023-03-28,emotion_anger,0.030855861707013398,132
2023-03-28,emotion_fear,-0.09028011098608865,132
2023-03-28,emotion_joy,-0.06990649009656234,132
2023-03-28,group_generalization_presence,0.09554163615174609,132
2023-03-28,hate_speech_presence,0.043582591208371685,132
2023-03-28,politeness,-0.04405534102475107,132
2023-03-28,toxicity,0.030985616774083017,132
2023-04-04,emotion_anger,0.08152938075913355,185
2023-04-04,emotion_fear,0.0173485756956269,185
2023-04-04,emotion_joy,0.0378622769480239,185
2023-04-04,group_generalization_presence,0.12397813851832806,185
2023-04-04,hate_speech_presence,0.09029006218528493,185
2023-04-04,politeness,-0.021349018240193373,185
2023-04-04,toxicity,0.07125121450835653,185
2023-04-11,emotion_anger,-0.058356522739339806,182
2023-04-11,emotion_fear,0.061855368326771944,182
2023-04-11,emotion_joy,0.17999172589929346,182
2023-04-11,group_generalization_presence,0.08606483837964306,182
2023-04-11,hate_speech_presence,0.03776704776521034,182
2023-04-11,politeness,0.06574253435610046,182
2023-04-11,toxicity,-0.018934093436734745,182
2023-04-18,emotion_anger,-0.14485882389243337,229
2023-04-18,emotion_fear,-0.06907190960401291,229
2023-04-18,emotion_joy,0.16790973849890325,229
2023-04-18,group_generalization_presence,-0.04796169265354732,229
2023-04-18,hate_speech_presence,0.015183272504240808,229
2023-04-18,politeness,0.2063285637002491,229
2023-04-18,toxicity,-0.11361891045739042,229
2023-04-25,emotion_anger,0.20519475586366046,183
2023-04-25,emotion_fear,0.04429790825914238,183
2023-04-25,emotion_joy,0.021878153752984523,183
2023-04-25,group_generalization_presence,0.19727265701362495,183
2023-04-25,hate_speech_presence,0.1720237325902066,183
2023-04-25,politeness,-0.07564602148858711,183
2023-04-25,toxicity,0.12919547546542318,183
2023-05-02,emotion_anger,-0.06411454297210759,151
2023-05-02,emotion_fear,-0.11049699226861628,151
2023-05-02,emotion_joy,0.042638319516957415,151
2023-05-02,group_generalization_presence,-0.015630496439285373,151
2023-05-02,hate_speech_presence,-0.02923492147734834,151
2023-05-02,politeness,0.05065641158275332,151
2023-05-02,toxicity,0.001669065004277559,151
2023-05-09,emotion_anger,-0.03386980932311265,212
2023-05-09,emotion_fear,0.10984214706271947,212
2023-05-09,emotion_joy,0.029579308464813922,212
2023-05-09,group_generalization_presence,0.08428081465023368,212
2023-05-09,hate_speech_presence,0.11156925136991036,212
2023-05-09,politeness,0.10474253703153065,212
2023-05-09,toxicity,-0.013863524326326,212
2023-05-16,emotion_anger,0.0610176769973069,211
2023-05-16,emotion_fear,0.055466391491886494,211
2023-05-16,emotion_joy,-0.03152485436786342,211
2023-05-16,group_generalization_presence,-0.1231594111822626,211
2023-05-16,hate_speech_presence,-0.1060295791057583,211
2023-05-16,politeness,0.030172920939637356,211
2023-05-16,toxicity,0.05549015746349328,211
2023-05-23,emotion_anger,-0.05018117356578481,209
2023-05-23,emotion_fear,-0.012764115356049842,209
2023-05-23,emotion_joy,-0.0031544527704640427,209
2023-05-23,group_generalization_presence,-0.021030477205917338,209
2023-05-23,hate_speech_presence,-0.06735327987043144,209
2023-05-23,politeness,0.10108222721627043,209
2023-05-23,toxicity,0.021506901672327217,209
2023-05-30,emotion_anger,-0.10539575527474594,144
2023-05-30,emotion_fear,-0.09083321245322924,144
2023-05-30,emotion_joy,0.34964871120770735,144
2023-05-30,group_generalization_presence,-0.08495718530787152,144
2023-05-30,hate_speech_presence,-0.10905626974333787,144
2023-05-30,politeness,0.1478584975214927,144
2023-05-30,toxicity,-0.0764909758926937,144
2023-06-06,emotion_anger,-0.16967722396217233,208
2023-06-06,emotion_fear,-0.04860770950306913,208
2023-06-06,emotion_joy,0.13704231137194173,208
2023-06-06,group_generalization_presence,-0.04798650930396922,208
2023-06-06,hate_speech_presence,-0.02737125613639723,208
2023-06-06,politeness,0.15325938863526195,208
2023-06-06,toxicity,-0.18214899970316864,208
2023-06-13,emotion_anger,0.03242968759893245,167
2023-06-13,emotion_fear,0.10139490086931904,167
2023-06-13,emotion_joy,-0.021642285465033734,167
2023-06-13,group_generalization_presence,0.11959480390012656,167
2023-06-13,hate_speech_presence,0.04492668022327259,167
2023-06-13,politeness,-0.13198488376965195,167
2023-06-13,toxicity,0.14586676601512835,167
2023-06-20,emotion_anger,0.1713196729052087,264
2023-06-20,emotion_fear,0.07022377826384057,264
2023-06-20,emotion_joy,-0.10322830046362642,264
2023-06-20,group_generalization_presence,0.14738682325338762,264
2023-06-20,hate_speech_presence,-0.004324695672399861,264
2023-06-20,politeness,-0.11886699542557083,264
2023-06-20,toxicity,0.22619150150367637,264
2023-06-27,emotion_anger,0.2826913192554048,134
2023-06-27,emotion_fear,-0.0368335501827254,134
2023-06-27,emotion_joy,0.05166131679175871,134
2023-06-27,group_generalization_presence,0.12019592441650702,134
2023-06-27,hate_speech_presence,0.1484931077321547,134
2023-06-27,politeness,-0.25028700342809684,134
2023-06-27,toxicity,0.2847337871179861,134
2023-07-04,emotion_anger,0.12602351599234274,132
2023-07-04,emotion_fear,-0.047034027453802606,132
2023-07-04,emotion_joy,-0.1044892648454169,132
2023-07-04,group_generalization_presence,0.10938953571287778,132
2023-07-04,hate_speech_presence,-0.024922848301878273,132
2023-07-04,politeness,-0.05230374353135914,132
2023-07-04,toxicity,0.1253710982951346,132
2023-07-11,emotion_anger,0.08974859043249771,205
2023-07-11,emotion_fear,-0.04220463203365879,205
2023-07-11,emotion_joy,0.0301537037683263,205
2023-07-11,group_generalization_presence,0.04916344758059529,205
2023-07-11,hate_speech_presence,0.017873385150894233,205
2023-07-11,politeness,-0.05129137745874657,205
2023-07-11,toxicity,0.11563785391612355,205
2023-07-18,emotion_anger,-0.032165413888849435,185
2023-07-18,emotion_fear,-0.05649586039834892,185
2023-07-18,emotion_joy,0.015460790566074195,185
2023-07-18,group_generalization_presence,-0.07187827443566687,185
2023-07-18,hate_speech_presence,0.02470403192506908,185
2023-07-18,politeness,0.018033843949263884,185
2023-07-18,toxicity,-0.002893565408130878,185
2023-07-25,emotion_anger,-0.2505418984152843,141
2023-07-25,emotion_fear,-0.0788535055188334,141
2023-07-25,emotion_joy,-0.02222745123596805,141
2023-07-25,group_generalization_presence,-0.07777425064757003,141
2023-07-25,hate_speech_presence,-0.006248746919861092,141
2023-07-25,politeness,0.23748827749500984,141
2023-07-25,toxicity,-0.14792139588720737,141
2023-08-01,emotion_anger,0.10301184328498976,122
2023-08-01,emotion_fear,0.16938756737892927,122
2023-08-01,emotion_joy,0.047757499558689125,122
2023-08-01,group_generalization_presence,0.08537310752508062,122
2023-08-01,hate_speech_presence,0.11915544220657014,122
2023-08-01,politeness,-0.017480366316578438,122
2023-08-01,toxicity,0.11160581537695337,122
2023-08-08,emotion_anger,0.058525881635702326,196
2023-08-08,emotion_fear,0.030067513134034496,196
2023-08-08,emotion_joy,0.003972558766598697,196
2023-08-08,group_generalization_presence,0.13380499463159495,196
2023-08-08,hate_speech_presence,0.09689549921872624,196
2023-08-08,politeness,-0.015366208726213377,196
2023-08-08,toxicity,0.02340750305223496,196
2023-08-15,emotion_anger,0.2304401479688677,159
2023-08-15,emotion_fear,0.00563085559802707,159
2023-08-15,emotion_joy,-0.07753060314865885,159
2023-08-15,group_generalization_presence,0.06299780231828135,159
2023-08-15,hate_speech_presence,-0.035016546171268884,159
2023-08-15,politeness,-0.23338363461058126,159
2023-08-15,toxicity,0.25633610967613213,159
2023-08-22,emotion_anger,-0.07791570918712658,136
2023-08-22,emotion_fear,0.004773695208228532,136
2023-08-22,emotion_joy,-0.05080702495685559,136
2023-08-22,group_generalization_presence,-0.07960007444012929,136
2023-08-22,hate_speech_presence,-0.012634185549225825,136
2023-08-22,politeness,0.06253740397185324,136
2023-08-22,toxicity,-0.1176052303416591,136
2023-08-29,emotion_anger,0.054494197138378775,135
2023-08-29,emotion_fear,0.021258142003028387,135
2023-08-29,emotion_joy,-0.1043311966266843,135
2023-08-29,group_generalization_presence,0.044544065780890645,135
2023-08-29,hate_speech_presence,-0.04581081013231926,135
2023-08-29,politeness,-0.08233973918461988,135
2023-08-29,toxicity,0.10827101290081585,135
2023-09-05,emotion_anger,0.046495296833417715,142
2023-09-05,emotion_fear,0.15761526421321082,142
2023-09-05,emotion_joy,0.05336771561248406,142
2023-09-05,group_generalization_presence,-0.10500658970671807,142
2023-09-05,hate_speech_presence,-0.027898193421774388,142
2023-09-05,politeness,0.06662648600566774,142
2023-09-05,toxicity,0.05167717461304988,142
2023-09-12,emotion_anger,0.17635174503488507,181
2023-09-12,emotion_fear,0.08350676296320055,181
2023-09-12,emotion_joy,0.04689314718315269,181
2023-09-12,group_generalization_presence,0.0776596650271587,181
2023-09-12,hate_speech_presence,0.053446380277930534,181
2023-09-12,politeness,-0.03674633349083707,181
2023-09-12,toxicity,0.18084359357286692,181
2023-09-19,emotion_anger,0.1159480705762008,188
2023-09-19,emotion_fear,-0.01938392649034311,188
2023-09-19,emotion_joy,-0.007066387266734241,188
2023-09-19,group_generalization_presence,0.1221747345568571,188
2023-09-19,hate_speech_presence,0.07817958752003301,188
2023-09-19,politeness,-0.011737938710455606,188
2023-09-19,toxicity,0.1044146452495796,188
2023-09-26,emotion_anger,-0.0931135645002764,162
2023-09-26,emotion_fear,-0.03375253159557833,162
2023-09-26,emotion_joy,0.14658852996408556,162
2023-09-26,group_generalization_presence,0.07787783358072724,162
2023-09-26,hate_speech_presence,0.0008211036290582112,162
2023-09-26,politeness,0.084828120751972,162
2023-09-26,toxicity,0.05843914331866181,162
2023-10-03,emotion_anger,-0.057738545068361936,275
2023-10-03,emotion_fear,0.06859815421673592,275
2023-10-03,emotion_joy,-0.030878139028280613,275
2023-10-03,group_generalization_presence,0.09732406853818791,275
2023-10-03,hate_speech_presence,0.17016232414374408,275
2023-10-03,politeness,0.04448445521752489,275
2023-10-03,toxicity,0.055888250427138866,275
2023-10-10,emotion_anger,0.002081869809976046,170
2023-10-10,emotion_fear,0.03952458157009219,170
2023-10-10,emotion_joy,-0.033262232754669725,170
2023-10-10,group_generalization_presence,0.16069049852531858,170
2023-10-10,hate_speech_presence,0.14762496501027145,170
2023-10-10,politeness,0.06110847113481553,170
2023-10-10,toxicity,0.04774945767086014,170
2023-10-17,emotion_anger,0.05355530347578839,121
2023-10-17,emotion_fear,0.031050948759123675,121
2023-10-17,emotion_joy,0.09610018901188916,121
2023-10-17,group_generalization_presence,0.10364470529123135,121
2023-10-17,hate_speech_presence,-0.015107323919601652,121
2023-10-17,politeness,0.02322700064108885,121
2023-10-17,toxicity,0.07776100207969444,121
2023-10-24,emotion_anger,-0.029292531690747105,206
2023-10-24,emotion_fear,-0.04694733694141657,206
2023-10-24,emotion_joy,-0.005402129822228102,206
2023-10-24,group_generalization_presence,0.08199792163634458,206
2023-10-24,hate_speech_presence,0.02464838159493548,206
2023-10-24,politeness,0.11863344400425686,206
2023-10-24,toxicity,-0.06898313678895016,206
2023-10-31,emotion_anger,0.007105278621700064,172
2023-10-31,emotion_fear,0.01774019119972968,172
2023-10-31,emotion_joy,0.06206996177611509,172
2023-10-31,group_generalization_presence,-0.009824456073848686,172
2023-10-31,hate_speech_presence,0.028008425107683962,172
2023-10-31,politeness,0.02099999307665125,172
2023-10-31,toxicity,0.021352211915992545,172
2023-11-07,emotion_anger,0.043551627136768585,198
2023-11-07,emotion_fear,0.2186321868994846,198
2023-11-07,emotion_joy,-0.058630772974596665,198
2023-11-07,group_generalization_presence,0.19831046904618724,198
2023-11-07,hate_speech_presence,0.22027403532412274,198
2023-11-07,politeness,-0.09537466507921541,198
2023-11-07,toxicity,0.1605109224447952,198
2023-11-14,emotion_anger,0.019287148163554774,135
2023-11-14,emotion_fear,0.1367363401330588,135
2023-11-14,emotion_joy,0.12443154320859962,135
2023-11-14,group_generalization_presence,0.18047090385651227,135
2023-11-14,hate_speech_presence,0.1192361677447074,135
2023-11-14,politeness,0.05515205724996151,135
2023-11-14,toxicity,0.08975292056248026,135
2023-11-21,emotion_anger,-0.003126396118679175,204
2023-11-21,emotion_fear,0.12034575361255832,204
2023-11-21,emotion_joy,-0.01563172551014488,204
2023-11-21,group_generalization_presence,0.0243580039497541,204
2023-11-21,hate_speech_presence,0.10154181820276105,204
2023-11-21,politeness,0.05537103564677709,204
2023-11-21,toxicity,-0.0389766934595714,204
2023-11-28,emotion_anger,-0.1505048252573256,190
2023-11-28,emotion_fear,-0.1257904384669197,190
2023-11-28,emotion_joy,0.11282899820886824,190
2023-11-28,group_generalization_presence,-0.1055565892028559,190
2023-11-28,hate_speech_presence,-0.059675023600304966,190
2023-11-28,politeness,0.03453898924247972,190
2023-11-28,toxicity,-0.11286982640686319,190
2023-12-05,emotion_anger,0.08841943905288428,211
2023-12-05,emotion_fear,0.05104047079864401,211
2023-12-05,emotion_joy,-0.0023984060855281168,211
2023-12-05,group_generalization_presence,0.10413046451329167,211
2023-12-05,hate_speech_presence,0.10699464064798331,211
2023-12-05,politeness,0.09043487310727728,211
2023-12-05,toxicity,0.01178303271648604,211
2023-12-12,emotion_anger,0.13505201920041998,197
2023-12-12,emotion_fear,0.12125331436713539,197
2023-12-12,emotion_joy,0.0175077871175883,197
2023-12-12,group_generalization_presence,0.3969698344101633,197
2023-12-12,hate_speech_presence,0.40132421123063244,197
2023-12-12,politeness,-0.1729352962155355,197
2023-12-12,toxicity,0.2850171321306508,197
2023-12-19,emotion_anger,0.09150998887394432,156
2023-12-19,emotion_fear,0.09857808020674466,156
2023-12-19,emotion_joy,0.4757025755110998,156
2023-12-19,group_generalization_presence,0.31402660300356766,156
2023-12-19,hate_speech_presence,0.35810889309399524,156
2023-12-19,politeness,0.07561587126698581,156
2023-12-19,toxicity,0.18735446846499398,156
2023-12-26,emotion_anger,0.18286075356328185,152
2023-12-26,emotion_fear,0.10292334775836806,152
2023-12-26,emotion_joy,0.11267498535747653,152
2023-12-26,group_generalization_presence,0.15453063617835508,152
2023-12-26,hate_speech_presence,0.17002033583477438,152
2023-12-26,politeness,0.02159469923572217,152
2023-12-26,toxicity,0.07264323740050482,152
2024-01-02,emotion_anger,-0.0836751142592529,216
2024-01-02,emotion_fear,-0.08644806932249433,216
2024-01-02,emotion_joy,0.3306029539905541,216
2024-01-02,group_generalization_presence,-0.04169742031529274,216
2024-01-02,hate_speech_presence,0.02521914440726148,216
2024-01-02,politeness,0.03022260637912589,216
2024-01-02,toxicity,-0.10141099414159502,216
2024-01-09,emotion_anger,-0.07383383937984839,162
2024-01-09,emotion_fear,0.031310992306803696,162
2024-01-09,emotion_joy,0.08871717219791289,162
2024-01-09,group_generalization_presence,0.022982512338177566,162
2024-01-09,hate_speech_presence,0.07045248971774237,162
2024-01-09,politeness,0.02222504265414592,162
2024-01-09,toxicity,0.025485881291286955,162
2024-01-16,emotion_anger,0.08871656365521251,160
2024-01-16,emotion_fear,0.1393710432891546,160
2024-01-16,emotion_joy,0.18184000360274336,160
2024-01-16,group_generalization_presence,0.10686856420271593,160
2024-01-16,hate_speech_presence,0.2343723491359226,160
2024-01-16,politeness,0.04024395462531414,160
2024-01-16,toxicity,0.1506415608553205,160
2024-01-23,emotion_anger,0.05605966490377919,139
2024-01-23,emotion_fear,0.08980614708206995,139
2024-01-23,emotion_joy,0.08453700776441721,139
2024-01-23,group_generalization_presence,0.16357965501090616,139
2024-01-23,hate_speech_presence,0.20326997946867398,139
2024-01-23,politeness,0.038851457807834854,139
2024-01-23,toxicity,0.05515108808087122,139
2024-01-30,emotion_anger,-0.11938780441997505,111
2024-01-30,emotion_fear,-0.01724086779688576,111
2024-01-30,emotion_joy,0.17629217771274572,111
2024-01-30,group_generalization_presence,0.20932704604489602,111
2024-01-30,hate_speech_presence,0.28920000380751376,111
2024-01-30,politeness,0.1107978339744098,111
2024-01-30,toxicity,0.02356595496039204,111
2024-02-06,emotion_anger,0.12474062939414869,179
2024-02-06,emotion_fear,0.12983307705688138,179
2024-02-06,emotion_joy,-0.06797641664419544,179
2024-02-06,group_generalization_presence,0.23375724933331682,179
2024-02-06,hate_speech_presence,0.11785095114597062,179
2024-02-06,politeness,-0.06439562928034914,179
2024-02-06,toxicity,0.09157584067795306,179
2024-02-13,emotion_anger,0.3731925637767986,193
2024-02-13,emotion_fear,0.11047009420226532,193
2024-02-13,emotion_joy,-0.12692923494350195,193
2024-02-13,group_generalization_presence,0.4876527023020922,193
2024-02-13,hate_speech_presence,0.4444306482806677,193
2024-02-13,politeness,-0.33255420271997543,193
2024-02-13,toxicity,0.41201882572561466,193
2024-02-20,emotion_anger,0.08311496767227575,191
2024-02-20,emotion_fear,0.06680220538223457,191
2024-02-20,emotion_joy,0.04794126470096639,191
2024-02-20,group_generalization_presence,0.2835233379803214,191
2024-02-20,hate_speech_presence,0.20393353160260425,191
2024-02-20,politeness,0.019580390128451405,191
2024-02-20,toxicity,0.07907151602877091,191
2024-02-27,emotion_anger,-0.038720864707403484,139
2024-02-27,emotion_fear,0.048552383021171416,139
2024-02-27,emotion_joy,-0.0310839227931447,139
2024-02-27,group_generalization_presence,0.059051829063537814,139
2024-02-27,hate_speech_presence,0.02863540801423922,139
2024-02-27,politeness,0.10739038973717907,139
2024-02-27,toxicity,-0.053272064221584224,139
2024-03-05,emotion_anger,0.16676924982021885,188
2024-03-05,emotion_fear,0.21000265719618835,188
2024-03-05,emotion_joy,0.12871673746387832,188
2024-03-05,group_generalization_presence,0.41171882322537934,188
2024-03-05,hate_speech_presence,0.3038946573068081,188
2024-03-05,politeness,-0.024042711175519288,188
2024-03-05,toxicity,0.22347491550254667,188
2024-03-12,emotion_anger,0.14009585020195323,165
2024-03-12,emotion_fear,-0.03372307565667579,165
2024-03-12,emotion_joy,-0.026598441719077427,165
2024-03-12,group_generalization_presence,0.13153912995080724,165
2024-03-12,hate_speech_presence,0.17961694575019493,165
2024-03-12,politeness,-0.12858894542341467,165
2024-03-12,toxicity,0.1852926176287125,165
2024-03-19,emotion_anger,-0.19748672962039307,201
2024-03-19,emotion_fear,-0.010668119768779674,201
2024-03-19,emotion_joy,0.08035122673055548,201
2024-03-19,group_generalization_presence,-0.007687701171287275,201
2024-03-19,hate_speech_presence,0.13834602692682088,201
2024-03-19,politeness,0.09423027137945633,201
2024-03-19,toxicity,-0.09884239124456705,201
2024-03-26,emotion_anger,-0.2608983373857245,102
2024-03-26,emotion_fear,-0.10130461020481436,102
2024-03-26,emotion_joy,0.2670230189661674,102
2024-03-26,group_generalization_presence,0.013987356978717782,102
2024-03-26,hate_speech_presence,0.017344761285911336,102
2024-03-26,politeness,0.199589060251181,102
2024-03-26,toxicity,-0.1787745903992088,102
2024-04-02,emotion_anger,0.3372712052374027,178
2024-04-02,emotion_fear,-0.02219269720784159,178
2024-04-02,emotion_joy,-0.09003897712470577,178
2024-04-02,group_generalization_presence,0.15010215178217803,178
2024-04-02,hate_speech_presence,0.07067609665883304,178
2024-04-02,politeness,-0.2302310618791915,178
2024-04-02,toxicity,0.2563212340029792,178
2024-04-09,emotion_anger,0.04223118116236829,167
2024-04-09,emotion_fear,-0.0016082997119765137,167
2024-04-09,emotion_joy,-0.01727225328891656,167
2024-04-09,group_generalization_presence,0.02311628221081069,167
2024-04-09,hate_speech_presence,0.058953633390357335,167
2024-04-09,politeness,-0.025546054273027214,167
2024-04-09,toxicity,0.031206149646044127,167
2024-04-16,emotion_anger,0.16596688008202962,179
2024-04-16,emotion_fear,0.022613185470177277,179
2024-04-16,emotion_joy,0.03541644696178754,179
2024-04-16,group_generalization_presence,0.12861394113399968,179
2024-04-16,hate_speech_presence,0.1237457361921184,179
2024-04-16,politeness,-0.035640308486333684,179
2024-04-16,toxicity,0.12634051588598208,179
2024-04-23,emotion_anger,-0.18723381535372338,174
2024-04-23,emotion_fear,-0.02133519901100295,174
2024-04-23,emotion_joy,0.1847692351147142,174
2024-04-23,group_generalization_presence,-0.07807831150843147,174
2024-04-23,hate_speech_presence,-0.015241107275487555,174
2024-04-23,politeness,0.20106242174623307,174
2024-04-23,toxicity,-0.19578052967817663,174
2024-04-30,emotion_anger,-0.02887720787039333,187
2024-04-30,emotion_fear,0.01613348912735973,187
2024-04-30,emotion_joy,0.0319886026739622,187
2024-04-30,group_generalization_presence,0.01393769482730042,187
2024-04-30,hate_speech_presence,0.060801288801433574,187
2024-04-30,politeness,-0.007665639851604364,187
2024-04-30,toxicity,0.005998172252080122,187
2024-05-07,emotion_anger,0.2343627920901226,195
2024-05-07,emotion_fear,-0.012807691719934788,195
2024-05-07,emotion_joy,-0.06706499994677023,195
2024-05-07,group_generalization_presence,0.17550580156512646,195
2024-05-07,hate_speech_presence,0.21728975561133737,195
2024-05-07,politeness,-0.20739810172997888,195
2024-05-07,toxicity,0.24372205839315858,195
2024-05-14,emotion_anger,-0.022338877123258424,109
2024-05-14,emotion_fear,-0.026963942770619604,109
2024-05-14,emotion_joy,0.08940782946918316,109
2024-05-14,group_generalization_presence,-0.10739432576994361,109
2024-05-14,hate_speech_presence,0.007968106221628704,109
2024-05-14,politeness,0.1238432072661278,109
2024-05-14,toxicity,-0.12725785773836745,109
2024-05-21,emotion_anger,0.09018099105566962,96
2024-05-21,emotion_fear,0.03369117545964078,96
2024-05-21,emotion_joy,0.22766143040932074,96
2024-05-21,group_generalization_presence,0.4053907158646835,96
2024-05-21,hate_speech_presence,0.30191620907044403,96
2024-05-21,politeness,0.03775657170849039,96
2024-05-21,toxicity,0.17044832821696673,96
2024-05-28,emotion_anger,0.029203759316266956,87
2024-05-28,emotion_fear,-0.06331363882910433,87
2024-05-28,emotion_joy,0.2042894042984232,87
2024-05-28,group_generalization_presence,-0.09838927430661011,87
2024-05-28,hate_speech_presence,-0.0111743418541134,87
2024-05-28,politeness,-0.051228504510635944,87
2024-05-28,toxicity,-0.07978388350373797,87
2024-06-04,emotion_anger,0.2293405171599905,20
2024-06-04,emotion_fear,-0.011806110429015897,20
2024-06-04,emotion_joy,-0.018198207268936173,20
2024-06-04,group_generalization_presence,0.05222200530155587,20
2024-06-04,hate_speech_presence,0.21458488597967373,20
2024-06-04,politeness,-0.1712125130329898,20
2024-06-04,toxicity,0.03303681555851758,20
